Dataset,Estrutura,Operacao,TamanhoN,TempoTotal_s,TempoMedio_ns,Rotacoes,Comparacoes,Memoria,Altura,Dimensao,Observacao
Aleatorio,AVL,Insercao,100,0.000019,185.24,75,831,3200,7,"Sucesso"
Aleatorio,AVL,Busca,100,0.000010,102.37,75,1755,3200,7,"Sucesso"
Aleatorio,AVL,Remocao,100,0.000014,282.74,97,2331,3200,6,"Sucesso"
Aleatorio,BST,Insercao,100,0.000017,170.61,0,992,2400,11,"Sucesso"
Aleatorio,BST,Busca,100,0.000008,78.97,0,2184,2400,11,"Sucesso"
Aleatorio,BST,Remocao,100,0.000012,239.84,0,2771,2400,10,"Sucesso"
Aleatorio,Splay,Insercao,100,0.000048,484.55,653,981,3200,15,"Sucesso"
Aleatorio,Splay,Busca,100,0.000034,343.18,1475,2725,3200,15,"Sucesso"
Aleatorio,Splay,Remocao,100,0.000026,524.52,1920,3772,3200,12,"Sucesso"
Aleatorio,Treap,Insercao,100,0.000019,192.06,179,1734,3200,13,"Sucesso"
Aleatorio,Treap,Busca,100,0.000006,62.40,179,2778,3200,13,"Sucesso"
Aleatorio,Treap,Remocao,100,0.000008,159.90,273,3538,3200,9,"Sucesso"
Ordenado,AVL,Insercao,100,0.000012,116.02,93,1146,3200,6,"Sucesso"
Ordenado,AVL,Busca,100,0.000005,45.82,93,2075,3200,6,"Sucesso"
Ordenado,AVL,Remocao,100,0.000005,93.60,116,2413,3200,5,"Sucesso"
Ordenado,BST,Insercao,100,0.000029,288.58,0,9900,2400,99,"Sucesso"
Ordenado,BST,Busca,100,0.000010,104.31,0,20000,2400,99,"Sucesso"
Ordenado,BST,Remocao,100,0.000001,25.36,0,20150,2400,49,"Sucesso"
Ordenado,Splay,Insercao,100,0.000006,58.49,99,198,3200,99,"Sucesso"
Ordenado,Splay,Busca,100,0.000005,53.62,515,1130,3200,99,"Sucesso"
Ordenado,Splay,Remocao,100,0.000005,93.60,774,1848,3200,6,"Sucesso"
Ordenado,Treap,Insercao,100,0.000015,146.24,96,900,3200,11,"Sucesso"
Ordenado,Treap,Busca,100,0.000005,54.60,96,1811,3200,11,"Sucesso"
Ordenado,Treap,Remocao,100,0.000016,329.54,145,2332,3200,7,"Sucesso"
Decrescente,AVL,Insercao,100,0.000011,113.09,93,573,3200,6,"Sucesso"
Decrescente,AVL,Busca,100,0.000005,54.60,93,1484,3200,6,"Sucesso"
Decrescente,AVL,Remocao,100,0.000004,85.78,116,2035,3200,5,"Sucesso"
Decrescente,BST,Insercao,100,0.000030,300.28,0,4950,2400,99,"Sucesso"
Decrescente,BST,Busca,100,0.000011,105.29,0,10100,2400,99,"Sucesso"
Decrescente,BST,Remocao,100,0.000001,27.30,0,10250,2400,49,"Sucesso"
Decrescente,Splay,Insercao,100,0.000006,60.44,99,99,3200,99,"Sucesso"
Decrescente,Splay,Busca,100,0.000005,50.70,515,1031,3200,99,"Sucesso"
Decrescente,Splay,Remocao,100,0.000005,91.64,774,1699,3200,6,"Sucesso"
Decrescente,Treap,Insercao,100,0.000011,113.10,95,778,3200,12,"Sucesso"
Decrescente,Treap,Busca,100,0.000005,48.75,95,1814,3200,12,"Sucesso"
Decrescente,Treap,Remocao,100,0.000004,81.90,145,2476,3200,9,"Sucesso"
Decrescente,Trie,Insercao,100,0.000135,1354.19,0,4794,26568,23,"Sucesso"
Decrescente,Trie,Busca,100,0.000102,1020.76,0,9588,26568,23,"Sucesso"
Decrescente,Trie,Remocao,100,0.000068,1359.08,0,28259,26568,23,"Sucesso"
Decrescente,Patricia,Insercao,100,0.000113,1132.88,0,2697,26862,2,"Sucesso"
Decrescente,Patricia,Busca,100,0.000114,1139.70,0,5785,26862,2,"Sucesso"
Decrescente,Patricia,Remocao,100,0.000528,10550.78,0,11206,26862,2,"Sucesso"
Ordenado,Trie,Insercao,100,0.000113,1129.95,0,4384,25704,21,"Sucesso"
Ordenado,Trie,Busca,100,0.000125,1250.84,0,8768,25704,21,"Sucesso"
Ordenado,Trie,Remocao,100,0.000162,3238.74,0,23201,25704,21,"Sucesso"
Ordenado,Patricia,Insercao,100,0.000201,2006.42,0,2850,26574,3,"Sucesso"
Ordenado,Patricia,Busca,100,0.000220,2195.56,0,6018,26574,3,"Sucesso"
Ordenado,Patricia,Remocao,100,0.001731,34620.08,0,12563,26574,3,"Sucesso"
Aleatorio,Trie,Insercao,100,0.000438,4376.50,0,5088,139320,33,"Sucesso"
Aleatorio,Trie,Busca,100,0.000314,3139.30,0,10176,139320,33,"Sucesso"
Aleatorio,Trie,Remocao,100,0.000333,6651.02,0,29726,139320,33,"Sucesso"
Aleatorio,Patricia,Insercao,100,0.000227,2271.60,0,2763,38643,5,"Sucesso"
Aleatorio,Patricia,Busca,100,0.000245,2449.05,0,6388,38643,5,"Sucesso"
Aleatorio,Patricia,Remocao,100,0.000992,19834.16,0,13483,38643,5,"Sucesso"
Aleatorio,KDTree,Insercao,100,0.000049,487.47,0,1761,6400,11,"Dimensao=2"
Aleatorio,KDTree,Busca,100,0.000016,155.02,0,3822,6400,11,"Dimensao=2"
Clusterizado,KDTree,Insercao,100,0.000553,5527.90,0,0,0,-1,"Dimensao=3"
Clusterizado,KDTree,Busca,100,0.000741,7405.63,0,0,0,-1,"Dimensao=3"
Diagonal,KDTree,Insercao,100,0.000658,6581.81,0,0,0,-1,"Dimensao=4"
Diagonal,KDTree,Busca,100,0.000881,8813.45,0,0,0,-1,"Dimensao=4"
Aleatorio,AVL,Insercao,1000,0.000243,243.34,721,13411,32000,11,"Sucesso"
Aleatorio,AVL,Busca,1000,0.000079,79.36,721,27689,32000,11,"Sucesso"
Aleatorio,AVL,Remocao,1000,0.000110,219.17,946,35986,32000,10,"Sucesso"
Aleatorio,BST,Insercao,1000,0.000150,150.34,0,16786,24000,19,"Sucesso"
Aleatorio,BST,Busca,1000,0.000134,134.05,0,35572,24000,19,"Sucesso"
Aleatorio,BST,Remocao,1000,0.000108,215.66,0,45113,24000,17,"Sucesso"
Aleatorio,Splay,Insercao,1000,0.000357,357.41,11370,17028,32000,22,"Sucesso"
Aleatorio,Splay,Busca,1000,0.000396,396.31,24480,44248,32000,22,"Sucesso"
Aleatorio,Splay,Remocao,1000,0.000177,354.68,32367,60641,32000,25,"Sucesso"
Aleatorio,Treap,Insercao,1000,0.000234,233.59,2047,26627,32000,21,"Sucesso"
Aleatorio,Treap,Busca,1000,0.000109,109.29,2047,42930,32000,21,"Sucesso"
Aleatorio,Treap,Remocao,1000,0.000165,330.31,2971,54068,32000,21,"Sucesso"
Ordenado,AVL,Insercao,1000,0.000135,135.42,990,17954,32000,9,"Sucesso"
Ordenado,AVL,Busca,1000,0.000045,45.24,990,31978,32000,9,"Sucesso"
Ordenado,AVL,Remocao,1000,0.000050,99.05,1238,36469,32000,9,"Sucesso"
Ordenado,BST,Insercao,1000,0.002532,2532.40,0,999000,24000,999,"Sucesso"
Ordenado,BST,Busca,1000,0.000857,857.46,0,2000000,24000,999,"Sucesso"
Ordenado,BST,Remocao,1000,0.000008,15.40,0,2001500,24000,499,"Sucesso"
Ordenado,Splay,Insercao,1000,0.000037,36.95,999,1998,32000,999,"Sucesso"
Ordenado,Splay,Busca,1000,0.000053,53.13,5373,11746,32000,999,"Sucesso"
Ordenado,Splay,Remocao,1000,0.000047,93.20,8067,19134,32000,10,"Sucesso"
Ordenado,Treap,Insercao,1000,0.000090,89.79,990,20610,32000,20,"Sucesso"
Ordenado,Treap,Busca,1000,0.000166,165.64,990,37909,32000,20,"Sucesso"
Ordenado,Treap,Remocao,1000,0.000056,111.53,1491,42913,32000,18,"Sucesso"
Decrescente,AVL,Insercao,1000,0.000134,133.57,990,8977,32000,9,"Sucesso"
Decrescente,AVL,Busca,1000,0.000048,47.97,990,22914,32000,9,"Sucesso"
Decrescente,AVL,Remocao,1000,0.000034,67.86,1238,30646,32000,9,"Sucesso"
Decrescente,BST,Insercao,1000,0.002200,2199.95,0,499500,24000,999,"Sucesso"
Decrescente,BST,Busca,1000,0.001031,1030.61,0,1001000,24000,999,"Sucesso"
Decrescente,BST,Remocao,1000,0.000021,42.12,0,1002500,24000,499,"Sucesso"
Decrescente,Splay,Insercao,1000,0.000073,72.54,999,999,32000,999,"Sucesso"
Decrescente,Splay,Busca,1000,0.000048,47.77,5373,10747,32000,999,"Sucesso"
Decrescente,Splay,Remocao,1000,0.000063,125.77,8067,17635,32000,10,"Sucesso"
Decrescente,Treap,Insercao,1000,0.000164,164.28,994,10984,32000,17,"Sucesso"
Decrescente,Treap,Busca,1000,0.000216,216.34,994,28322,32000,17,"Sucesso"
Decrescente,Treap,Remocao,1000,0.000093,185.04,1497,38165,32000,17,"Sucesso"
Decrescente,Trie,Insercao,1000,0.002144,2143.70,0,48596,220752,24,"Sucesso"
Decrescente,Trie,Busca,1000,0.002493,2493.02,0,97192,220752,24,"Sucesso"
Decrescente,Trie,Remocao,1000,0.000722,1444.86,0,273070,220752,24,"Sucesso"
Decrescente,Patricia,Insercao,1000,0.001222,1221.89,0,29207,263299,3,"Sucesso"
Decrescente,Patricia,Busca,1000,0.001047,1046.89,0,61399,263299,3,"Sucesso"
Decrescente,Patricia,Remocao,1000,0.006484,12967.47,0,115377,263299,3,"Sucesso"
Ordenado,Trie,Insercao,1000,0.001405,1405.37,0,42596,220104,21,"Sucesso"
Ordenado,Trie,Busca,1000,0.001015,1014.81,0,85192,220104,21,"Sucesso"
Ordenado,Trie,Remocao,1000,0.000786,1571.80,0,232274,220104,21,"Sucesso"
Ordenado,Patricia,Insercao,1000,0.001116,1115.91,0,26174,263274,3,"Sucesso"
Ordenado,Patricia,Busca,1000,0.000926,926.29,0,55366,263274,3,"Sucesso"
Ordenado,Patricia,Remocao,1000,0.005504,11007.45,0,116978,263274,3,"Sucesso"
Aleatorio,Trie,Insercao,1000,0.031872,31872.21,0,51542,536328,33,"Sucesso"
Aleatorio,Trie,Busca,1000,0.003293,3293.44,0,103084,536328,33,"Sucesso"
Aleatorio,Trie,Remocao,1000,0.008434,16867.41,0,281453,536328,33,"Sucesso"
Aleatorio,Patricia,Insercao,1000,0.004538,4537.56,0,34665,345131,7,"Sucesso"
Aleatorio,Patricia,Busca,1000,0.002814,2813.67,0,73913,345131,7,"Sucesso"
Aleatorio,Patricia,Remocao,1000,0.009086,18172.86,0,158332,345131,7,"Sucesso"
Aleatorio,KDTree,Insercao,1000,0.000679,678.65,0,32022,64000,21,"Dimensao=2"
Aleatorio,KDTree,Busca,1000,0.000215,214.58,0,67044,64000,21,"Dimensao=2"
Clusterizado,KDTree,Insercao,1000,0.219773,219773.11,0,0,0,-1,"Dimensao=3"
Clusterizado,KDTree,Busca,1000,0.013674,13674.14,0,0,0,-1,"Dimensao=3"
Diagonal,KDTree,Insercao,1000,0.051452,51451.77,0,0,0,-1,"Dimensao=4"
Diagonal,KDTree,Busca,1000,0.014484,14484.07,0,0,0,-1,"Dimensao=4"
Aleatorio,AVL,Insercao,10000,0.002483,248.29,6880,180336,316032,15,"Sucesso"
Aleatorio,AVL,Busca,10000,0.001605,160.49,6880,378695,316032,15,"Sucesso"
Aleatorio,AVL,Remocao,10000,0.005189,1037.78,8934,485865,316032,14,"Sucesso"
Aleatorio,BST,Insercao,10000,0.004007,400.67,0,235262,237024,29,"Sucesso"
Aleatorio,BST,Busca,10000,0.001986,198.60,0,490400,237024,29,"Sucesso"
Aleatorio,BST,Remocao,10000,0.001334,266.80,0,621218,237024,25,"Sucesso"
Aleatorio,Splay,Insercao,10000,0.005919,591.92,161732,242685,316032,34,"Sucesso"
Aleatorio,Splay,Busca,10000,0.004247,424.69,340683,610587,316032,34,"Sucesso"
Aleatorio,Splay,Remocao,10000,0.003604,720.76,455674,838084,316032,31,"Sucesso"
Aleatorio,Treap,Insercao,10000,0.004052,405.21,19574,377924,316032,28,"Sucesso"
Aleatorio,Treap,Busca,10000,0.002780,278.02,19574,611734,316032,28,"Sucesso"
Aleatorio,Treap,Remocao,10000,0.002165,432.95,29513,756671,316032,25,"Sucesso"
Ordenado,AVL,Insercao,10000,0.001117,111.65,9986,247234,320000,13,"Sucesso"
Ordenado,AVL,Busca,10000,0.000671,67.14,9986,436210,320000,13,"Sucesso"
Ordenado,AVL,Remocao,10000,0.000647,129.45,12483,493006,320000,12,"Sucesso"
Ordenado,BST,Insercao,10000,0.249199,24919.92,0,99990000,240000,9999,"Sucesso"
Ordenado,BST,Busca,10000,0.113420,11342.03,0,200000000,240000,9999,"Sucesso"
Ordenado,BST,Remocao,10000,0.000076,15.21,0,200015000,240000,4999,"Sucesso"
Ordenado,Splay,Insercao,10000,0.000406,40.56,9999,19998,320000,9999,"Sucesso"
Ordenado,Splay,Busca,10000,0.000439,43.93,54111,118222,320000,9999,"Sucesso"
Ordenado,Splay,Remocao,10000,0.000423,84.55,81182,192364,320000,15,"Sucesso"
Ordenado,Treap,Insercao,10000,0.000826,82.56,9982,285843,320000,29,"Sucesso"
Ordenado,Treap,Busca,10000,0.000627,62.71,9982,537467,320000,29,"Sucesso"
Ordenado,Treap,Remocao,10000,0.000316,63.23,14975,600673,320000,27,"Sucesso"
Decrescente,AVL,Insercao,10000,0.000962,96.24,9986,123617,320000,13,"Sucesso"
Decrescente,AVL,Busca,10000,0.000534,53.41,9986,315534,320000,13,"Sucesso"
Decrescente,AVL,Remocao,10000,0.000436,87.11,12483,416626,320000,12,"Sucesso"
Decrescente,BST,Insercao,10000,0.250388,25038.85,0,49995000,240000,9999,"Sucesso"
Decrescente,BST,Busca,10000,0.079433,7943.29,0,100010000,240000,9999,"Sucesso"
Decrescente,BST,Remocao,10000,0.000076,15.29,0,100025000,240000,4999,"Sucesso"
Decrescente,Splay,Insercao,10000,0.000411,41.08,9999,9999,320000,9999,"Sucesso"
Decrescente,Splay,Busca,10000,0.000346,34.65,54111,108223,320000,9999,"Sucesso"
Decrescente,Splay,Remocao,10000,0.000324,64.83,81182,177365,320000,15,"Sucesso"
Decrescente,Treap,Insercao,10000,0.000623,62.26,9993,188376,320000,34,"Sucesso"
Decrescente,Treap,Busca,10000,0.000464,46.42,9993,443663,320000,34,"Sucesso"
Decrescente,Treap,Remocao,10000,0.000327,65.45,14989,566613,320000,29,"Sucesso"
Decrescente,Trie,Insercao,10000,0.008702,870.24,0,501960,2172096,25,"Sucesso"
Decrescente,Trie,Busca,10000,0.005349,534.87,0,1003920,2172096,25,"Sucesso"
Decrescente,Trie,Remocao,10000,0.003580,716.03,0,2739946,2172096,25,"Sucesso"
Decrescente,Patricia,Insercao,10000,0.007083,708.33,0,330231,2633201,5,"Sucesso"
Decrescente,Patricia,Busca,10000,0.005344,534.38,0,696151,2633201,5,"Sucesso"
Decrescente,Patricia,Remocao,10000,0.120198,24039.58,0,1455221,2633201,5,"Sucesso"
Ordenado,Trie,Insercao,10000,0.021089,2108.87,0,421960,2171232,21,"Sucesso"
Ordenado,Trie,Busca,10000,0.014679,1467.93,0,843920,2171232,21,"Sucesso"
Ordenado,Trie,Remocao,10000,0.013880,2776.04,0,2376501,2171232,21,"Sucesso"
Ordenado,Patricia,Insercao,10000,0.020854,2085.41,0,289875,2633170,5,"Sucesso"
Ordenado,Patricia,Busca,10000,0.011946,1194.62,0,615795,2633170,5,"Sucesso"
Ordenado,Patricia,Remocao,10000,0.170725,34144.97,0,1319715,2633170,5,"Sucesso"
Aleatorio,Trie,Insercao,10000,0.023698,2369.76,0,515122,2944080,33,"Sucesso"
Aleatorio,Trie,Busca,10000,0.011050,1105.04,0,1030244,2944080,33,"Sucesso"
Aleatorio,Trie,Remocao,10000,0.007447,1489.43,0,2739617,2944080,33,"Sucesso"
Aleatorio,Patricia,Insercao,10000,0.013587,1358.72,0,379843,3301854,7,"Sucesso"
Aleatorio,Patricia,Busca,10000,0.009536,953.63,0,792637,3301854,7,"Sucesso"
Aleatorio,Patricia,Remocao,10000,0.314619,62923.87,0,1733584,3301854,7,"Sucesso"
Aleatorio,KDTree,Insercao,10000,0.009437,943.69,0,463257,640000,30,"Dimensao=2"
Aleatorio,KDTree,Busca,10000,0.002764,276.42,0,956514,640000,30,"Dimensao=2"
Clusterizado,KDTree,Insercao,10000,0.153293,15329.31,0,0,0,-1,"Dimensao=3"
Clusterizado,KDTree,Busca,10000,0.167468,16746.81,0,0,0,-1,"Dimensao=3"
Diagonal,KDTree,Insercao,10000,0.184238,18423.85,0,0,0,-1,"Dimensao=4"
Diagonal,KDTree,Busca,10000,0.192393,19239.31,0,0,0,-1,"Dimensao=4"
Aleatorio,AVL,Insercao,50000,0.021131,422.63,33165,1069579,1516992,18,"Sucesso"
Aleatorio,AVL,Busca,50000,0.012609,252.18,33165,2210707,1516992,18,"Sucesso"
Aleatorio,AVL,Remocao,50000,0.010048,401.90,43588,2834173,1516992,16,"Sucesso"
Aleatorio,BST,Insercao,50000,0.018346,366.92,0,1409764,1137744,34,"Sucesso"
Aleatorio,BST,Busca,50000,0.009892,197.83,0,2916934,1137744,34,"Sucesso"
Aleatorio,BST,Remocao,50000,0.007373,294.93,0,3684765,1137744,32,"Sucesso"
Aleatorio,Splay,Insercao,50000,0.032382,647.65,971527,1459702,1516992,39,"Sucesso"
Aleatorio,Splay,Busca,50000,0.044634,892.69,2025415,3617478,1516992,39,"Sucesso"
Aleatorio,Splay,Remocao,50000,0.013383,535.32,2715151,4956799,1516992,50,"Sucesso"
Aleatorio,Treap,Insercao,50000,0.017476,349.52,94830,2341320,1516992,40,"Sucesso"
Aleatorio,Treap,Busca,50000,0.010922,218.45,94830,3847620,1516992,40,"Sucesso"
Aleatorio,Treap,Remocao,50000,0.007628,305.12,142705,4714212,1516992,33,"Sucesso"
Ordenado,AVL,Insercao,50000,0.004561,91.22,49984,1468930,1600000,15,"Sucesso"
Ordenado,AVL,Busca,50000,0.002486,49.72,49984,2601876,1600000,15,"Sucesso"
Ordenado,AVL,Remocao,50000,0.001996,79.84,62480,2939584,1600000,14,"Sucesso"
Ordenado,BST,Insercao,50000,6.512558,130251.15,0,2499950000,1200000,49999,"Sucesso"
Ordenado,BST,Busca,50000,2.548982,50979.65,0,5000000000,1200000,49999,"Sucesso"
Ordenado,BST,Remocao,50000,0.000456,18.24,0,5000075000,1200000,24999,"Sucesso"
Ordenado,Splay,Insercao,50000,0.001561,31.23,49999,99998,1600000,49999,"Sucesso"
Ordenado,Splay,Busca,50000,0.001583,31.67,270687,591374,1600000,49999,"Sucesso"
Ordenado,Splay,Remocao,50000,0.001534,61.36,406050,962100,1600000,18,"Sucesso"
Ordenado,Treap,Insercao,50000,0.003390,67.80,49987,1492044,1600000,34,"Sucesso"
Ordenado,Treap,Busca,50000,0.002230,44.59,49987,2892797,1600000,34,"Sucesso"
Ordenado,Treap,Remocao,50000,0.001426,57.03,74985,3256068,1600000,34,"Sucesso"
Decrescente,AVL,Insercao,50000,0.004240,84.79,49984,734465,1600000,15,"Sucesso"
Decrescente,AVL,Busca,50000,0.002013,40.25,49984,1854962,1600000,15,"Sucesso"
Decrescente,AVL,Remocao,50000,0.001694,67.74,62480,2467878,1600000,14,"Sucesso"
Decrescente,BST,Insercao,50000,7.828055,156561.09,0,1249975000,1200000,49999,"Sucesso"
Decrescente,BST,Busca,50000,2.879830,57596.61,0,2500050000,1200000,49999,"Sucesso"
Decrescente,BST,Remocao,50000,0.000432,17.29,0,2500125000,1200000,24999,"Sucesso"
Decrescente,Splay,Insercao,50000,0.001331,26.62,49999,49999,1600000,49999,"Sucesso"
Decrescente,Splay,Busca,50000,0.001511,30.23,270687,541375,1600000,49999,"Sucesso"
Decrescente,Splay,Remocao,50000,0.001351,54.04,406050,887101,1600000,18,"Sucesso"
Decrescente,Treap,Insercao,50000,0.002940,58.81,49994,1074002,1600000,42,"Sucesso"
Decrescente,Treap,Busca,50000,0.002262,45.24,49994,2637963,1600000,42,"Sucesso"
Decrescente,Treap,Remocao,50000,0.001444,57.78,74996,3304927,1600000,40,"Sucesso"
Decrescente,Trie,Insercao,50000,0.062923,1258.46,0,2449800,10858968,29,"Sucesso"
Decrescente,Trie,Busca,50000,1.305192,26103.84,0,4899600,10858968,29,"Sucesso"
Decrescente,Trie,Remocao,50000,0.020998,839.92,0,12866391,10858968,29,"Sucesso"
Decrescente,Patricia,Insercao,50000,0.049838,996.77,0,1741161,13166243,6,"Sucesso"
Decrescente,Patricia,Busca,50000,0.035263,705.26,0,3690761,13166243,6,"Sucesso"
Decrescente,Patricia,Remocao,50000,0.743187,29727.49,0,8068111,13166243,6,"Sucesso"
Ordenado,Trie,Insercao,50000,0.073863,1477.27,0,2709800,10861560,33,"Sucesso"
Ordenado,Trie,Busca,50000,0.043441,868.83,0,5419600,10861560,33,"Sucesso"
Ordenado,Trie,Remocao,50000,0.022038,881.53,0,15365935,10861560,33,"Sucesso"
Ordenado,Patricia,Insercao,50000,0.044172,883.43,0,1869352,13166490,7,"Sucesso"
Ordenado,Patricia,Busca,50000,0.032044,640.89,0,4008952,13166490,7,"Sucesso"
Ordenado,Patricia,Remocao,50000,0.814706,32588.25,0,8664552,13166490,7,"Sucesso"
Aleatorio,Trie,Insercao,50000,0.075515,1510.31,0,2578352,10792656,33,"Sucesso"
Aleatorio,Trie,Busca,50000,0.056670,1133.41,0,5156704,10792656,33,"Sucesso"
Aleatorio,Trie,Remocao,50000,0.028259,1130.34,0,13438060,10792656,33,"Sucesso"
Aleatorio,Patricia,Insercao,50000,0.048081,961.63,0,1936481,13027607,7,"Sucesso"
Aleatorio,Patricia,Busca,50000,0.038066,761.33,0,4010681,13027607,7,"Sucesso"
Aleatorio,Patricia,Remocao,50000,0.816636,32665.43,0,8793411,13027607,7,"Sucesso"
Aleatorio,KDTree,Insercao,50000,0.035628,712.55,0,2799337,3200000,38,"Dimensao=2"
Aleatorio,KDTree,Busca,50000,0.025227,504.53,0,5748674,3200000,38,"Dimensao=2"
Clusterizado,KDTree,Insercao,50000,1.475659,29513.17,0,0,0,-1,"Dimensao=3"
Clusterizado,KDTree,Busca,50000,1.505868,30117.36,0,0,0,-1,"Dimensao=3"
Diagonal,KDTree,Insercao,50000,3.429567,68591.34,0,0,0,-1,"Dimensao=4"
Diagonal,KDTree,Busca,50000,1.348836,26976.72,0,0,0,-1,"Dimensao=4"
Aleatorio,AVL,Insercao,100000,0.070256,702.56,63019,2277678,2880000,19,"Sucesso"
Aleatorio,AVL,Busca,100000,0.027352,273.52,63019,4701438,2880000,19,"Sucesso"
Aleatorio,AVL,Remocao,100000,0.049969,999.38,82993,6014373,2880000,17,"Sucesso"
Aleatorio,BST,Insercao,100000,0.042591,425.91,0,3012344,2160000,38,"Sucesso"
Aleatorio,BST,Busca,100000,0.042931,429.31,0,6214688,2160000,38,"Sucesso"
Aleatorio,BST,Remocao,100000,0.021503,430.05,0,7843102,2160000,35,"Sucesso"
Aleatorio,Splay,Insercao,100000,0.046184,461.84,2072080,3118130,2880000,47,"Sucesso"
Aleatorio,Splay,Busca,100000,0.043508,435.08,4298649,7671268,2880000,47,"Sucesso"
Aleatorio,Splay,Remocao,100000,0.023546,470.92,5762797,10500838,2880000,43,"Sucesso"
Aleatorio,Treap,Insercao,100000,0.036074,360.74,180080,4876102,2880000,38,"Sucesso"
Aleatorio,Treap,Busca,100000,0.036691,366.91,180080,7828146,2880000,38,"Sucesso"
Aleatorio,Treap,Remocao,100000,0.016710,334.21,274242,9570971,2880000,35,"Sucesso"
Ordenado,AVL,Insercao,100000,0.008742,87.42,99983,3137858,3200000,16,"Sucesso"
Ordenado,AVL,Busca,100000,0.004740,47.40,99983,5553733,3200000,16,"Sucesso"
Ordenado,AVL,Remocao,100000,0.003766,75.32,124979,6266649,3200000,15,"Sucesso"
Ordenado,BST,Insercao,100000,33.591410,335914.10,0,9999900000,2400000,99999,"Sucesso"
Ordenado,BST,Busca,100000,10.477651,104776.51,0,20000000000,2400000,99999,"Sucesso"
Ordenado,BST,Remocao,100000,0.000840,16.79,0,20000150000,2400000,49999,"Sucesso"
Ordenado,Splay,Insercao,100000,0.003168,31.68,99999,199998,3200000,99999,"Sucesso"
Ordenado,Splay,Busca,100000,0.004588,45.88,541425,1182850,3200000,99999,"Sucesso"
Ordenado,Splay,Remocao,100000,0.003644,72.89,812158,1924316,3200000,18,"Sucesso"
Ordenado,Treap,Insercao,100000,0.008199,81.99,99984,3187839,3200000,38,"Sucesso"
Ordenado,Treap,Busca,100000,0.005522,55.22,99984,6203932,3200000,38,"Sucesso"
Ordenado,Treap,Remocao,100000,0.003248,64.95,149978,7002689,3200000,37,"Sucesso"
Decrescente,AVL,Insercao,100000,0.011121,111.21,99983,1568929,3200000,16,"Sucesso"
Decrescente,AVL,Busca,100000,0.005421,54.21,99983,3959892,3200000,16,"Sucesso"
Decrescente,AVL,Remocao,100000,0.004924,98.47,124979,5260724,3200000,15,"Sucesso"
Decrescente,BST,Insercao,100000,44.664504,446645.04,0,4999950000,2400000,99999,"Sucesso"
Decrescente,BST,Busca,100000,10.564267,105642.67,0,10000100000,2400000,99999,"Sucesso"
Decrescente,BST,Remocao,100000,0.001075,21.49,0,10000250000,2400000,49999,"Sucesso"
Decrescente,Splay,Insercao,100000,0.003161,31.61,99999,99999,3200000,99999,"Sucesso"
Decrescente,Splay,Busca,100000,0.009404,94.04,541425,1082851,3200000,99999,"Sucesso"
Decrescente,Splay,Remocao,100000,0.004200,84.00,812158,1774317,3200000,18,"Sucesso"
Decrescente,Treap,Insercao,100000,0.008571,85.71,99991,2335356,3200000,38,"Sucesso"
Decrescente,Treap,Busca,100000,0.006581,65.81,99991,5443019,3200000,38,"Sucesso"
Decrescente,Treap,Remocao,100000,0.004428,88.56,149986,6683858,3200000,37,"Sucesso"
Decrescente,Trie,Insercao,100000,0.099662,996.62,0,5159600,21720096,33,"Sucesso"
Decrescente,Trie,Busca,100000,0.070324,703.24,0,10319200,21720096,33,"Sucesso"
Decrescente,Trie,Remocao,100000,0.039911,798.22,0,25796051,21720096,33,"Sucesso"
Decrescente,Patricia,Insercao,100000,0.098341,983.41,0,3702314,26332832,7,"Sucesso"
Decrescente,Patricia,Busca,100000,0.087044,870.44,0,7851514,26332832,7,"Sucesso"
Decrescente,Patricia,Remocao,100000,1.264746,25294.93,0,16822214,26332832,7,"Sucesso"
Ordenado,Trie,Insercao,100000,0.147868,1478.68,0,5159600,21720096,33,"Sucesso"
Ordenado,Trie,Busca,100000,0.084590,845.90,0,10319200,21720096,33,"Sucesso"
Ordenado,Trie,Remocao,100000,0.063933,1278.65,0,29696208,21720096,33,"Sucesso"
Ordenado,Patricia,Insercao,100000,0.107622,1076.22,0,3668714,26332680,7,"Sucesso"
Ordenado,Patricia,Busca,100000,0.063939,639.39,0,7817914,26332680,7,"Sucesso"
Ordenado,Patricia,Remocao,100000,1.268755,25375.09,0,17107114,26332680,7,"Sucesso"
Aleatorio,Trie,Insercao,100000,0.213738,2137.38,0,5159896,19642824,33,"Sucesso"
Aleatorio,Trie,Busca,100000,0.101701,1017.01,0,10319792,19642824,33,"Sucesso"
Aleatorio,Trie,Remocao,100000,0.071767,1435.34,0,26748530,19642824,33,"Sucesso"
Aleatorio,Patricia,Insercao,100000,0.098366,983.66,0,3898112,23803506,7,"Sucesso"
Aleatorio,Patricia,Busca,100000,0.082791,827.91,0,8047832,23803506,7,"Sucesso"
Aleatorio,Patricia,Remocao,100000,1.206703,24134.07,0,17566607,23803506,7,"Sucesso"
Aleatorio,KDTree,Insercao,100000,0.080434,804.34,0,6018630,6400000,40,"Dimensao=2"
Aleatorio,KDTree,Busca,100000,0.036629,366.29,0,12337260,6400000,40,"Dimensao=2"
Clusterizado,KDTree,Insercao,100000,2.335386,23353.86,0,0,0,-1,"Dimensao=3"
Clusterizado,KDTree,Busca,100000,1.923034,19230.34,0,0,0,-1,"Dimensao=3"
Diagonal,KDTree,Insercao,100000,2.728404,27284.04,0,0,0,-1,"Dimensao=4"
Diagonal,KDTree,Busca,100000,2.655342,26553.42,0,0,0,-1,"Dimensao=4"
Aleatorio,AVL,Insercao,100,0.000018,178.49,75,831,3200,7,"Sucesso"
Aleatorio,AVL,Busca,100,0.000009,85.37,75,1755,3200,7,"Sucesso"
Aleatorio,AVL,Remocao,100,0.000011,225.06,97,2331,3200,6,"Sucesso"
Aleatorio,BST,Insercao,100,0.000016,160.06,0,992,2400,11,"Sucesso"
Aleatorio,BST,Busca,100,0.000008,77.61,0,2184,2400,11,"Sucesso"
Aleatorio,BST,Remocao,100,0.000008,159.08,0,2771,2400,10,"Sucesso"
Aleatorio,Splay,Insercao,100,0.000034,337.58,653,981,3200,15,"Sucesso"
Aleatorio,Splay,Busca,100,0.000030,296.84,1475,2725,3200,15,"Sucesso"
Aleatorio,Splay,Remocao,100,0.000019,372.50,1920,3772,3200,12,"Sucesso"
Aleatorio,Treap,Insercao,100,0.000022,219.23,175,1535,3200,10,"Sucesso"
Aleatorio,Treap,Busca,100,0.000008,76.64,175,2524,3200,10,"Sucesso"
Aleatorio,Treap,Remocao,100,0.000010,195.94,265,3220,3200,7,"Sucesso"
Ordenado,AVL,Insercao,100,0.000013,129.02,93,1146,3200,6,"Sucesso"
Ordenado,AVL,Busca,100,0.000006,60.14,93,2075,3200,6,"Sucesso"
Ordenado,AVL,Remocao,100,0.000005,108.64,116,2413,3200,5,"Sucesso"
Ordenado,BST,Insercao,100,0.000027,270.65,0,9900,2400,99,"Sucesso"
Ordenado,BST,Busca,100,0.000010,95.07,0,20000,2400,99,"Sucesso"
Ordenado,BST,Remocao,100,0.000001,21.34,0,20150,2400,49,"Sucesso"
Ordenado,Splay,Insercao,100,0.000005,52.38,99,198,3200,99,"Sucesso"
Ordenado,Splay,Busca,100,0.000005,45.59,515,1130,3200,99,"Sucesso"
Ordenado,Splay,Remocao,100,0.000004,89.24,774,1848,3200,6,"Sucesso"
Ordenado,Treap,Insercao,100,0.000011,105.73,96,1158,3200,13,"Sucesso"
Ordenado,Treap,Busca,100,0.000005,49.47,96,2151,3200,13,"Sucesso"
Ordenado,Treap,Remocao,100,0.000003,50.44,143,2564,3200,12,"Sucesso"
Decrescente,AVL,Insercao,100,0.000008,79.55,93,573,3200,6,"Sucesso"
Decrescente,AVL,Busca,100,0.000004,35.90,93,1484,3200,6,"Sucesso"
Decrescente,AVL,Remocao,100,0.000003,64.02,116,2035,3200,5,"Sucesso"
Decrescente,BST,Insercao,100,0.000026,259.00,0,4950,2400,99,"Sucesso"
Decrescente,BST,Busca,100,0.000010,95.06,0,10100,2400,99,"Sucesso"
Decrescente,BST,Remocao,100,0.000001,25.22,0,10250,2400,49,"Sucesso"
Decrescente,Splay,Insercao,100,0.000005,53.35,99,99,3200,99,"Sucesso"
Decrescente,Splay,Busca,100,0.000005,46.56,515,1031,3200,99,"Sucesso"
Decrescente,Splay,Remocao,100,0.000004,85.38,774,1699,3200,6,"Sucesso"
Decrescente,Treap,Insercao,100,0.000010,103.80,94,810,3200,11,"Sucesso"
Decrescente,Treap,Busca,100,0.000004,43.65,94,1797,3200,11,"Sucesso"
Decrescente,Treap,Remocao,100,0.000003,62.08,146,2317,3200,9,"Sucesso"
Decrescente,Trie,Insercao,100,0.000140,1395.91,0,4794,26568,23,"Sucesso"
Decrescente,Trie,Busca,100,0.000102,1015.65,0,9588,26568,23,"Sucesso"
Decrescente,Trie,Remocao,100,0.000068,1361.96,0,28259,26568,23,"Sucesso"
Decrescente,Patricia,Insercao,100,0.000135,1354.19,0,2697,26862,2,"Sucesso"
Decrescente,Patricia,Busca,100,0.000202,2024.51,0,5785,26862,2,"Sucesso"
Decrescente,Patricia,Remocao,100,0.000100,2004.12,0,11206,26862,2,"Sucesso"
Ordenado,Trie,Insercao,100,0.000123,1234.88,0,4384,25704,21,"Sucesso"
Ordenado,Trie,Busca,100,0.000111,1111.68,0,8768,25704,21,"Sucesso"
Ordenado,Trie,Remocao,100,0.000055,1107.80,0,23201,25704,21,"Sucesso"
Ordenado,Patricia,Insercao,100,0.000120,1204.80,0,2850,26574,3,"Sucesso"
Ordenado,Patricia,Busca,100,0.000097,974.91,0,6018,26574,3,"Sucesso"
Ordenado,Patricia,Remocao,100,0.000115,2295.14,0,12563,26574,3,"Sucesso"
Aleatorio,Trie,Insercao,100,0.000301,3012.02,0,5088,139320,33,"Sucesso"
Aleatorio,Trie,Busca,100,0.000135,1347.40,0,10176,139320,33,"Sucesso"
Aleatorio,Trie,Remocao,100,0.000230,4594.18,0,29726,139320,33,"Sucesso"
Aleatorio,Patricia,Insercao,100,0.000255,2552.21,0,2763,38643,5,"Sucesso"
Aleatorio,Patricia,Busca,100,0.000139,1389.12,0,6388,38643,5,"Sucesso"
Aleatorio,Patricia,Remocao,100,0.000056,1119.44,0,13483,38643,5,"Sucesso"
Aleatorio,KDTree,Insercao,100,0.000117,1171.83,0,1761,6400,11,"Dimensao=2"
Aleatorio,KDTree,Busca,100,0.000014,140.65,0,3822,6400,11,"Dimensao=2"
Aleatorio,KDTree,Remocao,50,0.000017,339.52,0,5601,6400,10,"Dimensao=2"
Clusterizado,KDTree,Insercao,100,0.000032,324.97,0,2007,7200,12,"Dimensao=3"
Clusterizado,KDTree,Busca,100,0.000016,161.03,0,4414,7200,12,"Dimensao=3"
Clusterizado,KDTree,Remocao,50,0.000109,2186.50,0,6687,7200,11,"Dimensao=3"
Diagonal,KDTree,Insercao,100,0.000082,816.79,0,14850,8000,99,"Dimensao=4"
Diagonal,KDTree,Busca,100,0.000037,367.65,0,30200,8000,99,"Dimensao=4"
Diagonal,KDTree,Remocao,50,0.000181,3620.26,0,89500,8000,49,"Dimensao=4"
Aleatorio,AVL,Insercao,1000,0.000184,184.31,721,13411,32000,11,"Sucesso"
Aleatorio,AVL,Busca,1000,0.000076,75.76,721,27689,32000,11,"Sucesso"
Aleatorio,AVL,Remocao,1000,0.000084,168.40,946,35986,32000,10,"Sucesso"
Aleatorio,BST,Insercao,1000,0.000129,129.21,0,16786,24000,19,"Sucesso"
Aleatorio,BST,Busca,1000,0.000073,73.34,0,35572,24000,19,"Sucesso"
Aleatorio,BST,Remocao,1000,0.000064,128.82,0,45113,24000,17,"Sucesso"
Aleatorio,Splay,Insercao,1000,0.000333,333.31,11370,17028,32000,22,"Sucesso"
Aleatorio,Splay,Busca,1000,0.000308,308.28,24480,44248,32000,22,"Sucesso"
Aleatorio,Splay,Remocao,1000,0.000204,408.59,32367,60641,32000,25,"Sucesso"
Aleatorio,Treap,Insercao,1000,0.000175,174.71,1996,27970,32000,19,"Sucesso"
Aleatorio,Treap,Busca,1000,0.000093,92.74,1996,44148,32000,19,"Sucesso"
Aleatorio,Treap,Remocao,1000,0.000101,202.35,3019,54958,32000,18,"Sucesso"
Ordenado,AVL,Insercao,1000,0.000109,109.33,990,17954,32000,9,"Sucesso"
Ordenado,AVL,Busca,1000,0.000053,53.16,990,31978,32000,9,"Sucesso"
Ordenado,AVL,Remocao,1000,0.000029,58.78,1238,36469,32000,9,"Sucesso"
Ordenado,BST,Insercao,1000,0.003301,3301.29,0,999000,24000,999,"Sucesso"
Ordenado,BST,Busca,1000,0.001505,1505.04,0,2000000,24000,999,"Sucesso"
Ordenado,BST,Remocao,1000,0.000027,53.16,0,2001500,24000,499,"Sucesso"
Ordenado,Splay,Insercao,1000,0.000106,106.22,999,1998,32000,999,"Sucesso"
Ordenado,Splay,Busca,1000,0.000060,60.24,5373,11746,32000,999,"Sucesso"
Ordenado,Splay,Remocao,1000,0.000054,107.09,8067,19134,32000,10,"Sucesso"
Ordenado,Treap,Insercao,1000,0.000143,143.37,993,19551,32000,21,"Sucesso"
Ordenado,Treap,Busca,1000,0.000077,77.31,993,36055,32000,21,"Sucesso"
Ordenado,Treap,Remocao,1000,0.000111,221.56,1490,41040,32000,21,"Sucesso"
Decrescente,AVL,Insercao,1000,0.000193,192.56,990,8977,32000,9,"Sucesso"
Decrescente,AVL,Busca,1000,0.000114,114.47,990,22914,32000,9,"Sucesso"
Decrescente,AVL,Remocao,1000,0.000072,144.93,1238,30646,32000,9,"Sucesso"
Decrescente,BST,Insercao,1000,0.002620,2619.63,0,499500,24000,999,"Sucesso"
Decrescente,BST,Busca,1000,0.001116,1116.14,0,1001000,24000,999,"Sucesso"
Decrescente,BST,Remocao,1000,0.000014,27.16,0,1002500,24000,499,"Sucesso"
Decrescente,Splay,Insercao,1000,0.000043,43.17,999,999,32000,999,"Sucesso"
Decrescente,Splay,Busca,1000,0.000035,35.31,5373,10747,32000,999,"Sucesso"
Decrescente,Splay,Remocao,1000,0.000034,67.32,8067,17635,32000,10,"Sucesso"
Decrescente,Treap,Insercao,1000,0.000135,134.84,990,15572,32000,21,"Sucesso"
Decrescente,Treap,Busca,1000,0.000072,71.98,990,32746,32000,21,"Sucesso"
Decrescente,Treap,Remocao,1000,0.000059,118.54,1485,40315,32000,19,"Sucesso"
Decrescente,Trie,Insercao,1000,0.001778,1778.40,0,48596,220752,24,"Sucesso"
Decrescente,Trie,Busca,1000,0.002799,2799.38,0,97192,220752,24,"Sucesso"
Decrescente,Trie,Remocao,1000,0.001086,2171.95,0,273070,220752,24,"Sucesso"
Decrescente,Patricia,Insercao,1000,0.001056,1056.00,0,29207,263299,3,"Sucesso"
Decrescente,Patricia,Busca,1000,0.000757,757.03,0,61399,263299,3,"Sucesso"
Decrescente,Patricia,Remocao,1000,0.000581,1162.90,0,115377,263299,3,"Sucesso"
Ordenado,Trie,Insercao,1000,0.000815,814.55,0,42596,220104,21,"Sucesso"
Ordenado,Trie,Busca,1000,0.002149,2149.25,0,85192,220104,21,"Sucesso"
Ordenado,Trie,Remocao,1000,0.000983,1965.91,0,232274,220104,21,"Sucesso"
Ordenado,Patricia,Insercao,1000,0.001008,1007.98,0,26174,263274,3,"Sucesso"
Ordenado,Patricia,Busca,1000,0.000918,918.35,0,55366,263274,3,"Sucesso"
Ordenado,Patricia,Remocao,1000,0.000643,1285.71,0,116978,263274,3,"Sucesso"
Aleatorio,Trie,Insercao,1000,0.003461,3461.16,0,51542,536328,33,"Sucesso"
Aleatorio,Trie,Busca,1000,0.001151,1150.97,0,103084,536328,33,"Sucesso"
Aleatorio,Trie,Remocao,1000,0.000674,1347.41,0,281453,536328,33,"Sucesso"
Aleatorio,Patricia,Insercao,1000,0.001069,1069.10,0,34665,345131,7,"Sucesso"
Aleatorio,Patricia,Busca,1000,0.001891,1890.93,0,73913,345131,7,"Sucesso"
Aleatorio,Patricia,Remocao,1000,0.000684,1367.78,0,158332,345131,7,"Sucesso"
Aleatorio,KDTree,Insercao,1000,0.000273,273.17,0,32022,64000,21,"Dimensao=2"
Aleatorio,KDTree,Busca,1000,0.000224,223.60,0,67044,64000,21,"Dimensao=2"
Aleatorio,KDTree,Remocao,500,0.000185,369.78,0,93098,64000,19,"Dimensao=2"
Clusterizado,KDTree,Insercao,1000,0.000342,341.85,0,33381,72000,20,"Dimensao=3"
Clusterizado,KDTree,Busca,1000,0.000277,277.14,0,70762,72000,20,"Dimensao=3"
Clusterizado,KDTree,Remocao,500,0.000337,673.61,0,102695,72000,18,"Dimensao=3"
Diagonal,KDTree,Insercao,1000,0.004898,4897.90,0,1498500,80000,999,"Dimensao=4"
Diagonal,KDTree,Busca,1000,0.002846,2845.66,0,3002000,80000,999,"Dimensao=4"
Diagonal,KDTree,Remocao,500,0.020081,40162.40,0,8995000,80000,499,"Dimensao=4"
Aleatorio,AVL,Insercao,10000,0.002118,211.82,6880,180336,316032,15,"Sucesso"
Aleatorio,AVL,Busca,10000,0.001129,112.94,6880,378695,316032,15,"Sucesso"
Aleatorio,AVL,Remocao,10000,0.001091,218.22,8934,485865,316032,14,"Sucesso"
Aleatorio,BST,Insercao,10000,0.002572,257.24,0,235262,237024,29,"Sucesso"
Aleatorio,BST,Busca,10000,0.001511,151.07,0,490400,237024,29,"Sucesso"
Aleatorio,BST,Remocao,10000,0.001062,212.31,0,621218,237024,25,"Sucesso"
Aleatorio,Splay,Insercao,10000,0.003870,387.01,161732,242685,316032,34,"Sucesso"
Aleatorio,Splay,Busca,10000,0.005247,524.69,340683,610587,316032,34,"Sucesso"
Aleatorio,Splay,Remocao,10000,0.002480,495.99,455674,838084,316032,31,"Sucesso"
Aleatorio,Treap,Insercao,10000,0.005929,592.95,19678,385416,316032,30,"Sucesso"
Aleatorio,Treap,Busca,10000,0.001670,167.02,19678,624741,316032,30,"Sucesso"
Aleatorio,Treap,Remocao,10000,0.001845,368.99,29628,769391,316032,23,"Sucesso"
Ordenado,AVL,Insercao,10000,0.001123,112.32,9986,247234,320000,13,"Sucesso"
Ordenado,AVL,Busca,10000,0.000769,76.91,9986,436210,320000,13,"Sucesso"
Ordenado,AVL,Remocao,10000,0.000439,87.85,12483,493006,320000,12,"Sucesso"
Ordenado,BST,Insercao,10000,0.220563,22056.27,0,99990000,240000,9999,"Sucesso"
Ordenado,BST,Busca,10000,0.085117,8511.66,0,200000000,240000,9999,"Sucesso"
Ordenado,BST,Remocao,10000,0.000075,15.07,0,200015000,240000,4999,"Sucesso"
Ordenado,Splay,Insercao,10000,0.000327,32.74,9999,19998,320000,9999,"Sucesso"
Ordenado,Splay,Busca,10000,0.000426,42.58,54111,118222,320000,9999,"Sucesso"
Ordenado,Splay,Remocao,10000,0.000347,69.40,81182,192364,320000,15,"Sucesso"
Ordenado,Treap,Insercao,10000,0.000621,62.07,9988,257943,320000,29,"Sucesso"
Ordenado,Treap,Busca,10000,0.000472,47.18,9988,491843,320000,29,"Sucesso"
Ordenado,Treap,Remocao,10000,0.000287,57.47,14993,553790,320000,27,"Sucesso"
Decrescente,AVL,Insercao,10000,0.000808,80.81,9986,123617,320000,13,"Sucesso"
Decrescente,AVL,Busca,10000,0.000443,44.27,9986,315534,320000,13,"Sucesso"
Decrescente,AVL,Remocao,10000,0.000353,70.60,12483,416626,320000,12,"Sucesso"
Decrescente,BST,Insercao,10000,0.212244,21224.36,0,49995000,240000,9999,"Sucesso"
Decrescente,BST,Busca,10000,0.079309,7930.87,0,100010000,240000,9999,"Sucesso"
Decrescente,BST,Remocao,10000,0.000079,15.71,0,100025000,240000,4999,"Sucesso"
Decrescente,Splay,Insercao,10000,0.000313,31.28,9999,9999,320000,9999,"Sucesso"
Decrescente,Splay,Busca,10000,0.000362,36.20,54111,108223,320000,9999,"Sucesso"
Decrescente,Splay,Remocao,10000,0.000336,67.24,81182,177365,320000,15,"Sucesso"
Decrescente,Treap,Insercao,10000,0.000632,63.23,9989,170834,320000,30,"Sucesso"
Decrescente,Treap,Busca,10000,0.000488,48.81,9989,422492,320000,30,"Sucesso"
Decrescente,Treap,Remocao,10000,0.000308,61.66,14990,532175,320000,26,"Sucesso"
Decrescente,Trie,Insercao,10000,0.009644,964.41,0,501960,2172096,25,"Sucesso"
Decrescente,Trie,Busca,10000,0.006553,655.27,0,1003920,2172096,25,"Sucesso"
Decrescente,Trie,Remocao,10000,0.004191,838.13,0,2739946,2172096,25,"Sucesso"
Decrescente,Patricia,Insercao,10000,0.008350,834.96,0,330231,2633201,5,"Sucesso"
Decrescente,Patricia,Busca,10000,0.006651,665.12,0,696151,2633201,5,"Sucesso"
Decrescente,Patricia,Remocao,10000,0.003787,757.46,0,1455221,2633201,5,"Sucesso"
Ordenado,Trie,Insercao,10000,0.009322,932.18,0,421960,2171232,21,"Sucesso"
Ordenado,Trie,Busca,10000,0.006541,654.14,0,843920,2171232,21,"Sucesso"
Ordenado,Trie,Remocao,10000,0.004317,863.33,0,2376501,2171232,21,"Sucesso"
Ordenado,Patricia,Insercao,10000,0.008010,800.95,0,289875,2633170,5,"Sucesso"
Ordenado,Patricia,Busca,10000,0.006530,652.98,0,615795,2633170,5,"Sucesso"
Ordenado,Patricia,Remocao,10000,0.003482,696.48,0,1319715,2633170,5,"Sucesso"
Aleatorio,Trie,Insercao,10000,0.009691,969.08,0,515122,2944080,33,"Sucesso"
Aleatorio,Trie,Busca,10000,0.007876,787.64,0,1030244,2944080,33,"Sucesso"
Aleatorio,Trie,Remocao,10000,0.005276,1055.17,0,2739617,2944080,33,"Sucesso"
Aleatorio,Patricia,Insercao,10000,0.008041,804.14,0,379843,3301854,7,"Sucesso"
Aleatorio,Patricia,Busca,10000,0.006754,675.40,0,792637,3301854,7,"Sucesso"
Aleatorio,Patricia,Remocao,10000,0.004795,959.02,0,1733584,3301854,7,"Sucesso"
Aleatorio,KDTree,Insercao,10000,0.003117,311.72,0,463257,640000,30,"Dimensao=2"
Aleatorio,KDTree,Busca,10000,0.002059,205.88,0,956514,640000,30,"Dimensao=2"
Aleatorio,KDTree,Remocao,5000,0.001638,327.55,0,1291067,640000,27,"Dimensao=2"
Clusterizado,KDTree,Insercao,10000,0.003554,355.42,0,474727,720000,29,"Dimensao=3"
Clusterizado,KDTree,Busca,10000,0.002458,245.79,0,989454,720000,29,"Dimensao=3"
Clusterizado,KDTree,Remocao,5000,0.002088,417.65,0,1384265,720000,29,"Dimensao=3"
Diagonal,KDTree,Insercao,10000,0.395065,39506.51,0,149985000,800000,9999,"Dimensao=4"
Diagonal,KDTree,Busca,10000,0.223824,22382.39,0,300020000,800000,9999,"Dimensao=4"
Diagonal,KDTree,Remocao,5000,1.310408,262081.59,0,899950000,800000,4999,"Dimensao=4"
Aleatorio,AVL,Insercao,50000,0.016449,328.97,33165,1069579,1516992,18,"Sucesso"
Aleatorio,AVL,Busca,50000,0.015459,309.19,33165,2210707,1516992,18,"Sucesso"
Aleatorio,AVL,Remocao,50000,0.007057,282.28,43588,2834173,1516992,16,"Sucesso"
Aleatorio,BST,Insercao,50000,0.016898,337.97,0,1409764,1137744,34,"Sucesso"
Aleatorio,BST,Busca,50000,0.009729,194.58,0,2916934,1137744,34,"Sucesso"
Aleatorio,BST,Remocao,50000,0.006669,266.75,0,3684765,1137744,32,"Sucesso"
Aleatorio,Splay,Insercao,50000,0.022800,456.00,971527,1459702,1516992,39,"Sucesso"
Aleatorio,Splay,Busca,50000,0.018959,379.18,2025415,3617478,1516992,39,"Sucesso"
Aleatorio,Splay,Remocao,50000,0.016659,666.35,2715151,4956799,1516992,50,"Sucesso"
Aleatorio,Treap,Insercao,50000,0.016675,333.50,95341,2311854,1516992,35,"Sucesso"
Aleatorio,Treap,Busca,50000,0.009450,189.00,95341,3686897,1516992,35,"Sucesso"
Aleatorio,Treap,Remocao,50000,0.007177,287.08,143691,4499608,1516992,35,"Sucesso"
Ordenado,AVL,Insercao,50000,0.003846,76.92,49984,1468930,1600000,15,"Sucesso"
Ordenado,AVL,Busca,50000,0.002199,43.99,49984,2601876,1600000,15,"Sucesso"
Ordenado,AVL,Remocao,50000,0.001582,63.26,62480,2939584,1600000,14,"Sucesso"
Ordenado,BST,Insercao,50000,6.350278,127005.55,0,2499950000,1200000,49999,"Sucesso"
Ordenado,BST,Busca,50000,2.355387,47107.74,0,5000000000,1200000,49999,"Sucesso"
Ordenado,BST,Remocao,50000,0.000510,20.38,0,5000075000,1200000,24999,"Sucesso"
Ordenado,Splay,Insercao,50000,0.001429,28.59,49999,99998,1600000,49999,"Sucesso"
Ordenado,Splay,Busca,50000,0.001727,34.53,270687,591374,1600000,49999,"Sucesso"
Ordenado,Splay,Remocao,50000,0.001549,61.95,406050,962100,1600000,18,"Sucesso"
Ordenado,Treap,Insercao,50000,0.003479,69.58,49992,1558290,1600000,36,"Sucesso"
Ordenado,Treap,Busca,50000,0.002404,48.08,49992,3049583,1600000,36,"Sucesso"
Ordenado,Treap,Remocao,50000,0.001484,59.37,74988,3452687,1600000,34,"Sucesso"
Decrescente,AVL,Insercao,50000,0.004997,99.94,49984,734465,1600000,15,"Sucesso"
Decrescente,AVL,Busca,50000,0.002328,46.56,49984,1854962,1600000,15,"Sucesso"
Decrescente,AVL,Remocao,50000,0.002079,83.17,62480,2467878,1600000,14,"Sucesso"
Decrescente,BST,Insercao,50000,6.347068,126941.36,0,1249975000,1200000,49999,"Sucesso"
Decrescente,BST,Busca,50000,2.245505,44910.10,0,2500050000,1200000,49999,"Sucesso"
Decrescente,BST,Remocao,50000,0.000439,17.55,0,2500125000,1200000,24999,"Sucesso"
Decrescente,Splay,Insercao,50000,0.001335,26.70,49999,49999,1600000,49999,"Sucesso"
Decrescente,Splay,Busca,50000,0.001493,29.85,270687,541375,1600000,49999,"Sucesso"
Decrescente,Splay,Remocao,50000,0.001391,55.64,406050,887101,1600000,18,"Sucesso"
Decrescente,Treap,Insercao,50000,0.003184,63.68,49988,1090664,1600000,33,"Sucesso"
Decrescente,Treap,Busca,50000,0.002203,44.06,49988,2472074,1600000,33,"Sucesso"
Decrescente,Treap,Remocao,50000,0.001307,52.27,74992,3040130,1600000,32,"Sucesso"
Decrescente,Trie,Insercao,50000,0.041502,830.04,0,2449800,10858968,29,"Sucesso"
Decrescente,Trie,Busca,50000,0.034735,694.69,0,4899600,10858968,29,"Sucesso"
Decrescente,Trie,Remocao,50000,0.019254,770.14,0,12866391,10858968,29,"Sucesso"
Decrescente,Patricia,Insercao,50000,0.040591,811.82,0,1741161,13166243,6,"Sucesso"
Decrescente,Patricia,Busca,50000,0.030535,610.69,0,3690761,13166243,6,"Sucesso"
Decrescente,Patricia,Remocao,50000,0.017094,683.78,0,8068111,13166243,6,"Sucesso"
Ordenado,Trie,Insercao,50000,0.043648,872.97,0,2709800,10861560,33,"Sucesso"
Ordenado,Trie,Busca,50000,0.034447,688.94,0,5419600,10861560,33,"Sucesso"
Ordenado,Trie,Remocao,50000,0.022613,904.53,0,15365935,10861560,33,"Sucesso"
Ordenado,Patricia,Insercao,50000,0.046370,927.40,0,1869352,13166490,7,"Sucesso"
Ordenado,Patricia,Busca,50000,0.033582,671.63,0,4008952,13166490,7,"Sucesso"
Ordenado,Patricia,Remocao,50000,0.018648,745.91,0,8664552,13166490,7,"Sucesso"
Aleatorio,Trie,Insercao,50000,0.053661,1073.21,0,2578352,10792656,33,"Sucesso"
Aleatorio,Trie,Busca,50000,0.034465,689.29,0,5156704,10792656,33,"Sucesso"
Aleatorio,Trie,Remocao,50000,0.024734,989.36,0,13438060,10792656,33,"Sucesso"
Aleatorio,Patricia,Insercao,50000,0.044593,891.85,0,1936481,13027607,7,"Sucesso"
Aleatorio,Patricia,Busca,50000,0.033590,671.81,0,4010681,13027607,7,"Sucesso"
Aleatorio,Patricia,Remocao,50000,0.019661,786.45,0,8793411,13027607,7,"Sucesso"
Aleatorio,KDTree,Insercao,50000,0.023240,464.79,0,2799337,3200000,38,"Dimensao=2"
Aleatorio,KDTree,Busca,50000,0.013682,273.65,0,5748674,3200000,38,"Dimensao=2"
Aleatorio,KDTree,Remocao,25000,0.011317,452.68,0,7666411,3200000,36,"Dimensao=2"
Clusterizado,KDTree,Insercao,50000,0.020344,406.89,0,2861376,3600000,35,"Dimensao=3"
Clusterizado,KDTree,Busca,50000,0.013776,275.52,0,5922752,3600000,35,"Dimensao=3"
Clusterizado,KDTree,Remocao,25000,0.012960,518.40,0,8152827,3600000,34,"Dimensao=3"
Diagonal,KDTree,Insercao,50000,12.655425,253108.50,0,3749925000,4000000,49999,"Dimensao=4"
Diagonal,KDTree,Busca,50000,6.425728,128514.56,0,7500100000,4000000,49999,"Dimensao=4"
Diagonal,KDTree,Remocao,25000,52.841257,2113650.27,0,22499750000,4000000,24999,"Dimensao=4"
Aleatorio,AVL,Insercao,100000,0.058199,581.99,63019,2277678,2880000,19,"Sucesso"
Aleatorio,AVL,Busca,100000,0.028018,280.18,63019,4701438,2880000,19,"Sucesso"
Aleatorio,AVL,Remocao,100000,0.024246,484.93,82993,6014373,2880000,17,"Sucesso"
Aleatorio,BST,Insercao,100000,0.046754,467.54,0,3012344,2160000,38,"Sucesso"
Aleatorio,BST,Busca,100000,0.034949,349.49,0,6214688,2160000,38,"Sucesso"
Aleatorio,BST,Remocao,100000,0.021900,438.01,0,7843102,2160000,35,"Sucesso"
Aleatorio,Splay,Insercao,100000,0.075200,752.00,2072080,3118130,2880000,47,"Sucesso"
Aleatorio,Splay,Busca,100000,0.072816,728.16,4298649,7671268,2880000,47,"Sucesso"
Aleatorio,Splay,Remocao,100000,0.038731,774.63,5762797,10500838,2880000,43,"Sucesso"
Aleatorio,Treap,Insercao,100000,0.050502,505.02,180400,4910261,2880000,41,"Sucesso"
Aleatorio,Treap,Busca,100000,0.035159,351.59,180400,8016956,2880000,41,"Sucesso"
Aleatorio,Treap,Remocao,100000,0.030836,616.73,274845,9808308,2880000,37,"Sucesso"
Ordenado,AVL,Insercao,100000,0.013572,135.72,99983,3137858,3200000,16,"Sucesso"
Ordenado,AVL,Busca,100000,0.006506,65.06,99983,5553733,3200000,16,"Sucesso"
Ordenado,AVL,Remocao,100000,0.006646,132.92,124979,6266649,3200000,15,"Sucesso"
Ordenado,BST,Insercao,100000,47.884951,478849.51,0,9999900000,2400000,99999,"Sucesso"
Ordenado,BST,Busca,100000,11.424682,114246.82,0,20000000000,2400000,99999,"Sucesso"
Ordenado,BST,Remocao,100000,0.000761,15.22,0,20000150000,2400000,49999,"Sucesso"
Ordenado,Splay,Insercao,100000,0.002908,29.08,99999,199998,3200000,99999,"Sucesso"
Ordenado,Splay,Busca,100000,0.004424,44.24,541425,1182850,3200000,99999,"Sucesso"
Ordenado,Splay,Remocao,100000,0.003956,79.13,812158,1924316,3200000,18,"Sucesso"
Ordenado,Treap,Insercao,100000,0.010099,100.99,99992,3441360,3200000,41,"Sucesso"
Ordenado,Treap,Busca,100000,0.006606,66.06,99992,6667944,3200000,41,"Sucesso"
Ordenado,Treap,Remocao,100000,0.003156,63.12,149995,7423500,3200000,38,"Sucesso"
Decrescente,AVL,Insercao,100000,0.010049,100.49,99983,1568929,3200000,16,"Sucesso"
Decrescente,AVL,Busca,100000,0.005109,51.09,99983,3959892,3200000,16,"Sucesso"
Decrescente,AVL,Remocao,100000,0.003675,73.49,124979,5260724,3200000,15,"Sucesso"
Decrescente,BST,Insercao,100000,33.642242,336422.42,0,4999950000,2400000,99999,"Sucesso"
Decrescente,BST,Busca,100000,11.848906,118489.06,0,10000100000,2400000,99999,"Sucesso"
Decrescente,BST,Remocao,100000,0.000994,19.87,0,10000250000,2400000,49999,"Sucesso"
Decrescente,Splay,Insercao,100000,0.003220,32.20,99999,99999,3200000,99999,"Sucesso"
Decrescente,Splay,Busca,100000,0.004373,43.73,541425,1082851,3200000,99999,"Sucesso"
Decrescente,Splay,Remocao,100000,0.003871,77.42,812158,1774317,3200000,18,"Sucesso"
Decrescente,Treap,Insercao,100000,0.009476,94.76,99987,2312110,3200000,40,"Sucesso"
Decrescente,Treap,Busca,100000,0.006979,69.79,99987,5510986,3200000,40,"Sucesso"
Decrescente,Treap,Remocao,100000,0.003669,73.38,149993,6752652,3200000,37,"Sucesso"
Decrescente,Trie,Insercao,100000,0.115558,1155.58,0,5159600,21720096,33,"Sucesso"
Decrescente,Trie,Busca,100000,0.086302,863.02,0,10319200,21720096,33,"Sucesso"
Decrescente,Trie,Remocao,100000,0.051066,1021.32,0,25796051,21720096,33,"Sucesso"
Decrescente,Patricia,Insercao,100000,0.110222,1102.22,0,3702314,26332832,7,"Sucesso"
Decrescente,Patricia,Busca,100000,0.085067,850.67,0,7851514,26332832,7,"Sucesso"
Decrescente,Patricia,Remocao,100000,0.047320,946.40,0,16822214,26332832,7,"Sucesso"
Ordenado,Trie,Insercao,100000,0.106320,1063.20,0,5159600,21720096,33,"Sucesso"
Ordenado,Trie,Busca,100000,0.092886,928.86,0,10319200,21720096,33,"Sucesso"
Ordenado,Trie,Remocao,100000,0.059447,1188.94,0,29696208,21720096,33,"Sucesso"
Ordenado,Patricia,Insercao,100000,0.109256,1092.56,0,3668714,26332680,7,"Sucesso"
Ordenado,Patricia,Busca,100000,0.088767,887.67,0,7817914,26332680,7,"Sucesso"
Ordenado,Patricia,Remocao,100000,0.048401,968.03,0,17107114,26332680,7,"Sucesso"
Aleatorio,Trie,Insercao,100000,0.129283,1292.83,0,5159896,19642824,33,"Sucesso"
Aleatorio,Trie,Busca,100000,0.103526,1035.26,0,10319792,19642824,33,"Sucesso"
Aleatorio,Trie,Remocao,100000,0.071482,1429.63,0,26748530,19642824,33,"Sucesso"
Aleatorio,Patricia,Insercao,100000,0.125464,1254.64,0,3898112,23803506,7,"Sucesso"
Aleatorio,Patricia,Busca,100000,0.098375,983.75,0,8047832,23803506,7,"Sucesso"
Aleatorio,Patricia,Remocao,100000,0.056941,1138.81,0,17566607,23803506,7,"Sucesso"
Aleatorio,KDTree,Insercao,100000,0.070621,706.21,0,6018630,6400000,40,"Dimensao=2"
Aleatorio,KDTree,Busca,100000,0.049744,497.44,0,12337260,6400000,40,"Dimensao=2"
Aleatorio,KDTree,Remocao,50000,0.048934,978.68,0,16384643,6400000,38,"Dimensao=2"
Clusterizado,KDTree,Insercao,100000,0.066329,663.29,0,6132092,7200000,39,"Dimensao=3"
Clusterizado,KDTree,Busca,100000,0.046326,463.26,0,12664184,7200000,39,"Dimensao=3"
Clusterizado,KDTree,Remocao,50000,0.053538,1070.76,0,17328008,7200000,36,"Dimensao=3"
Diagonal,KDTree,Insercao,100000,108.416236,1084162.36,0,14999850000,8000000,99999,"Dimensao=4"
Diagonal,KDTree,Busca,100000,40.291487,402914.87,0,30000200000,8000000,99999,"Dimensao=4"
Diagonal,KDTree,Remocao,50000,306.263690,6125273.80,0,89999500000,8000000,49999,"Dimensao=4"
Aleatorio,AVL,Insercao,100,0.000015,148.73,75,831,3200,7,"Sucesso"
Aleatorio,AVL,Busca,100,0.000005,49.51,75,1755,3200,7,"Sucesso"
Aleatorio,AVL,Remocao,100,0.000008,151.73,97,2331,3200,6,"Sucesso"
Aleatorio,BST,Insercao,100,0.000007,72.96,0,992,2400,11,"Sucesso"
Aleatorio,BST,Busca,100,0.000003,31.68,0,2184,2400,11,"Sucesso"
Aleatorio,BST,Remocao,100,0.000004,84.30,0,2771,2400,10,"Sucesso"
Aleatorio,Splay,Insercao,100,0.000019,191.65,653,981,3200,15,"Sucesso"
Aleatorio,Splay,Busca,100,0.000014,140.20,1475,2725,3200,15,"Sucesso"
Aleatorio,Splay,Remocao,100,0.000009,171.89,1920,3772,3200,12,"Sucesso"
Aleatorio,Treap,Insercao,100,0.000016,161.71,154,1533,3200,11,"Sucesso"
Aleatorio,Treap,Busca,100,0.000008,81.68,154,2570,3200,11,"Sucesso"
Aleatorio,Treap,Remocao,100,0.000006,122.28,252,3386,3200,11,"Sucesso"
Ordenado,AVL,Insercao,100,0.000005,49.61,93,1146,3200,6,"Sucesso"
Ordenado,AVL,Busca,100,0.000002,16.47,93,2075,3200,6,"Sucesso"
Ordenado,AVL,Remocao,100,0.000002,46.11,116,2413,3200,5,"Sucesso"
Ordenado,BST,Insercao,100,0.000029,292.90,0,9900,2400,99,"Sucesso"
Ordenado,BST,Busca,100,0.000012,120.73,0,20000,2400,99,"Sucesso"
Ordenado,BST,Remocao,100,0.000001,26.94,0,20150,2400,49,"Sucesso"
Ordenado,Splay,Insercao,100,0.000006,56.29,99,198,3200,99,"Sucesso"
Ordenado,Splay,Busca,100,0.000005,47.09,515,1130,3200,99,"Sucesso"
Ordenado,Splay,Remocao,100,0.000005,107.94,774,1848,3200,6,"Sucesso"
Ordenado,Treap,Insercao,100,0.000014,143.89,96,1218,3200,11,"Sucesso"
Ordenado,Treap,Busca,100,0.000005,51.64,96,2224,3200,11,"Sucesso"
Ordenado,Treap,Remocao,100,0.000010,201.53,145,2628,3200,10,"Sucesso"
Decrescente,AVL,Insercao,100,0.000011,114.72,93,573,3200,6,"Sucesso"
Decrescente,AVL,Busca,100,0.000004,43.21,93,1484,3200,6,"Sucesso"
Decrescente,AVL,Remocao,100,0.000017,330.59,116,2035,3200,5,"Sucesso"
Decrescente,BST,Insercao,100,0.000044,439.02,0,4950,2400,99,"Sucesso"
Decrescente,BST,Busca,100,0.000011,112.59,0,10100,2400,99,"Sucesso"
Decrescente,BST,Remocao,100,0.000003,55.23,0,10250,2400,49,"Sucesso"
Decrescente,Splay,Insercao,100,0.000007,68.70,99,99,3200,99,"Sucesso"
Decrescente,Splay,Busca,100,0.000004,36.24,515,1031,3200,99,"Sucesso"
Decrescente,Splay,Remocao,100,0.000004,83.52,774,1699,3200,6,"Sucesso"
Decrescente,Treap,Insercao,100,0.000011,106.58,94,844,3200,12,"Sucesso"
Decrescente,Treap,Busca,100,0.000004,44.09,94,1860,3200,12,"Sucesso"
Decrescente,Treap,Remocao,100,0.000007,143.79,144,2390,3200,10,"Sucesso"
Decrescente,Trie,Insercao,100,0.000156,1555.22,0,4794,26568,23,"Sucesso"
Decrescente,Trie,Busca,100,0.000116,1159.80,0,9588,26568,23,"Sucesso"
Decrescente,Trie,Remocao,100,0.000086,1710.15,0,28259,26568,23,"Sucesso"
Decrescente,Patricia,Insercao,100,0.000095,953.61,0,2697,26862,2,"Sucesso"
Decrescente,Patricia,Busca,100,0.000073,728.44,0,5785,26862,2,"Sucesso"
Decrescente,Patricia,Remocao,100,0.000037,748.00,0,11206,26862,2,"Sucesso"
Ordenado,Trie,Insercao,100,0.000120,1196.23,0,4384,25704,21,"Sucesso"
Ordenado,Trie,Busca,100,0.000128,1282.46,0,8768,25704,21,"Sucesso"
Ordenado,Trie,Remocao,100,0.000073,1456.29,0,23201,25704,21,"Sucesso"
Ordenado,Patricia,Insercao,100,0.000128,1280.14,0,2850,26574,3,"Sucesso"
Ordenado,Patricia,Busca,100,0.000104,1044.31,0,6018,26574,3,"Sucesso"
Ordenado,Patricia,Remocao,100,0.000054,1076.08,0,12563,26574,3,"Sucesso"
Aleatorio,Trie,Insercao,100,0.000138,1375.87,0,5088,139320,33,"Sucesso"
Aleatorio,Trie,Busca,100,0.000119,1191.48,0,10176,139320,33,"Sucesso"
Aleatorio,Trie,Remocao,100,0.000075,1504.35,0,29726,139320,33,"Sucesso"
Aleatorio,Patricia,Insercao,100,0.000128,1280.62,0,2763,38643,5,"Sucesso"
Aleatorio,Patricia,Busca,100,0.000092,916.50,0,6388,38643,5,"Sucesso"
Aleatorio,Patricia,Remocao,100,0.000074,1471.02,0,13483,38643,5,"Sucesso"
Aleatorio,KDTree,Insercao,100,0.000049,489.11,0,1761,6400,11,"Dimensao=2"
Aleatorio,KDTree,Busca,100,0.000010,103.00,0,3822,6400,11,"Dimensao=2"
Aleatorio,KDTree,Remocao,50,0.000017,337.57,0,5601,6400,10,"Dimensao=2"
Clusterizado,KDTree,Insercao,100,0.000017,169.47,0,2007,7200,12,"Dimensao=3"
Clusterizado,KDTree,Busca,100,0.000006,61.82,0,4414,7200,12,"Dimensao=3"
Clusterizado,KDTree,Remocao,50,0.000012,237.77,0,6687,7200,11,"Dimensao=3"
Diagonal,KDTree,Insercao,100,0.000052,523.51,0,14850,8000,99,"Dimensao=4"
Diagonal,KDTree,Busca,100,0.000040,403.65,0,30200,8000,99,"Dimensao=4"
Diagonal,KDTree,Remocao,50,0.000147,2931.96,0,89500,8000,49,"Dimensao=4"
Aleatorio,AVL,Insercao,1000,0.000108,107.61,721,13411,32000,11,"Sucesso"
Aleatorio,AVL,Busca,1000,0.000049,49.22,721,27689,32000,11,"Sucesso"
Aleatorio,AVL,Remocao,1000,0.000055,109.49,946,35986,32000,10,"Sucesso"
Aleatorio,BST,Insercao,1000,0.000074,74.20,0,16786,24000,19,"Sucesso"
Aleatorio,BST,Busca,1000,0.000049,49.18,0,35572,24000,19,"Sucesso"
Aleatorio,BST,Remocao,1000,0.000044,87.36,0,45113,24000,17,"Sucesso"
Aleatorio,Splay,Insercao,1000,0.000314,314.04,11370,17028,32000,22,"Sucesso"
Aleatorio,Splay,Busca,1000,0.000303,302.92,24480,44248,32000,22,"Sucesso"
Aleatorio,Splay,Remocao,1000,0.000163,325.69,32367,60641,32000,25,"Sucesso"
Aleatorio,Treap,Insercao,1000,0.000144,144.46,1943,26398,32000,20,"Sucesso"
Aleatorio,Treap,Busca,1000,0.000071,70.65,1943,42373,32000,20,"Sucesso"
Aleatorio,Treap,Remocao,1000,0.000074,148.61,2975,53159,32000,16,"Sucesso"
Ordenado,AVL,Insercao,1000,0.000063,62.99,990,17954,32000,9,"Sucesso"
Ordenado,AVL,Busca,1000,0.000035,35.22,990,31978,32000,9,"Sucesso"
Ordenado,AVL,Remocao,1000,0.000026,52.61,1238,36469,32000,9,"Sucesso"
Ordenado,BST,Insercao,1000,0.002324,2323.98,0,999000,24000,999,"Sucesso"
Ordenado,BST,Busca,1000,0.000860,860.11,0,2000000,24000,999,"Sucesso"
Ordenado,BST,Remocao,1000,0.000010,19.09,0,2001500,24000,499,"Sucesso"
Ordenado,Splay,Insercao,1000,0.000021,21.03,999,1998,32000,999,"Sucesso"
Ordenado,Splay,Busca,1000,0.000027,27.19,5373,11746,32000,999,"Sucesso"
Ordenado,Splay,Remocao,1000,0.000025,50.15,8067,19134,32000,10,"Sucesso"
Ordenado,Treap,Insercao,1000,0.000059,58.95,995,16194,32000,18,"Sucesso"
Ordenado,Treap,Busca,1000,0.000038,38.29,995,32263,32000,18,"Sucesso"
Ordenado,Treap,Remocao,1000,0.000020,39.98,1493,38431,32000,18,"Sucesso"
Decrescente,AVL,Insercao,1000,0.000055,55.33,990,8977,32000,9,"Sucesso"
Decrescente,AVL,Busca,1000,0.000031,31.36,990,22914,32000,9,"Sucesso"
Decrescente,AVL,Remocao,1000,0.000023,46.82,1238,30646,32000,9,"Sucesso"
Decrescente,BST,Insercao,1000,0.001935,1934.65,0,499500,24000,999,"Sucesso"
Decrescente,BST,Busca,1000,0.000735,735.32,0,1001000,24000,999,"Sucesso"
Decrescente,BST,Remocao,1000,0.000009,18.37,0,1002500,24000,499,"Sucesso"
Decrescente,Splay,Insercao,1000,0.000036,36.31,999,999,32000,999,"Sucesso"
Decrescente,Splay,Busca,1000,0.000024,23.96,5373,10747,32000,999,"Sucesso"
Decrescente,Splay,Remocao,1000,0.000027,54.74,8067,17635,32000,10,"Sucesso"
Decrescente,Treap,Insercao,1000,0.000048,48.31,988,13118,32000,18,"Sucesso"
Decrescente,Treap,Busca,1000,0.000035,35.49,988,29243,32000,18,"Sucesso"
Decrescente,Treap,Remocao,1000,0.000021,41.33,1489,37008,32000,16,"Sucesso"
Decrescente,Trie,Insercao,1000,0.000890,890.19,0,48596,220752,24,"Sucesso"
Decrescente,Trie,Busca,1000,0.000677,676.79,0,97192,220752,24,"Sucesso"
Decrescente,Trie,Remocao,1000,0.000472,944.16,0,273070,220752,24,"Sucesso"
Decrescente,Patricia,Insercao,1000,0.001108,1107.67,0,29207,263299,3,"Sucesso"
Decrescente,Patricia,Busca,1000,0.001049,1049.44,0,61399,263299,3,"Sucesso"
Decrescente,Patricia,Remocao,1000,0.000523,1045.89,0,115377,263299,3,"Sucesso"
Ordenado,Trie,Insercao,1000,0.000836,835.69,0,42596,220104,21,"Sucesso"
Ordenado,Trie,Busca,1000,0.000646,646.46,0,85192,220104,21,"Sucesso"
Ordenado,Trie,Remocao,1000,0.000431,862.03,0,232274,220104,21,"Sucesso"
Ordenado,Patricia,Insercao,1000,0.000727,727.08,0,26174,263274,3,"Sucesso"
Ordenado,Patricia,Busca,1000,0.000640,640.19,0,55366,263274,3,"Sucesso"
Ordenado,Patricia,Remocao,1000,0.000343,686.89,0,116978,263274,3,"Sucesso"
Aleatorio,Trie,Insercao,1000,0.000929,928.91,0,51542,536328,33,"Sucesso"
Aleatorio,Trie,Busca,1000,0.000561,561.16,0,103084,536328,33,"Sucesso"
Aleatorio,Trie,Remocao,1000,0.000423,846.00,0,281453,536328,33,"Sucesso"
Aleatorio,Patricia,Insercao,1000,0.000669,669.14,0,34665,345131,7,"Sucesso"
Aleatorio,Patricia,Busca,1000,0.000556,556.25,0,73913,345131,7,"Sucesso"
Aleatorio,Patricia,Remocao,1000,0.000324,647.18,0,158332,345131,7,"Sucesso"
Aleatorio,KDTree,Insercao,1000,0.000227,226.65,0,32022,64000,21,"Dimensao=2"
Aleatorio,KDTree,Busca,1000,0.000137,136.57,0,67044,64000,21,"Dimensao=2"
Aleatorio,KDTree,Remocao,500,0.000132,264.61,0,93098,64000,19,"Dimensao=2"
Clusterizado,KDTree,Insercao,1000,0.000189,188.73,0,33381,72000,20,"Dimensao=3"
Clusterizado,KDTree,Busca,1000,0.000120,120.18,0,70762,72000,20,"Dimensao=3"
Clusterizado,KDTree,Remocao,500,0.000123,245.72,0,102695,72000,18,"Dimensao=3"
Diagonal,KDTree,Insercao,1000,0.003842,3842.22,0,1498500,80000,999,"Dimensao=4"
Diagonal,KDTree,Busca,1000,0.002276,2275.94,0,3002000,80000,999,"Dimensao=4"
Diagonal,KDTree,Remocao,500,0.012814,25627.76,0,8995000,80000,499,"Dimensao=4"
Aleatorio,AVL,Insercao,10000,0.001932,193.24,6880,180336,316032,15,"Sucesso"
Aleatorio,AVL,Busca,10000,0.001160,115.97,6880,378695,316032,15,"Sucesso"
Aleatorio,AVL,Remocao,10000,0.001099,219.81,8934,485865,316032,14,"Sucesso"
Aleatorio,BST,Insercao,10000,0.001511,151.14,0,235262,237024,29,"Sucesso"
Aleatorio,BST,Busca,10000,0.001052,105.18,0,490400,237024,29,"Sucesso"
Aleatorio,BST,Remocao,10000,0.000744,148.77,0,621218,237024,25,"Sucesso"
Aleatorio,Splay,Insercao,10000,0.002853,285.33,161732,242685,316032,34,"Sucesso"
Aleatorio,Splay,Busca,10000,0.002754,275.36,340683,610587,316032,34,"Sucesso"
Aleatorio,Splay,Remocao,10000,0.001530,305.94,455674,838084,316032,31,"Sucesso"
Aleatorio,Treap,Insercao,10000,0.001662,166.24,19752,401407,316032,30,"Sucesso"
Aleatorio,Treap,Busca,10000,0.001019,101.86,19752,660942,316032,30,"Sucesso"
Aleatorio,Treap,Remocao,10000,0.000889,177.87,29771,813497,316032,31,"Sucesso"
Ordenado,AVL,Insercao,10000,0.000794,79.43,9986,247234,320000,13,"Sucesso"
Ordenado,AVL,Busca,10000,0.000409,40.92,9986,436210,320000,13,"Sucesso"
Ordenado,AVL,Remocao,10000,0.000334,66.87,12483,493006,320000,12,"Sucesso"
Ordenado,BST,Insercao,10000,0.236530,23652.98,0,99990000,240000,9999,"Sucesso"
Ordenado,BST,Busca,10000,0.121553,12155.31,0,200000000,240000,9999,"Sucesso"
Ordenado,BST,Remocao,10000,0.000064,12.87,0,200015000,240000,4999,"Sucesso"
Ordenado,Splay,Insercao,10000,0.000414,41.35,9999,19998,320000,9999,"Sucesso"
Ordenado,Splay,Busca,10000,0.000692,69.20,54111,118222,320000,9999,"Sucesso"
Ordenado,Splay,Remocao,10000,0.000576,115.15,81182,192364,320000,15,"Sucesso"
Ordenado,Treap,Insercao,10000,0.001248,124.81,9988,257202,320000,29,"Sucesso"
Ordenado,Treap,Busca,10000,0.000844,84.44,9988,492891,320000,29,"Sucesso"
Ordenado,Treap,Remocao,10000,0.000480,95.95,14976,558113,320000,25,"Sucesso"
Decrescente,AVL,Insercao,10000,0.000931,93.06,9986,123617,320000,13,"Sucesso"
Decrescente,AVL,Busca,10000,0.000652,65.22,9986,315534,320000,13,"Sucesso"
Decrescente,AVL,Remocao,10000,0.000461,92.29,12483,416626,320000,12,"Sucesso"
Decrescente,BST,Insercao,10000,0.238070,23807.04,0,49995000,240000,9999,"Sucesso"
Decrescente,BST,Busca,10000,0.118368,11836.80,0,100010000,240000,9999,"Sucesso"
Decrescente,BST,Remocao,10000,0.000064,12.83,0,100025000,240000,4999,"Sucesso"
Decrescente,Splay,Insercao,10000,0.000195,19.45,9999,9999,320000,9999,"Sucesso"
Decrescente,Splay,Busca,10000,0.000292,29.21,54111,108223,320000,9999,"Sucesso"
Decrescente,Splay,Remocao,10000,0.000266,53.16,81182,177365,320000,15,"Sucesso"
Decrescente,Treap,Insercao,10000,0.000530,53.02,9988,191382,320000,32,"Sucesso"
Decrescente,Treap,Busca,10000,0.000378,37.77,9988,419831,320000,32,"Sucesso"
Decrescente,Treap,Remocao,10000,0.000213,42.56,14984,511601,320000,29,"Sucesso"
Decrescente,Trie,Insercao,10000,0.008877,887.69,0,501960,2172096,25,"Sucesso"
Decrescente,Trie,Busca,10000,0.006006,600.61,0,1003920,2172096,25,"Sucesso"
Decrescente,Trie,Remocao,10000,0.004131,826.14,0,2739946,2172096,25,"Sucesso"
Decrescente,Patricia,Insercao,10000,0.008613,861.27,0,330231,2633201,5,"Sucesso"
Decrescente,Patricia,Busca,10000,0.006527,652.70,0,696151,2633201,5,"Sucesso"
Decrescente,Patricia,Remocao,10000,0.003387,677.39,0,1455221,2633201,5,"Sucesso"
Ordenado,Trie,Insercao,10000,0.008210,821.04,0,421960,2171232,21,"Sucesso"
Ordenado,Trie,Busca,10000,0.005658,565.78,0,843920,2171232,21,"Sucesso"
Ordenado,Trie,Remocao,10000,0.003719,743.80,0,2376501,2171232,21,"Sucesso"
Ordenado,Patricia,Insercao,10000,0.008476,847.64,0,289875,2633170,5,"Sucesso"
Ordenado,Patricia,Busca,10000,0.006596,659.55,0,615795,2633170,5,"Sucesso"
Ordenado,Patricia,Remocao,10000,0.003752,750.47,0,1319715,2633170,5,"Sucesso"
Aleatorio,Trie,Insercao,10000,0.010339,1033.93,0,515122,2944080,33,"Sucesso"
Aleatorio,Trie,Busca,10000,0.007443,744.34,0,1030244,2944080,33,"Sucesso"
Aleatorio,Trie,Remocao,10000,0.005430,1085.96,0,2739617,2944080,33,"Sucesso"
Aleatorio,Patricia,Insercao,10000,0.008650,864.97,0,379843,3301854,7,"Sucesso"
Aleatorio,Patricia,Busca,10000,0.006887,688.74,0,792637,3301854,7,"Sucesso"
Aleatorio,Patricia,Remocao,10000,0.004178,835.56,0,1733584,3301854,7,"Sucesso"
Aleatorio,KDTree,Insercao,10000,0.003097,309.66,0,463257,640000,30,"Dimensao=2"
Aleatorio,KDTree,Busca,10000,0.002269,226.87,0,956514,640000,30,"Dimensao=2"
Aleatorio,KDTree,Remocao,5000,0.001730,345.92,0,1291067,640000,27,"Dimensao=2"
Clusterizado,KDTree,Insercao,10000,0.003436,343.65,0,474727,720000,29,"Dimensao=3"
Clusterizado,KDTree,Busca,10000,0.002504,250.38,0,989454,720000,29,"Dimensao=3"
Clusterizado,KDTree,Remocao,5000,0.002283,456.61,0,1384265,720000,29,"Dimensao=3"
Diagonal,KDTree,Insercao,10000,0.441020,44102.00,0,149985000,800000,9999,"Dimensao=4"
Diagonal,KDTree,Busca,10000,0.264649,26464.89,0,300020000,800000,9999,"Dimensao=4"
Diagonal,KDTree,Remocao,5000,1.686404,337280.82,0,899950000,800000,4999,"Dimensao=4"
Aleatorio,AVL,Insercao,50000,0.019502,390.04,33165,1069579,1516992,18,"Sucesso"
Aleatorio,AVL,Busca,50000,0.011163,223.26,33165,2210707,1516992,18,"Sucesso"
Aleatorio,AVL,Remocao,50000,0.008695,347.80,43588,2834173,1516992,16,"Sucesso"
Aleatorio,BST,Insercao,50000,0.017645,352.89,0,1409764,1137744,34,"Sucesso"
Aleatorio,BST,Busca,50000,0.013149,262.98,0,2916934,1137744,34,"Sucesso"
Aleatorio,BST,Remocao,50000,0.008112,324.47,0,3684765,1137744,32,"Sucesso"
Aleatorio,Splay,Insercao,50000,0.038162,763.24,971527,1459702,1516992,39,"Sucesso"
Aleatorio,Splay,Busca,50000,0.037463,749.27,2025415,3617478,1516992,39,"Sucesso"
Aleatorio,Splay,Remocao,50000,0.020756,830.23,2715151,4956799,1516992,50,"Sucesso"
Aleatorio,Treap,Insercao,50000,0.020260,405.21,94444,2260782,1516992,38,"Sucesso"
Aleatorio,Treap,Busca,50000,0.013147,262.95,94444,3617309,1516992,38,"Sucesso"
Aleatorio,Treap,Remocao,50000,0.009987,399.46,143117,4423956,1516992,30,"Sucesso"
Ordenado,AVL,Insercao,50000,0.006901,138.03,49984,1468930,1600000,15,"Sucesso"
Ordenado,AVL,Busca,50000,0.003381,67.62,49984,2601876,1600000,15,"Sucesso"
Ordenado,AVL,Remocao,50000,0.002901,116.04,62480,2939584,1600000,14,"Sucesso"
Ordenado,BST,Insercao,50000,7.766658,155333.15,0,2499950000,1200000,49999,"Sucesso"
Ordenado,BST,Busca,50000,3.167059,63341.17,0,5000000000,1200000,49999,"Sucesso"
Ordenado,BST,Remocao,50000,0.000303,12.12,0,5000075000,1200000,24999,"Sucesso"
Ordenado,Splay,Insercao,50000,0.001018,20.37,49999,99998,1600000,49999,"Sucesso"
Ordenado,Splay,Busca,50000,0.001767,35.33,270687,591374,1600000,49999,"Sucesso"
Ordenado,Splay,Remocao,50000,0.001776,71.06,406050,962100,1600000,18,"Sucesso"
Ordenado,Treap,Insercao,50000,0.004459,89.17,49986,1594131,1600000,35,"Sucesso"
Ordenado,Treap,Busca,50000,0.003010,60.21,49986,3037827,1600000,35,"Sucesso"
Ordenado,Treap,Remocao,50000,0.001944,77.74,74985,3396785,1600000,34,"Sucesso"
Decrescente,AVL,Insercao,50000,0.007354,147.07,49984,734465,1600000,15,"Sucesso"
Decrescente,AVL,Busca,50000,0.004326,86.51,49984,1854962,1600000,15,"Sucesso"
Decrescente,AVL,Remocao,50000,0.004153,166.11,62480,2467878,1600000,14,"Sucesso"
Decrescente,BST,Insercao,50000,7.565635,151312.70,0,1249975000,1200000,49999,"Sucesso"
Decrescente,BST,Busca,50000,3.718886,74377.73,0,2500050000,1200000,49999,"Sucesso"
Decrescente,BST,Remocao,50000,0.000364,14.54,0,2500125000,1200000,24999,"Sucesso"
Decrescente,Splay,Insercao,50000,0.001499,29.98,49999,49999,1600000,49999,"Sucesso"
Decrescente,Splay,Busca,50000,0.002635,52.71,270687,541375,1600000,49999,"Sucesso"
Decrescente,Splay,Remocao,50000,0.002444,97.75,406050,887101,1600000,18,"Sucesso"
Decrescente,Treap,Insercao,50000,0.005477,109.54,49986,1051962,1600000,36,"Sucesso"
Decrescente,Treap,Busca,50000,0.003937,78.73,49986,2428403,1600000,36,"Sucesso"
Decrescente,Treap,Remocao,50000,0.002671,106.84,74986,3016269,1600000,35,"Sucesso"
Decrescente,Trie,Insercao,50000,0.065980,1319.60,0,2449800,10858968,29,"Sucesso"
Decrescente,Trie,Busca,50000,0.048983,979.66,0,4899600,10858968,29,"Sucesso"
Decrescente,Trie,Remocao,50000,0.028528,1141.14,0,12866391,10858968,29,"Sucesso"
Decrescente,Patricia,Insercao,50000,0.053704,1074.08,0,1741161,13166243,6,"Sucesso"
Decrescente,Patricia,Busca,50000,0.040714,814.29,0,3690761,13166243,6,"Sucesso"
Decrescente,Patricia,Remocao,50000,0.024477,979.06,0,8068111,13166243,6,"Sucesso"
Ordenado,Trie,Insercao,50000,0.050216,1004.32,0,2709800,10861560,33,"Sucesso"
Ordenado,Trie,Busca,50000,0.041688,833.75,0,5419600,10861560,33,"Sucesso"
Ordenado,Trie,Remocao,50000,0.025978,1039.13,0,15365935,10861560,33,"Sucesso"
Ordenado,Patricia,Insercao,50000,0.042808,856.17,0,1869352,13166490,7,"Sucesso"
Ordenado,Patricia,Busca,50000,0.039585,791.69,0,4008952,13166490,7,"Sucesso"
Ordenado,Patricia,Remocao,50000,0.023815,952.59,0,8664552,13166490,7,"Sucesso"
Aleatorio,Trie,Insercao,50000,0.045837,916.74,0,2578352,10792656,33,"Sucesso"
Aleatorio,Trie,Busca,50000,0.045579,911.57,0,5156704,10792656,33,"Sucesso"
Aleatorio,Trie,Remocao,50000,0.030458,1218.32,0,13438060,10792656,33,"Sucesso"
Aleatorio,Patricia,Insercao,50000,0.044472,889.43,0,1936481,13027607,7,"Sucesso"
Aleatorio,Patricia,Busca,50000,0.041123,822.47,0,4010681,13027607,7,"Sucesso"
Aleatorio,Patricia,Remocao,50000,0.023465,938.59,0,8793411,13027607,7,"Sucesso"
Aleatorio,KDTree,Insercao,50000,0.027860,557.20,0,2799337,3200000,38,"Dimensao=2"
Aleatorio,KDTree,Busca,50000,0.021900,438.01,0,5748674,3200000,38,"Dimensao=2"
Aleatorio,KDTree,Remocao,25000,0.016637,665.47,0,7666411,3200000,36,"Dimensao=2"
Clusterizado,KDTree,Insercao,50000,0.035359,707.19,0,2861376,3600000,35,"Dimensao=3"
Clusterizado,KDTree,Busca,50000,0.028169,563.38,0,5922752,3600000,35,"Dimensao=3"
Clusterizado,KDTree,Remocao,25000,0.023574,942.95,0,8152827,3600000,34,"Dimensao=3"
Diagonal,KDTree,Insercao,50000,16.088755,321775.10,0,3749925000,4000000,49999,"Dimensao=4"
Diagonal,KDTree,Busca,50000,9.048062,180961.25,0,7500100000,4000000,49999,"Dimensao=4"
Diagonal,KDTree,Remocao,25000,59.937357,2397494.29,0,22499750000,4000000,24999,"Dimensao=4"
Aleatorio,AVL,Insercao,100000,0.092609,926.09,63019,2277678,2880000,19,"Sucesso"
Aleatorio,AVL,Busca,100000,0.059795,597.95,63019,4701438,2880000,19,"Sucesso"
Aleatorio,AVL,Remocao,100000,0.156116,3122.32,82993,6014373,2880000,17,"Sucesso"
Aleatorio,BST,Insercao,100000,0.083244,832.44,0,3012344,2160000,38,"Sucesso"
Aleatorio,BST,Busca,100000,0.064088,640.88,0,6214688,2160000,38,"Sucesso"
Aleatorio,BST,Remocao,100000,0.039872,797.43,0,7843102,2160000,35,"Sucesso"
Aleatorio,Splay,Insercao,100000,0.124026,1240.26,2072080,3118130,2880000,47,"Sucesso"
Aleatorio,Splay,Busca,100000,0.129663,1296.63,4298649,7671268,2880000,47,"Sucesso"
Aleatorio,Splay,Remocao,100000,0.069646,1392.92,5762797,10500838,2880000,43,"Sucesso"
Aleatorio,Treap,Insercao,100000,0.087364,873.64,180632,4906178,2880000,40,"Sucesso"
Aleatorio,Treap,Busca,100000,0.066908,669.08,180632,7953245,2880000,40,"Sucesso"
Aleatorio,Treap,Remocao,100000,0.047725,954.49,274542,9725868,2880000,34,"Sucesso"
Ordenado,AVL,Insercao,100000,0.016319,163.19,99983,3137858,3200000,16,"Sucesso"
Ordenado,AVL,Busca,100000,0.009668,96.68,99983,5553733,3200000,16,"Sucesso"
Ordenado,AVL,Remocao,100000,0.007541,150.82,124979,6266649,3200000,15,"Sucesso"
Ordenado,BST,Insercao,100000,67.514585,675145.85,0,9999900000,2400000,99999,"Sucesso"
Ordenado,BST,Busca,100000,19.829369,198293.69,0,20000000000,2400000,99999,"Sucesso"
Ordenado,BST,Remocao,100000,0.001068,21.36,0,20000150000,2400000,49999,"Sucesso"
Ordenado,Splay,Insercao,100000,0.005080,50.80,99999,199998,3200000,99999,"Sucesso"
Ordenado,Splay,Busca,100000,0.014243,142.43,541425,1182850,3200000,99999,"Sucesso"
Ordenado,Splay,Remocao,100000,0.010686,213.73,812158,1924316,3200000,18,"Sucesso"
Ordenado,Treap,Insercao,100000,0.012560,125.60,99986,3251877,3200000,38,"Sucesso"
Ordenado,Treap,Busca,100000,0.009068,90.68,99986,6360046,3200000,38,"Sucesso"
Ordenado,Treap,Remocao,100000,0.005729,114.58,149983,7187549,3200000,33,"Sucesso"
Decrescente,AVL,Insercao,100000,0.015450,154.50,99983,1568929,3200000,16,"Sucesso"
Decrescente,AVL,Busca,100000,0.007389,73.89,99983,3959892,3200000,16,"Sucesso"
Decrescente,AVL,Remocao,100000,0.007402,148.05,124979,5260724,3200000,15,"Sucesso"
Decrescente,BST,Insercao,100000,37.740919,377409.19,0,4999950000,2400000,99999,"Sucesso"
Decrescente,BST,Busca,100000,14.809599,148095.99,0,10000100000,2400000,99999,"Sucesso"
Decrescente,BST,Remocao,100000,0.000696,13.92,0,10000250000,2400000,49999,"Sucesso"
Decrescente,Splay,Insercao,100000,0.002310,23.10,99999,99999,3200000,99999,"Sucesso"
Decrescente,Splay,Busca,100000,0.005158,51.58,541425,1082851,3200000,99999,"Sucesso"
Decrescente,Splay,Remocao,100000,0.005513,110.27,812158,1774317,3200000,18,"Sucesso"
Decrescente,Treap,Insercao,100000,0.009412,94.12,99987,2294588,3200000,40,"Sucesso"
Decrescente,Treap,Busca,100000,0.006746,67.46,99987,5435751,3200000,40,"Sucesso"
Decrescente,Treap,Remocao,100000,0.003958,79.16,149986,6697104,3200000,36,"Sucesso"
Decrescente,Trie,Insercao,100000,0.096871,968.71,0,5159600,21720096,33,"Sucesso"
Decrescente,Trie,Busca,100000,0.079794,797.94,0,10319200,21720096,33,"Sucesso"
Decrescente,Trie,Remocao,100000,0.047034,940.67,0,25796051,21720096,33,"Sucesso"
Decrescente,Patricia,Insercao,100000,0.099766,997.66,0,3702314,26332832,7,"Sucesso"
Decrescente,Patricia,Busca,100000,0.078371,783.71,0,7851514,26332832,7,"Sucesso"
Decrescente,Patricia,Remocao,100000,0.042117,842.34,0,16822214,26332832,7,"Sucesso"
Ordenado,Trie,Insercao,100000,0.097401,974.01,0,5159600,21720096,33,"Sucesso"
Ordenado,Trie,Busca,100000,0.086197,861.97,0,10319200,21720096,33,"Sucesso"
Ordenado,Trie,Remocao,100000,0.049491,989.82,0,29696208,21720096,33,"Sucesso"
Ordenado,Patricia,Insercao,100000,0.087513,875.13,0,3668714,26332680,7,"Sucesso"
Ordenado,Patricia,Busca,100000,0.075800,758.00,0,7817914,26332680,7,"Sucesso"
Ordenado,Patricia,Remocao,100000,0.042890,857.81,0,17107114,26332680,7,"Sucesso"
Aleatorio,Trie,Insercao,100000,0.098431,984.31,0,5159896,19642824,33,"Sucesso"
Aleatorio,Trie,Busca,100000,0.089083,890.83,0,10319792,19642824,33,"Sucesso"
Aleatorio,Trie,Remocao,100000,0.058369,1167.39,0,26748530,19642824,33,"Sucesso"
Aleatorio,Patricia,Insercao,100000,0.090439,904.39,0,3898112,23803506,7,"Sucesso"
Aleatorio,Patricia,Busca,100000,0.087157,871.57,0,8047832,23803506,7,"Sucesso"
Aleatorio,Patricia,Remocao,100000,0.048166,963.33,0,17566607,23803506,7,"Sucesso"
Aleatorio,KDTree,Insercao,100000,0.087974,879.74,0,6018630,6400000,40,"Dimensao=2"
Aleatorio,KDTree,Busca,100000,0.069549,695.49,0,12337260,6400000,40,"Dimensao=2"
Aleatorio,KDTree,Remocao,50000,0.053899,1077.98,0,16384643,6400000,38,"Dimensao=2"
Clusterizado,KDTree,Insercao,100000,0.089789,897.89,0,6132092,7200000,39,"Dimensao=3"
Clusterizado,KDTree,Busca,100000,0.071290,712.90,0,12664184,7200000,39,"Dimensao=3"
Clusterizado,KDTree,Remocao,50000,0.059598,1191.95,0,17328008,7200000,36,"Dimensao=3"
Aleatorio,AVL,Insercao,100,0.000015,150.80,75,831,3200,7,"Sucesso"
Aleatorio,AVL,Busca,100,0.000006,61.95,75,1755,3200,7,"Sucesso"
Aleatorio,AVL,Remocao,100,0.000009,180.83,97,2331,3200,6,"Sucesso"
Aleatorio,BST,Insercao,100,0.000018,178.95,0,992,2400,11,"Sucesso"
Aleatorio,BST,Busca,100,0.000009,85.09,0,2184,2400,11,"Sucesso"
Aleatorio,BST,Remocao,100,0.000010,207.11,0,2771,2400,10,"Sucesso"
Aleatorio,Splay,Insercao,100,0.000038,380.43,653,981,3200,15,"Sucesso"
Aleatorio,Splay,Busca,100,0.000041,407.34,1475,2725,3200,15,"Sucesso"
Aleatorio,Splay,Remocao,100,0.000022,438.00,1920,3772,3200,12,"Sucesso"
Aleatorio,Treap,Insercao,100,0.000029,289.70,193,1775,3200,13,"Sucesso"
Aleatorio,Treap,Busca,100,0.000009,93.55,193,2838,3200,13,"Sucesso"
Aleatorio,Treap,Remocao,100,0.000012,245.90,283,3611,3200,8,"Sucesso"
Ordenado,AVL,Insercao,100,0.000010,98.24,93,1146,3200,6,"Sucesso"
Ordenado,AVL,Busca,100,0.000005,45.36,93,2075,3200,6,"Sucesso"
Ordenado,AVL,Remocao,100,0.000004,86.35,116,2413,3200,5,"Sucesso"
Ordenado,BST,Insercao,100,0.000033,325.68,0,9900,2400,99,"Sucesso"
Ordenado,BST,Busca,100,0.000011,110.44,0,20000,2400,99,"Sucesso"
Ordenado,BST,Remocao,100,0.000003,56.94,0,20150,2400,49,"Sucesso"
Ordenado,Splay,Insercao,100,0.000004,36.92,99,198,3200,99,"Sucesso"
Ordenado,Splay,Busca,100,0.000004,36.91,515,1130,3200,99,"Sucesso"
Ordenado,Splay,Remocao,100,0.000004,75.71,774,1848,3200,6,"Sucesso"
Ordenado,Treap,Insercao,100,0.000013,128.58,96,1050,3200,11,"Sucesso"
Ordenado,Treap,Busca,100,0.000006,58.19,96,1997,3200,11,"Sucesso"
Ordenado,Treap,Remocao,100,0.000006,115.75,144,2437,3200,10,"Sucesso"
Decrescente,AVL,Insercao,100,0.000014,140.16,93,573,3200,6,"Sucesso"
Decrescente,AVL,Busca,100,0.000005,47.55,93,1484,3200,6,"Sucesso"
Decrescente,AVL,Remocao,100,0.000006,128.27,116,2035,3200,5,"Sucesso"
Decrescente,BST,Insercao,100,0.000043,432.68,0,4950,2400,99,"Sucesso"
Decrescente,BST,Busca,100,0.000011,113.88,0,10100,2400,99,"Sucesso"
Decrescente,BST,Remocao,100,0.000003,57.57,0,10250,2400,49,"Sucesso"
Decrescente,Splay,Insercao,100,0.000008,77.27,99,99,3200,99,"Sucesso"
Decrescente,Splay,Busca,100,0.000006,55.06,515,1031,3200,99,"Sucesso"
Decrescente,Splay,Remocao,100,0.000006,123.89,774,1699,3200,6,"Sucesso"
Decrescente,Treap,Insercao,100,0.000015,152.36,96,794,3200,11,"Sucesso"
Decrescente,Treap,Busca,100,0.000006,56.31,96,1841,3200,11,"Sucesso"
Decrescente,Treap,Remocao,100,0.000006,119.52,146,2495,3200,8,"Sucesso"
Decrescente,Trie,Insercao,100,0.000331,3314.07,0,4794,26568,23,"Sucesso"
Decrescente,Trie,Busca,100,0.000282,2817.57,0,9588,26568,23,"Sucesso"
Decrescente,Trie,Remocao,100,0.000158,3156.07,0,28259,26568,23,"Sucesso"
Decrescente,Patricia,Insercao,100,0.000175,1748.86,0,2697,26862,2,"Sucesso"
Decrescente,Patricia,Busca,100,0.000128,1282.39,0,5785,26862,2,"Sucesso"
Decrescente,Patricia,Remocao,100,0.000067,1334.01,0,11206,26862,2,"Sucesso"
Ordenado,Trie,Insercao,100,0.000206,2060.77,0,4384,25704,21,"Sucesso"
Ordenado,Trie,Busca,100,0.000128,1283.64,0,8768,25704,21,"Sucesso"
Ordenado,Trie,Remocao,100,0.000090,1791.41,0,23201,25704,21,"Sucesso"
Ordenado,Patricia,Insercao,100,0.000243,2434.33,0,2850,26574,3,"Sucesso"
Ordenado,Patricia,Busca,100,0.000249,2493.14,0,6018,26574,3,"Sucesso"
Ordenado,Patricia,Remocao,100,0.000109,2189.98,0,12563,26574,3,"Sucesso"
Aleatorio,Trie,Insercao,100,0.000175,1746.67,0,5088,139320,33,"Sucesso"
Aleatorio,Trie,Busca,100,0.000095,951.39,0,10176,139320,33,"Sucesso"
Aleatorio,Trie,Remocao,100,0.000084,1684.41,0,29726,139320,33,"Sucesso"
Aleatorio,Patricia,Insercao,100,0.000307,3070.36,0,2763,38643,5,"Sucesso"
Aleatorio,Patricia,Busca,100,0.000223,2229.09,0,6388,38643,5,"Sucesso"
Aleatorio,Patricia,Remocao,100,0.000150,3000.28,0,13483,38643,5,"Sucesso"
Aleatorio,KDTree,Insercao,100,0.000056,555.00,0,1761,6400,11,"Dimensao=2"
Aleatorio,KDTree,Busca,100,0.000012,121.39,0,3822,6400,11,"Dimensao=2"
Aleatorio,KDTree,Remocao,50,0.000019,382.30,0,5601,6400,10,"Dimensao=2"
Clusterizado,KDTree,Insercao,100,0.000035,349.77,0,2007,7200,12,"Dimensao=3"
Clusterizado,KDTree,Busca,100,0.000010,99.18,0,4414,7200,12,"Dimensao=3"
Clusterizado,KDTree,Remocao,50,0.000021,427.37,0,6687,7200,11,"Dimensao=3"
Diagonal,KDTree,Insercao,100,0.000116,1159.76,0,14850,8000,99,"Dimensao=4"
Diagonal,KDTree,Busca,100,0.000115,1152.25,0,30200,8000,99,"Dimensao=4"
Diagonal,KDTree,Remocao,50,0.000231,4628.99,0,89500,8000,49,"Dimensao=4"
Aleatorio,AVL,Insercao,1000,0.000161,160.84,721,13411,32000,11,"Sucesso"
Aleatorio,AVL,Busca,1000,0.000081,81.03,721,27689,32000,11,"Sucesso"
Aleatorio,AVL,Remocao,1000,0.000100,200.23,946,35986,32000,10,"Sucesso"
Aleatorio,BST,Insercao,1000,0.000123,122.86,0,16786,24000,19,"Sucesso"
Aleatorio,BST,Busca,1000,0.000071,71.21,0,35572,24000,19,"Sucesso"
Aleatorio,BST,Remocao,1000,0.000066,131.59,0,45113,24000,17,"Sucesso"
Aleatorio,Splay,Insercao,1000,0.000303,302.81,11370,17028,32000,22,"Sucesso"
Aleatorio,Splay,Busca,1000,0.000239,239.27,24480,44248,32000,22,"Sucesso"
Aleatorio,Splay,Remocao,1000,0.000132,263.42,32367,60641,32000,25,"Sucesso"
Aleatorio,Treap,Insercao,1000,0.000154,154.02,1963,26179,32000,18,"Sucesso"
Aleatorio,Treap,Busca,1000,0.000062,62.35,1963,41581,32000,18,"Sucesso"
Aleatorio,Treap,Remocao,1000,0.000064,128.58,2928,52060,32000,18,"Sucesso"
Ordenado,AVL,Insercao,1000,0.000076,76.49,990,17954,32000,9,"Sucesso"
Ordenado,AVL,Busca,1000,0.000033,33.44,990,31978,32000,9,"Sucesso"
Ordenado,AVL,Remocao,1000,0.000026,52.00,1238,36469,32000,9,"Sucesso"
Ordenado,BST,Insercao,1000,0.002821,2820.54,0,999000,24000,999,"Sucesso"
Ordenado,BST,Busca,1000,0.001056,1055.73,0,2000000,24000,999,"Sucesso"
Ordenado,BST,Remocao,1000,0.000011,21.09,0,2001500,24000,499,"Sucesso"
Ordenado,Splay,Insercao,1000,0.000032,32.44,999,1998,32000,999,"Sucesso"
Ordenado,Splay,Busca,1000,0.000031,30.82,5373,11746,32000,999,"Sucesso"
Ordenado,Splay,Remocao,1000,0.000045,90.48,8067,19134,32000,10,"Sucesso"
Ordenado,Treap,Insercao,1000,0.000070,70.45,992,19965,32000,25,"Sucesso"
Ordenado,Treap,Busca,1000,0.000045,45.18,992,38166,32000,25,"Sucesso"
Ordenado,Treap,Remocao,1000,0.000028,55.00,1489,43449,32000,25,"Sucesso"
Decrescente,AVL,Insercao,1000,0.000081,81.25,990,8977,32000,9,"Sucesso"
Decrescente,AVL,Busca,1000,0.000036,36.32,990,22914,32000,9,"Sucesso"
Decrescente,AVL,Remocao,1000,0.000028,55.69,1238,30646,32000,9,"Sucesso"
Decrescente,BST,Insercao,1000,0.002066,2066.50,0,499500,24000,999,"Sucesso"
Decrescente,BST,Busca,1000,0.000668,668.07,0,1001000,24000,999,"Sucesso"
Decrescente,BST,Remocao,1000,0.000008,15.95,0,1002500,24000,499,"Sucesso"
Decrescente,Splay,Insercao,1000,0.000029,29.38,999,999,32000,999,"Sucesso"
Decrescente,Splay,Busca,1000,0.000039,39.36,5373,10747,32000,999,"Sucesso"
Decrescente,Splay,Remocao,1000,0.000046,91.98,8067,17635,32000,10,"Sucesso"
Decrescente,Treap,Insercao,1000,0.000090,89.73,992,12974,32000,19,"Sucesso"
Decrescente,Treap,Busca,1000,0.000063,63.01,992,29575,32000,19,"Sucesso"
Decrescente,Treap,Remocao,1000,0.000028,55.94,1493,37860,32000,17,"Sucesso"
Decrescente,Trie,Insercao,1000,0.000938,937.88,0,48596,220752,24,"Sucesso"
Decrescente,Trie,Busca,1000,0.000643,642.82,0,97192,220752,24,"Sucesso"
Decrescente,Trie,Remocao,1000,0.000439,877.43,0,273070,220752,24,"Sucesso"
Decrescente,Patricia,Insercao,1000,0.000760,759.61,0,29207,263299,3,"Sucesso"
Decrescente,Patricia,Busca,1000,0.000616,615.89,0,61399,263299,3,"Sucesso"
Decrescente,Patricia,Remocao,1000,0.000341,681.34,0,115377,263299,3,"Sucesso"
Ordenado,Trie,Insercao,1000,0.000972,972.41,0,42596,220104,21,"Sucesso"
Ordenado,Trie,Busca,1000,0.000798,798.00,0,85192,220104,21,"Sucesso"
Ordenado,Trie,Remocao,1000,0.000575,1150.68,0,232274,220104,21,"Sucesso"
Ordenado,Patricia,Insercao,1000,0.000806,806.01,0,26174,263274,3,"Sucesso"
Ordenado,Patricia,Busca,1000,0.000712,712.34,0,55366,263274,3,"Sucesso"
Ordenado,Patricia,Remocao,1000,0.000406,812.42,0,116978,263274,3,"Sucesso"
Aleatorio,Trie,Insercao,1000,0.001784,1783.52,0,51542,536328,33,"Sucesso"
Aleatorio,Trie,Busca,1000,0.001073,1073.06,0,103084,536328,33,"Sucesso"
Aleatorio,Trie,Remocao,1000,0.000948,1895.84,0,281453,536328,33,"Sucesso"
Aleatorio,Patricia,Insercao,1000,0.001395,1394.96,0,34665,345131,7,"Sucesso"
Aleatorio,Patricia,Busca,1000,0.000977,977.01,0,73913,345131,7,"Sucesso"
Aleatorio,Patricia,Remocao,1000,0.000696,1391.77,0,158332,345131,7,"Sucesso"
Aleatorio,KDTree,Insercao,1000,0.000337,336.98,0,32022,64000,21,"Dimensao=2"
Aleatorio,KDTree,Busca,1000,0.000214,214.49,0,67044,64000,21,"Dimensao=2"
Aleatorio,KDTree,Remocao,500,0.000215,429.92,0,93098,64000,19,"Dimensao=2"
Clusterizado,KDTree,Insercao,1000,0.000199,198.73,0,33381,72000,20,"Dimensao=3"
Clusterizado,KDTree,Busca,1000,0.000131,130.77,0,70762,72000,20,"Dimensao=3"
Clusterizado,KDTree,Remocao,500,0.000172,344.83,0,102695,72000,18,"Dimensao=3"
Diagonal,KDTree,Insercao,1000,0.003640,3640.03,0,1498500,80000,999,"Dimensao=4"
Diagonal,KDTree,Busca,1000,0.002523,2523.14,0,3002000,80000,999,"Dimensao=4"
Diagonal,KDTree,Remocao,500,0.012554,25108.91,0,8995000,80000,499,"Dimensao=4"
Aleatorio,AVL,Insercao,10000,0.002083,208.28,6880,180336,316032,15,"Sucesso"
Aleatorio,AVL,Busca,10000,0.001003,100.31,6880,378695,316032,15,"Sucesso"
Aleatorio,AVL,Remocao,10000,0.001093,218.56,8934,485865,316032,14,"Sucesso"
Aleatorio,BST,Insercao,10000,0.001302,130.17,0,235262,237024,29,"Sucesso"
Aleatorio,BST,Busca,10000,0.000914,91.41,0,490400,237024,29,"Sucesso"
Aleatorio,BST,Remocao,10000,0.000720,143.92,0,621218,237024,25,"Sucesso"
Aleatorio,Splay,Insercao,10000,0.003487,348.74,161732,242685,316032,34,"Sucesso"
Aleatorio,Splay,Busca,10000,0.002743,274.30,340683,610587,316032,34,"Sucesso"
Aleatorio,Splay,Remocao,10000,0.001797,359.37,455674,838084,316032,31,"Sucesso"
Aleatorio,Treap,Insercao,10000,0.002281,228.14,20051,389487,316032,31,"Sucesso"
Aleatorio,Treap,Busca,10000,0.001229,122.90,20051,626764,316032,31,"Sucesso"
Aleatorio,Treap,Remocao,10000,0.001209,241.78,29915,769734,316032,26,"Sucesso"
Ordenado,AVL,Insercao,10000,0.001442,144.20,9986,247234,320000,13,"Sucesso"
Ordenado,AVL,Busca,10000,0.000642,64.15,9986,436210,320000,13,"Sucesso"
Ordenado,AVL,Remocao,10000,0.000390,77.99,12483,493006,320000,12,"Sucesso"
Ordenado,BST,Insercao,10000,0.217144,21714.41,0,99990000,240000,9999,"Sucesso"
Ordenado,BST,Busca,10000,0.103498,10349.80,0,200000000,240000,9999,"Sucesso"
Ordenado,BST,Remocao,10000,0.000055,10.91,0,200015000,240000,4999,"Sucesso"
Ordenado,Splay,Insercao,10000,0.000209,20.90,9999,19998,320000,9999,"Sucesso"
Ordenado,Splay,Busca,10000,0.000318,31.82,54111,118222,320000,9999,"Sucesso"
Ordenado,Splay,Remocao,10000,0.000319,63.78,81182,192364,320000,15,"Sucesso"
Ordenado,Treap,Insercao,10000,0.000533,53.29,9991,233076,320000,30,"Sucesso"
Ordenado,Treap,Busca,10000,0.000369,36.95,9991,463868,320000,30,"Sucesso"
Ordenado,Treap,Remocao,10000,0.000216,43.18,14983,539088,320000,24,"Sucesso"
Decrescente,AVL,Insercao,10000,0.000587,58.71,9986,123617,320000,13,"Sucesso"
Decrescente,AVL,Busca,10000,0.000342,34.22,9986,315534,320000,13,"Sucesso"
Decrescente,AVL,Remocao,10000,0.000237,47.49,12483,416626,320000,12,"Sucesso"
Decrescente,BST,Insercao,10000,0.208777,20877.68,0,49995000,240000,9999,"Sucesso"
Decrescente,BST,Busca,10000,0.108166,10816.60,0,100010000,240000,9999,"Sucesso"
Decrescente,BST,Remocao,10000,0.000055,11.01,0,100025000,240000,4999,"Sucesso"
Decrescente,Splay,Insercao,10000,0.000188,18.81,9999,9999,320000,9999,"Sucesso"
Decrescente,Splay,Busca,10000,0.000296,29.65,54111,108223,320000,9999,"Sucesso"
Decrescente,Splay,Remocao,10000,0.000249,49.78,81182,177365,320000,15,"Sucesso"
Decrescente,Treap,Insercao,10000,0.000563,56.35,9994,157902,320000,30,"Sucesso"
Decrescente,Treap,Busca,10000,0.000355,35.47,9994,406879,320000,30,"Sucesso"
Decrescente,Treap,Remocao,10000,0.000210,41.95,14992,527529,320000,28,"Sucesso"
Decrescente,Trie,Insercao,10000,0.012414,1241.42,0,501960,2172096,25,"Sucesso"
Decrescente,Trie,Busca,10000,0.006628,662.79,0,1003920,2172096,25,"Sucesso"
Decrescente,Trie,Remocao,10000,0.005321,1064.28,0,2739946,2172096,25,"Sucesso"
Decrescente,Patricia,Insercao,10000,0.009858,985.75,0,330231,2633201,5,"Sucesso"
Decrescente,Patricia,Busca,10000,0.006680,667.99,0,696151,2633201,5,"Sucesso"
Decrescente,Patricia,Remocao,10000,0.003490,698.03,0,1455221,2633201,5,"Sucesso"
Ordenado,Trie,Insercao,10000,0.008393,839.30,0,421960,2171232,21,"Sucesso"
Ordenado,Trie,Busca,10000,0.005808,580.80,0,843920,2171232,21,"Sucesso"
Ordenado,Trie,Remocao,10000,0.003950,789.93,0,2376501,2171232,21,"Sucesso"
Ordenado,Patricia,Insercao,10000,0.011069,1106.94,0,289875,2633170,5,"Sucesso"
Ordenado,Patricia,Busca,10000,0.007386,738.60,0,615795,2633170,5,"Sucesso"
Ordenado,Patricia,Remocao,10000,0.005732,1146.50,0,1319715,2633170,5,"Sucesso"
Aleatorio,Trie,Insercao,10000,0.009988,998.84,0,515122,2944080,33,"Sucesso"
Aleatorio,Trie,Busca,10000,0.007731,773.11,0,1030244,2944080,33,"Sucesso"
Aleatorio,Trie,Remocao,10000,0.005103,1020.58,0,2739617,2944080,33,"Sucesso"
Aleatorio,Patricia,Insercao,10000,0.011767,1176.75,0,379843,3301854,7,"Sucesso"
Aleatorio,Patricia,Busca,10000,0.007138,713.84,0,792637,3301854,7,"Sucesso"
Aleatorio,Patricia,Remocao,10000,0.004102,820.48,0,1733584,3301854,7,"Sucesso"
Aleatorio,KDTree,Insercao,10000,0.003316,331.63,0,463257,640000,30,"Dimensao=2"
Aleatorio,KDTree,Busca,10000,0.002178,217.81,0,956514,640000,30,"Dimensao=2"
Aleatorio,KDTree,Remocao,5000,0.001680,335.95,0,1291067,640000,27,"Dimensao=2"
Clusterizado,KDTree,Insercao,10000,0.003278,327.75,0,474727,720000,29,"Dimensao=3"
Clusterizado,KDTree,Busca,10000,0.003036,303.57,0,989454,720000,29,"Dimensao=3"
Clusterizado,KDTree,Remocao,5000,0.002800,560.08,0,1384265,720000,29,"Dimensao=3"
Diagonal,KDTree,Insercao,10000,0.402691,40269.10,0,149985000,800000,9999,"Dimensao=4"
Diagonal,KDTree,Busca,10000,0.260268,26026.76,0,300020000,800000,9999,"Dimensao=4"
Diagonal,KDTree,Remocao,5000,1.743687,348737.45,0,899950000,800000,4999,"Dimensao=4"
Aleatorio,AVL,Insercao,50000,0.019597,391.95,33165,1069579,1516992,18,"Sucesso"
Aleatorio,AVL,Busca,50000,0.013189,263.79,33165,2210707,1516992,18,"Sucesso"
Aleatorio,AVL,Remocao,50000,0.009041,361.65,43588,2834173,1516992,16,"Sucesso"
Aleatorio,BST,Insercao,50000,0.010833,216.66,0,1409764,1137744,34,"Sucesso"
Aleatorio,BST,Busca,50000,0.008168,163.36,0,2916934,1137744,34,"Sucesso"
Aleatorio,BST,Remocao,50000,0.004944,197.74,0,3684765,1137744,32,"Sucesso"
Aleatorio,Splay,Insercao,50000,0.029662,593.24,971527,1459702,1516992,39,"Sucesso"
Aleatorio,Splay,Busca,50000,0.029598,591.95,2025415,3617478,1516992,39,"Sucesso"
Aleatorio,Splay,Remocao,50000,0.019632,785.30,2715151,4956799,1516992,50,"Sucesso"
Aleatorio,Treap,Insercao,50000,0.018552,371.03,94682,2316478,1516992,35,"Sucesso"
Aleatorio,Treap,Busca,50000,0.011021,220.42,94682,3719238,1516992,35,"Sucesso"
Aleatorio,Treap,Remocao,50000,0.010806,432.25,143552,4549565,1516992,32,"Sucesso"
Ordenado,AVL,Insercao,50000,0.005212,104.23,49984,1468930,1600000,15,"Sucesso"
Ordenado,AVL,Busca,50000,0.003455,69.10,49984,2601876,1600000,15,"Sucesso"
Ordenado,AVL,Remocao,50000,0.003071,122.83,62480,2939584,1600000,14,"Sucesso"
Ordenado,BST,Insercao,50000,6.674020,133480.40,0,2499950000,1200000,49999,"Sucesso"
Ordenado,BST,Busca,50000,3.943734,78874.68,0,5000000000,1200000,49999,"Sucesso"
Ordenado,BST,Remocao,50000,0.000765,30.59,0,5000075000,1200000,24999,"Sucesso"
Ordenado,Splay,Insercao,50000,0.001320,26.40,49999,99998,1600000,49999,"Sucesso"
Ordenado,Splay,Busca,50000,0.001893,37.86,270687,591374,1600000,49999,"Sucesso"
Ordenado,Splay,Remocao,50000,0.002110,84.41,406050,962100,1600000,18,"Sucesso"
Ordenado,Treap,Insercao,50000,0.003651,73.01,49983,1540731,1600000,38,"Sucesso"
Ordenado,Treap,Busca,50000,0.002450,49.00,49983,2992374,1600000,38,"Sucesso"
Ordenado,Treap,Remocao,50000,0.001211,48.43,74978,3374182,1600000,38,"Sucesso"
Decrescente,AVL,Insercao,50000,0.004865,97.30,49984,734465,1600000,15,"Sucesso"
Decrescente,AVL,Busca,50000,0.002466,49.33,49984,1854962,1600000,15,"Sucesso"
Decrescente,AVL,Remocao,50000,0.001930,77.20,62480,2467878,1600000,14,"Sucesso"
Decrescente,BST,Insercao,50000,6.884529,137690.57,0,1249975000,1200000,49999,"Sucesso"
Decrescente,BST,Busca,50000,2.873055,57461.09,0,2500050000,1200000,49999,"Sucesso"
Decrescente,BST,Remocao,50000,0.000276,11.04,0,2500125000,1200000,24999,"Sucesso"
Decrescente,Splay,Insercao,50000,0.001115,22.29,49999,49999,1600000,49999,"Sucesso"
Decrescente,Splay,Busca,50000,0.001622,32.44,270687,541375,1600000,49999,"Sucesso"
Decrescente,Splay,Remocao,50000,0.001670,66.78,406050,887101,1600000,18,"Sucesso"
Decrescente,Treap,Insercao,50000,0.003394,67.87,49990,1084010,1600000,36,"Sucesso"
Decrescente,Treap,Busca,50000,0.002482,49.65,49990,2581725,1600000,36,"Sucesso"
Decrescente,Treap,Remocao,50000,0.001414,56.57,74987,3179988,1600000,34,"Sucesso"
Decrescente,Trie,Insercao,50000,0.048714,974.29,0,2449800,10858968,29,"Sucesso"
Decrescente,Trie,Busca,50000,0.039396,787.91,0,4899600,10858968,29,"Sucesso"
Decrescente,Trie,Remocao,50000,0.024766,990.64,0,12866391,10858968,29,"Sucesso"
Decrescente,Patricia,Insercao,50000,0.047034,940.68,0,1741161,13166243,6,"Sucesso"
Decrescente,Patricia,Busca,50000,0.034972,699.43,0,3690761,13166243,6,"Sucesso"
Decrescente,Patricia,Remocao,50000,0.018612,744.47,0,8068111,13166243,6,"Sucesso"
Ordenado,Trie,Insercao,50000,0.054004,1080.09,0,2709800,10861560,33,"Sucesso"
Ordenado,Trie,Busca,50000,0.039706,794.12,0,5419600,10861560,33,"Sucesso"
Ordenado,Trie,Remocao,50000,0.025576,1023.04,0,15365935,10861560,33,"Sucesso"
Ordenado,Patricia,Insercao,50000,0.045847,916.95,0,1869352,13166490,7,"Sucesso"
Ordenado,Patricia,Busca,50000,0.036901,738.01,0,4008952,13166490,7,"Sucesso"
Ordenado,Patricia,Remocao,50000,0.019720,788.78,0,8664552,13166490,7,"Sucesso"
Aleatorio,Trie,Insercao,50000,0.047410,948.20,0,2578352,10792656,33,"Sucesso"
Aleatorio,Trie,Busca,50000,0.038255,765.09,0,5156704,10792656,33,"Sucesso"
Aleatorio,Trie,Remocao,50000,0.027870,1114.78,0,13438060,10792656,33,"Sucesso"
Aleatorio,Patricia,Insercao,50000,0.045819,916.38,0,1936481,13027607,7,"Sucesso"
Aleatorio,Patricia,Busca,50000,0.037711,754.22,0,4010681,13027607,7,"Sucesso"
Aleatorio,Patricia,Remocao,50000,0.019864,794.54,0,8793411,13027607,7,"Sucesso"
Aleatorio,KDTree,Insercao,50000,0.036925,738.49,0,2799337,3200000,38,"Dimensao=2"
Aleatorio,KDTree,Busca,50000,0.024244,484.89,0,5748674,3200000,38,"Dimensao=2"
Aleatorio,KDTree,Remocao,25000,0.016644,665.76,0,7666411,3200000,36,"Dimensao=2"
Clusterizado,KDTree,Insercao,50000,0.028463,569.27,0,2861376,3600000,35,"Dimensao=3"
Clusterizado,KDTree,Busca,50000,0.020157,403.13,0,5922752,3600000,35,"Dimensao=3"
Clusterizado,KDTree,Remocao,25000,0.014785,591.39,0,8152827,3600000,34,"Dimensao=3"
Diagonal,KDTree,Insercao,50000,17.385261,347705.22,0,3749925000,4000000,49999,"Dimensao=4"
Diagonal,KDTree,Busca,50000,8.937012,178740.24,0,7500100000,4000000,49999,"Dimensao=4"
Diagonal,KDTree,Remocao,25000,64.545483,2581819.30,0,22499750000,4000000,24999,"Dimensao=4"
Aleatorio,AVL,Insercao,100000,0.054634,546.34,63019,2277678,2880000,19,"Sucesso"
Aleatorio,AVL,Busca,100000,0.033291,332.91,63019,4701438,2880000,19,"Sucesso"
Aleatorio,AVL,Remocao,100000,0.025067,501.35,82993,6014373,2880000,17,"Sucesso"
Aleatorio,BST,Insercao,100000,0.045259,452.59,0,3012344,2160000,38,"Sucesso"
Aleatorio,BST,Busca,100000,0.041561,415.61,0,6214688,2160000,38,"Sucesso"
Aleatorio,BST,Remocao,100000,0.023389,467.79,0,7843102,2160000,35,"Sucesso"
Aleatorio,Splay,Insercao,100000,0.098790,987.90,2072080,3118130,2880000,47,"Sucesso"
Aleatorio,Splay,Busca,100000,0.095333,953.33,4298649,7671268,2880000,47,"Sucesso"
Aleatorio,Splay,Remocao,100000,0.045584,911.68,5762797,10500838,2880000,43,"Sucesso"
Aleatorio,Treap,Insercao,100000,0.055741,557.41,179157,4760361,2880000,41,"Sucesso"
Aleatorio,Treap,Busca,100000,0.040775,407.75,179157,7685931,2880000,41,"Sucesso"
Aleatorio,Treap,Remocao,100000,0.033175,663.49,274475,9456910,2880000,36,"Sucesso"
Ordenado,AVL,Insercao,100000,0.012732,127.32,99983,3137858,3200000,16,"Sucesso"
Ordenado,AVL,Busca,100000,0.006659,66.59,99983,5553733,3200000,16,"Sucesso"
Ordenado,AVL,Remocao,100000,0.005470,109.40,124979,6266649,3200000,15,"Sucesso"
Ordenado,BST,Insercao,100000,52.848090,528480.90,0,9999900000,2400000,99999,"Sucesso"
Ordenado,BST,Busca,100000,14.855806,148558.06,0,20000000000,2400000,99999,"Sucesso"
Ordenado,BST,Remocao,100000,0.000718,14.36,0,20000150000,2400000,49999,"Sucesso"
Ordenado,Splay,Insercao,100000,0.002832,28.32,99999,199998,3200000,99999,"Sucesso"
Ordenado,Splay,Busca,100000,0.005240,52.40,541425,1182850,3200000,99999,"Sucesso"
Ordenado,Splay,Remocao,100000,0.004235,84.71,812158,1924316,3200000,18,"Sucesso"
Ordenado,Treap,Insercao,100000,0.009755,97.55,99987,3684162,3200000,38,"Sucesso"
Ordenado,Treap,Busca,100000,0.007237,72.37,99987,6960743,3200000,38,"Sucesso"
Ordenado,Treap,Remocao,100000,0.004687,93.74,149992,7671202,3200000,35,"Sucesso"
Decrescente,AVL,Insercao,100000,0.011654,116.54,99983,1568929,3200000,16,"Sucesso"
Decrescente,AVL,Busca,100000,0.006176,61.76,99983,3959892,3200000,16,"Sucesso"
Decrescente,AVL,Remocao,100000,0.004354,87.08,124979,5260724,3200000,15,"Sucesso"
Decrescente,BST,Insercao,100000,48.088658,480886.58,0,4999950000,2400000,99999,"Sucesso"
Decrescente,BST,Busca,100000,13.815014,138150.14,0,10000100000,2400000,99999,"Sucesso"
Decrescente,BST,Remocao,100000,0.000703,14.06,0,10000250000,2400000,49999,"Sucesso"
Decrescente,Splay,Insercao,100000,0.002471,24.71,99999,99999,3200000,99999,"Sucesso"
Decrescente,Splay,Busca,100000,0.003526,35.26,541425,1082851,3200000,99999,"Sucesso"
Decrescente,Splay,Remocao,100000,0.002898,57.95,812158,1774317,3200000,18,"Sucesso"
Decrescente,Treap,Insercao,100000,0.006790,67.90,99987,2100500,3200000,40,"Sucesso"
Decrescente,Treap,Busca,100000,0.004754,47.54,99987,5356757,3200000,40,"Sucesso"
Decrescente,Treap,Remocao,100000,0.002710,54.21,149988,6910950,3200000,40,"Sucesso"
Decrescente,Trie,Insercao,100000,0.128966,1289.66,0,5159600,21720096,33,"Sucesso"
Decrescente,Trie,Busca,100000,0.070785,707.85,0,10319200,21720096,33,"Sucesso"
Decrescente,Trie,Remocao,100000,0.040727,814.53,0,25796051,21720096,33,"Sucesso"
Decrescente,Patricia,Insercao,100000,0.089453,894.53,0,3702314,26332832,7,"Sucesso"
Decrescente,Patricia,Busca,100000,0.068688,686.88,0,7851514,26332832,7,"Sucesso"
Decrescente,Patricia,Remocao,100000,0.036313,726.26,0,16822214,26332832,7,"Sucesso"
Ordenado,Trie,Insercao,100000,0.093585,935.85,0,5159600,21720096,33,"Sucesso"
Ordenado,Trie,Busca,100000,0.072979,729.79,0,10319200,21720096,33,"Sucesso"
Ordenado,Trie,Remocao,100000,0.045362,907.24,0,29696208,21720096,33,"Sucesso"
Ordenado,Patricia,Insercao,100000,0.082942,829.42,0,3668714,26332680,7,"Sucesso"
Ordenado,Patricia,Busca,100000,0.070604,706.04,0,7817914,26332680,7,"Sucesso"
Ordenado,Patricia,Remocao,100000,0.038333,766.66,0,17107114,26332680,7,"Sucesso"
Aleatorio,Trie,Insercao,100000,0.086285,862.85,0,5159896,19642824,33,"Sucesso"
Aleatorio,Trie,Busca,100000,0.080246,802.46,0,10319792,19642824,33,"Sucesso"
Aleatorio,Trie,Remocao,100000,0.049224,984.49,0,26748530,19642824,33,"Sucesso"
Aleatorio,Patricia,Insercao,100000,0.083967,839.67,0,3898112,23803506,7,"Sucesso"
Aleatorio,Patricia,Busca,100000,0.076290,762.90,0,8047832,23803506,7,"Sucesso"
Aleatorio,Patricia,Remocao,100000,0.041340,826.80,0,17566607,23803506,7,"Sucesso"
Aleatorio,KDTree,Insercao,100000,0.076395,763.95,0,6018630,6400000,40,"Dimensao=2"
Aleatorio,KDTree,Busca,100000,0.059225,592.25,0,12337260,6400000,40,"Dimensao=2"
Aleatorio,KDTree,Remocao,50000,0.044104,882.07,0,16384643,6400000,38,"Dimensao=2"
Clusterizado,KDTree,Insercao,100000,0.072857,728.57,0,6132092,7200000,39,"Dimensao=3"
Clusterizado,KDTree,Busca,100000,0.056361,563.61,0,12664184,7200000,39,"Dimensao=3"
Clusterizado,KDTree,Remocao,50000,0.051815,1036.30,0,17328008,7200000,36,"Dimensao=3"
Diagonal,KDTree,Insercao,100000,108.819562,1088195.62,0,14999850000,8000000,99999,"Dimensao=4"
Diagonal,KDTree,Busca,100000,46.891903,468919.03,0,30000200000,8000000,99999,"Dimensao=4"
Diagonal,KDTree,Remocao,50000,281.070867,5621417.34,0,89999500000,8000000,49999,"Dimensao=4"
Aleatorio,AVL,Insercao,100,0.000010,104.26,75,831,3200,7,"Sucesso"
Aleatorio,AVL,Busca,100,0.000004,42.89,75,1755,3200,7,"Sucesso"
Aleatorio,AVL,Remocao,100,0.000006,122.73,97,2331,3200,6,"Sucesso"
Aleatorio,BST,Insercao,100,0.000013,126.37,0,992,2400,11,"Sucesso"
Aleatorio,BST,Busca,100,0.000005,53.12,0,2184,2400,11,"Sucesso"
Aleatorio,BST,Remocao,100,0.000007,143.19,0,2771,2400,10,"Sucesso"
Aleatorio,Splay,Insercao,100,0.000028,275.83,653,981,3200,15,"Sucesso"
Aleatorio,Splay,Busca,100,0.000022,219.74,1475,2725,3200,15,"Sucesso"
Aleatorio,Splay,Remocao,100,0.000023,452.02,1920,3772,3200,12,"Sucesso"
Aleatorio,Treap,Insercao,100,0.000016,158.70,144,1664,3200,14,"Sucesso"
Aleatorio,Treap,Busca,100,0.000006,59.72,144,2770,3200,14,"Sucesso"
Aleatorio,Treap,Remocao,100,0.000007,147.15,237,3565,3200,11,"Sucesso"
Ordenado,AVL,Insercao,100,0.000008,76.22,93,1146,3200,6,"Sucesso"
Ordenado,AVL,Busca,100,0.000004,37.61,93,2075,3200,6,"Sucesso"
Ordenado,AVL,Remocao,100,0.000003,65.99,116,2413,3200,5,"Sucesso"
Ordenado,BST,Insercao,100,0.000034,335.88,0,9900,2400,99,"Sucesso"
Ordenado,BST,Busca,100,0.000012,117.13,0,20000,2400,99,"Sucesso"
Ordenado,BST,Remocao,100,0.000002,37.61,0,20150,2400,49,"Sucesso"
Ordenado,Splay,Insercao,100,0.000004,36.62,99,198,3200,99,"Sucesso"
Ordenado,Splay,Busca,100,0.000004,41.58,515,1130,3200,99,"Sucesso"
Ordenado,Splay,Remocao,100,0.000004,73.90,774,1848,3200,6,"Sucesso"
Ordenado,Treap,Insercao,100,0.000018,184.11,95,1284,3200,13,"Sucesso"
Ordenado,Treap,Busca,100,0.000005,50.15,95,2350,3200,13,"Sucesso"
Ordenado,Treap,Remocao,100,0.000006,118.78,146,2784,3200,8,"Sucesso"
Decrescente,AVL,Insercao,100,0.000008,78.53,93,573,3200,6,"Sucesso"
Decrescente,AVL,Busca,100,0.000004,38.27,93,1484,3200,6,"Sucesso"
Decrescente,AVL,Remocao,100,0.000003,64.01,116,2035,3200,5,"Sucesso"
Decrescente,BST,Insercao,100,0.000025,254.05,0,4950,2400,99,"Sucesso"
Decrescente,BST,Busca,100,0.000010,95.03,0,10100,2400,99,"Sucesso"
Decrescente,BST,Remocao,100,0.000001,21.77,0,10250,2400,49,"Sucesso"
Decrescente,Splay,Insercao,100,0.000003,30.68,99,99,3200,99,"Sucesso"
Decrescente,Splay,Busca,100,0.000003,31.34,515,1031,3200,99,"Sucesso"
Decrescente,Splay,Remocao,100,0.000003,59.39,774,1699,3200,6,"Sucesso"
Decrescente,Treap,Insercao,100,0.000008,82.48,95,720,3200,13,"Sucesso"
Decrescente,Treap,Busca,100,0.000004,42.90,95,1849,3200,13,"Sucesso"
Decrescente,Treap,Remocao,100,0.000003,66.64,141,2507,3200,12,"Sucesso"
Decrescente,Trie,Insercao,100,0.000104,1040.31,0,4794,26568,23,"Sucesso"
Decrescente,Trie,Busca,100,0.000076,756.55,0,9588,26568,23,"Sucesso"
Decrescente,Trie,Remocao,100,0.000056,1127.09,0,28259,26568,23,"Sucesso"
Decrescente,Patricia,Insercao,100,0.000110,1104.31,0,2697,26862,2,"Sucesso"
Decrescente,Patricia,Busca,100,0.000091,906.35,0,5785,26862,2,"Sucesso"
Decrescente,Patricia,Remocao,100,0.000048,950.89,0,11206,26862,2,"Sucesso"
Ordenado,Trie,Insercao,100,0.000108,1082.54,0,4384,25704,21,"Sucesso"
Ordenado,Trie,Busca,100,0.000096,959.13,0,8768,25704,21,"Sucesso"
Ordenado,Trie,Remocao,100,0.000072,1434.59,0,23201,25704,21,"Sucesso"
Ordenado,Patricia,Insercao,100,0.000083,825.18,0,2850,26574,3,"Sucesso"
Ordenado,Patricia,Busca,100,0.000077,774.04,0,6018,26574,3,"Sucesso"
Ordenado,Patricia,Remocao,100,0.000042,830.79,0,12563,26574,3,"Sucesso"
Aleatorio,Trie,Insercao,100,0.000209,2089.85,0,5088,139320,33,"Sucesso"
Aleatorio,Trie,Busca,100,0.000125,1249.16,0,10176,139320,33,"Sucesso"
Aleatorio,Trie,Remocao,100,0.000103,2064.11,0,29726,139320,33,"Sucesso"
Aleatorio,Patricia,Insercao,100,0.000297,2972.44,0,2763,38643,5,"Sucesso"
Aleatorio,Patricia,Busca,100,0.000395,3948.08,0,6388,38643,5,"Sucesso"
Aleatorio,Patricia,Remocao,100,0.000136,2721.35,0,13483,38643,5,"Sucesso"
Aleatorio,KDTree,Insercao,100,0.000022,220.07,0,1761,6400,11,"Dimensao=2"
Aleatorio,KDTree,Busca,100,0.000011,108.88,0,3822,6400,11,"Dimensao=2"
Aleatorio,KDTree,Remocao,5,0.000002,362.93,0,4029,6400,11,"Dimensao=2"
Clusterizado,KDTree,Insercao,100,0.000052,518.00,0,2007,7200,12,"Dimensao=3"
Clusterizado,KDTree,Busca,100,0.000014,144.52,0,4414,7200,12,"Dimensao=3"
Clusterizado,KDTree,Remocao,5,0.000003,560.80,0,4630,7200,12,"Dimensao=3"
Diagonal,KDTree,Insercao,100,0.000141,1406.87,0,14850,8000,99,"Dimensao=4"
Diagonal,KDTree,Busca,100,0.000076,757.54,0,30200,8000,99,"Dimensao=4"
Diagonal,KDTree,Remocao,5,0.000063,12504.80,0,37930,8000,94,"Dimensao=4"
Aleatorio,AVL,Insercao,1000,0.000194,194.27,721,13411,32000,11,"Sucesso"
Aleatorio,AVL,Busca,1000,0.000108,107.66,721,27689,32000,11,"Sucesso"
Aleatorio,AVL,Remocao,1000,0.000095,190.84,946,35986,32000,10,"Sucesso"
Aleatorio,BST,Insercao,1000,0.000124,124.03,0,16786,24000,19,"Sucesso"
Aleatorio,BST,Busca,1000,0.000070,69.55,0,35572,24000,19,"Sucesso"
Aleatorio,BST,Remocao,1000,0.000061,121.94,0,45113,24000,17,"Sucesso"
Aleatorio,Splay,Insercao,1000,0.000317,317.34,11370,17028,32000,22,"Sucesso"
Aleatorio,Splay,Busca,1000,0.000297,297.01,24480,44248,32000,22,"Sucesso"
Aleatorio,Splay,Remocao,1000,0.000196,391.11,32367,60641,32000,25,"Sucesso"
Aleatorio,Treap,Insercao,1000,0.000181,180.84,1947,26380,32000,23,"Sucesso"
Aleatorio,Treap,Busca,1000,0.000071,71.00,1947,42298,32000,23,"Sucesso"
Aleatorio,Treap,Remocao,1000,0.000083,165.76,2913,52822,32000,16,"Sucesso"
Ordenado,AVL,Insercao,1000,0.000144,143.69,990,17954,32000,9,"Sucesso"
Ordenado,AVL,Busca,1000,0.000065,64.57,990,31978,32000,9,"Sucesso"
Ordenado,AVL,Remocao,1000,0.000074,147.75,1238,36469,32000,9,"Sucesso"
Ordenado,BST,Insercao,1000,0.002352,2352.05,0,999000,24000,999,"Sucesso"
Ordenado,BST,Busca,1000,0.000851,851.31,0,2000000,24000,999,"Sucesso"
Ordenado,BST,Remocao,1000,0.000013,25.14,0,2001500,24000,499,"Sucesso"
Ordenado,Splay,Insercao,1000,0.000029,29.27,999,1998,32000,999,"Sucesso"
Ordenado,Splay,Busca,1000,0.000028,27.55,5373,11746,32000,999,"Sucesso"
Ordenado,Splay,Remocao,1000,0.000027,53.38,8067,19134,32000,10,"Sucesso"
Ordenado,Treap,Insercao,1000,0.000069,69.22,994,18219,32000,20,"Sucesso"
Ordenado,Treap,Busca,1000,0.000042,41.67,994,34800,32000,20,"Sucesso"
Ordenado,Treap,Remocao,1000,0.000028,55.17,1498,40274,32000,18,"Sucesso"
Decrescente,AVL,Insercao,1000,0.000069,69.19,990,8977,32000,9,"Sucesso"
Decrescente,AVL,Busca,1000,0.000041,40.88,990,22914,32000,9,"Sucesso"
Decrescente,AVL,Remocao,1000,0.000026,52.86,1238,30646,32000,9,"Sucesso"
Decrescente,BST,Insercao,1000,0.002714,2714.46,0,499500,24000,999,"Sucesso"
Decrescente,BST,Busca,1000,0.000945,945.15,0,1001000,24000,999,"Sucesso"
Decrescente,BST,Remocao,1000,0.000017,33.72,0,1002500,24000,499,"Sucesso"
Decrescente,Splay,Insercao,1000,0.000064,63.98,999,999,32000,999,"Sucesso"
Decrescente,Splay,Busca,1000,0.000045,44.84,5373,10747,32000,999,"Sucesso"
Decrescente,Splay,Remocao,1000,0.000052,103.54,8067,17635,32000,10,"Sucesso"
Decrescente,Treap,Insercao,1000,0.000122,122.18,993,12332,32000,20,"Sucesso"
Decrescente,Treap,Busca,1000,0.000056,56.45,993,30859,32000,20,"Sucesso"
Decrescente,Treap,Remocao,1000,0.000050,99.44,1492,40056,32000,18,"Sucesso"
Decrescente,Trie,Insercao,1000,0.004527,4526.92,0,48596,220752,24,"Sucesso"
Decrescente,Trie,Busca,1000,0.006031,6031.09,0,97192,220752,24,"Sucesso"
Decrescente,Trie,Remocao,1000,0.001658,3316.70,0,273070,220752,24,"Sucesso"
Decrescente,Patricia,Insercao,1000,0.003290,3290.27,0,29207,263299,3,"Sucesso"
Decrescente,Patricia,Busca,1000,0.006921,6920.55,0,61399,263299,3,"Sucesso"
Decrescente,Patricia,Remocao,1000,0.001441,2881.97,0,115377,263299,3,"Sucesso"
Ordenado,Trie,Insercao,1000,0.002671,2670.77,0,42596,220104,21,"Sucesso"
Ordenado,Trie,Busca,1000,0.004908,4907.61,0,85192,220104,21,"Sucesso"
Ordenado,Trie,Remocao,1000,0.000941,1882.11,0,232274,220104,21,"Sucesso"
Ordenado,Patricia,Insercao,1000,0.001023,1023.11,0,26174,263274,3,"Sucesso"
Ordenado,Patricia,Busca,1000,0.000788,788.10,0,55366,263274,3,"Sucesso"
Ordenado,Patricia,Remocao,1000,0.000500,1000.12,0,116978,263274,3,"Sucesso"
Aleatorio,Trie,Insercao,1000,0.003151,3151.20,0,51542,536328,33,"Sucesso"
Aleatorio,Trie,Busca,1000,0.002526,2525.99,0,103084,536328,33,"Sucesso"
Aleatorio,Trie,Remocao,1000,0.001153,2306.02,0,281453,536328,33,"Sucesso"
Aleatorio,Patricia,Insercao,1000,0.001142,1141.53,0,34665,345131,7,"Sucesso"
Aleatorio,Patricia,Busca,1000,0.000876,875.89,0,73913,345131,7,"Sucesso"
Aleatorio,Patricia,Remocao,1000,0.000506,1012.72,0,158332,345131,7,"Sucesso"
Aleatorio,KDTree,Insercao,1000,0.000291,290.78,0,32022,64000,21,"Dimensao=2"
Aleatorio,KDTree,Busca,1000,0.000207,207.40,0,67044,64000,21,"Dimensao=2"
Aleatorio,KDTree,Remocao,50,0.000029,582.68,0,70399,64000,21,"Dimensao=2"
Clusterizado,KDTree,Insercao,1000,0.000343,342.64,0,33381,72000,20,"Dimensao=3"
Clusterizado,KDTree,Busca,1000,0.000199,199.09,0,70762,72000,20,"Dimensao=3"
Clusterizado,KDTree,Remocao,50,0.000056,1122.47,0,75893,72000,20,"Dimensao=3"
Diagonal,KDTree,Insercao,1000,0.007234,7234.25,0,1498500,80000,999,"Dimensao=4"
Diagonal,KDTree,Busca,1000,0.003417,3417.10,0,3002000,80000,999,"Dimensao=4"
Diagonal,KDTree,Remocao,50,0.002737,54732.60,0,3781300,80000,949,"Dimensao=4"
Aleatorio,AVL,Insercao,10000,0.002311,231.13,6880,180336,316032,15,"Sucesso"
Aleatorio,AVL,Busca,10000,0.001330,132.99,6880,378695,316032,15,"Sucesso"
Aleatorio,AVL,Remocao,10000,0.001072,214.35,8934,485865,316032,14,"Sucesso"
Aleatorio,BST,Insercao,10000,0.001920,192.02,0,235262,237024,29,"Sucesso"
Aleatorio,BST,Busca,10000,0.001130,112.98,0,490400,237024,29,"Sucesso"
Aleatorio,BST,Remocao,10000,0.000861,172.14,0,621218,237024,25,"Sucesso"
Aleatorio,Splay,Insercao,10000,0.004790,479.01,161732,242685,316032,34,"Sucesso"
Aleatorio,Splay,Busca,10000,0.004450,444.98,340683,610587,316032,34,"Sucesso"
Aleatorio,Splay,Remocao,10000,0.002488,497.66,455674,838084,316032,31,"Sucesso"
Aleatorio,Treap,Insercao,10000,0.002683,268.32,19267,400613,316032,31,"Sucesso"
Aleatorio,Treap,Busca,10000,0.001353,135.28,19267,640075,316032,31,"Sucesso"
Aleatorio,Treap,Remocao,10000,0.001226,245.30,29236,785717,316032,28,"Sucesso"
Ordenado,AVL,Insercao,10000,0.000756,75.56,9986,247234,320000,13,"Sucesso"
Ordenado,AVL,Busca,10000,0.000397,39.66,9986,436210,320000,13,"Sucesso"
Ordenado,AVL,Remocao,10000,0.000299,59.76,12483,493006,320000,12,"Sucesso"
Ordenado,BST,Insercao,10000,0.239420,23941.96,0,99990000,240000,9999,"Sucesso"
Ordenado,BST,Busca,10000,0.115335,11533.48,0,200000000,240000,9999,"Sucesso"
Ordenado,BST,Remocao,10000,0.000068,13.51,0,200015000,240000,4999,"Sucesso"
Ordenado,Splay,Insercao,10000,0.000239,23.88,9999,19998,320000,9999,"Sucesso"
Ordenado,Splay,Busca,10000,0.000308,30.76,54111,118222,320000,9999,"Sucesso"
Ordenado,Splay,Remocao,10000,0.000273,54.62,81182,192364,320000,15,"Sucesso"
Ordenado,Treap,Insercao,10000,0.000658,65.81,9993,247494,320000,29,"Sucesso"
Ordenado,Treap,Busca,10000,0.000432,43.25,9993,481390,320000,29,"Sucesso"
Ordenado,Treap,Remocao,10000,0.000251,50.23,14991,549446,320000,29,"Sucesso"
Decrescente,AVL,Insercao,10000,0.000880,88.00,9986,123617,320000,13,"Sucesso"
Decrescente,AVL,Busca,10000,0.000464,46.40,9986,315534,320000,13,"Sucesso"
Decrescente,AVL,Remocao,10000,0.000339,67.72,12483,416626,320000,12,"Sucesso"
Decrescente,BST,Insercao,10000,0.236356,23635.56,0,49995000,240000,9999,"Sucesso"
Decrescente,BST,Busca,10000,0.141936,14193.64,0,100010000,240000,9999,"Sucesso"
Decrescente,BST,Remocao,10000,0.000073,14.52,0,100025000,240000,4999,"Sucesso"
Decrescente,Splay,Insercao,10000,0.000230,22.99,9999,9999,320000,9999,"Sucesso"
Decrescente,Splay,Busca,10000,0.000321,32.07,54111,108223,320000,9999,"Sucesso"
Decrescente,Splay,Remocao,10000,0.000298,59.52,81182,177365,320000,15,"Sucesso"
Decrescente,Treap,Insercao,10000,0.000868,86.80,9993,158356,320000,26,"Sucesso"
Decrescente,Treap,Busca,10000,0.000596,59.64,9993,393393,320000,26,"Sucesso"
Decrescente,Treap,Remocao,10000,0.000301,60.29,14991,496381,320000,25,"Sucesso"
Decrescente,Trie,Insercao,10000,0.009692,969.22,0,501960,2172096,25,"Sucesso"
Decrescente,Trie,Busca,10000,0.009249,924.87,0,1003920,2172096,25,"Sucesso"
Decrescente,Trie,Remocao,10000,0.005650,1129.92,0,2739946,2172096,25,"Sucesso"
Decrescente,Patricia,Insercao,10000,0.012714,1271.42,0,330231,2633201,5,"Sucesso"
Decrescente,Patricia,Busca,10000,0.010756,1075.63,0,696151,2633201,5,"Sucesso"
Decrescente,Patricia,Remocao,10000,0.005210,1042.02,0,1455221,2633201,5,"Sucesso"
Ordenado,Trie,Insercao,10000,0.013323,1332.34,0,421960,2171232,21,"Sucesso"
Ordenado,Trie,Busca,10000,0.012646,1264.64,0,843920,2171232,21,"Sucesso"
Ordenado,Trie,Remocao,10000,0.005129,1025.70,0,2376501,2171232,21,"Sucesso"
Ordenado,Patricia,Insercao,10000,0.010561,1056.08,0,289875,2633170,5,"Sucesso"
Ordenado,Patricia,Busca,10000,0.010089,1008.91,0,615795,2633170,5,"Sucesso"
Ordenado,Patricia,Remocao,10000,0.005573,1114.61,0,1319715,2633170,5,"Sucesso"
Aleatorio,Trie,Insercao,10000,0.012133,1213.27,0,515122,2944080,33,"Sucesso"
Aleatorio,Trie,Busca,10000,0.010050,1004.98,0,1030244,2944080,33,"Sucesso"
Aleatorio,Trie,Remocao,10000,0.006820,1363.96,0,2739617,2944080,33,"Sucesso"
Aleatorio,Patricia,Insercao,10000,0.013397,1339.69,0,379843,3301854,7,"Sucesso"
Aleatorio,Patricia,Busca,10000,0.009768,976.81,0,792637,3301854,7,"Sucesso"
Aleatorio,Patricia,Remocao,10000,0.005011,1002.28,0,1733584,3301854,7,"Sucesso"
Aleatorio,KDTree,Insercao,10000,0.003961,396.09,0,463257,640000,30,"Dimensao=2"
Aleatorio,KDTree,Busca,10000,0.002331,233.07,0,956514,640000,30,"Dimensao=2"
Aleatorio,KDTree,Remocao,500,0.000271,542.63,0,997740,640000,30,"Dimensao=2"
Clusterizado,KDTree,Insercao,10000,0.004999,499.94,0,474727,720000,29,"Dimensao=3"
Clusterizado,KDTree,Busca,10000,0.003095,309.52,0,989454,720000,29,"Dimensao=3"
Clusterizado,KDTree,Remocao,500,0.000510,1019.95,0,1049854,720000,29,"Dimensao=3"
Diagonal,KDTree,Insercao,10000,0.485676,48567.59,0,149985000,800000,9999,"Dimensao=4"
Diagonal,KDTree,Busca,10000,0.247653,24765.32,0,300020000,800000,9999,"Dimensao=4"
Diagonal,KDTree,Remocao,500,0.181558,363115.67,0,378013000,800000,9499,"Dimensao=4"
Aleatorio,AVL,Insercao,50000,0.015647,312.94,33165,1069579,1516992,18,"Sucesso"
Aleatorio,AVL,Busca,50000,0.010348,206.95,33165,2210707,1516992,18,"Sucesso"
Aleatorio,AVL,Remocao,50000,0.009039,361.55,43588,2834173,1516992,16,"Sucesso"
Aleatorio,BST,Insercao,50000,0.015027,300.54,0,1409764,1137744,34,"Sucesso"
Aleatorio,BST,Busca,50000,0.008655,173.09,0,2916934,1137744,34,"Sucesso"
Aleatorio,BST,Remocao,50000,0.006378,255.14,0,3684765,1137744,32,"Sucesso"
Aleatorio,Splay,Insercao,50000,0.021815,436.31,971527,1459702,1516992,39,"Sucesso"
Aleatorio,Splay,Busca,50000,0.020929,418.58,2025415,3617478,1516992,39,"Sucesso"
Aleatorio,Splay,Remocao,50000,0.012530,501.20,2715151,4956799,1516992,50,"Sucesso"
Aleatorio,Treap,Insercao,50000,0.012386,247.71,94972,2322408,1516992,38,"Sucesso"
Aleatorio,Treap,Busca,50000,0.008458,169.15,94972,3769173,1516992,38,"Sucesso"
Aleatorio,Treap,Remocao,50000,0.006401,256.02,143413,4610313,1516992,32,"Sucesso"
Ordenado,AVL,Insercao,50000,0.004578,91.56,49984,1468930,1600000,15,"Sucesso"
Ordenado,AVL,Busca,50000,0.002213,44.26,49984,2601876,1600000,15,"Sucesso"
Ordenado,AVL,Remocao,50000,0.001874,74.95,62480,2939584,1600000,14,"Sucesso"
Ordenado,BST,Insercao,50000,7.738951,154779.03,0,2499950000,1200000,49999,"Sucesso"
Ordenado,BST,Busca,50000,3.189647,63792.95,0,5000000000,1200000,49999,"Sucesso"
Ordenado,BST,Remocao,50000,0.000358,14.31,0,5000075000,1200000,24999,"Sucesso"
Ordenado,Splay,Insercao,50000,0.001941,38.81,49999,99998,1600000,49999,"Sucesso"
Ordenado,Splay,Busca,50000,0.004402,88.03,270687,591374,1600000,49999,"Sucesso"
Ordenado,Splay,Remocao,50000,0.003127,125.10,406050,962100,1600000,18,"Sucesso"
Ordenado,Treap,Insercao,50000,0.005316,106.32,49989,1649499,1600000,38,"Sucesso"
Ordenado,Treap,Busca,50000,0.004130,82.60,49989,3167139,1600000,38,"Sucesso"
Ordenado,Treap,Remocao,50000,0.002573,102.92,74993,3532435,1600000,32,"Sucesso"
Decrescente,AVL,Insercao,50000,0.008196,163.93,49984,734465,1600000,15,"Sucesso"
Decrescente,AVL,Busca,50000,0.003912,78.25,49984,1854962,1600000,15,"Sucesso"
Decrescente,AVL,Remocao,50000,0.003530,141.19,62480,2467878,1600000,14,"Sucesso"
Decrescente,BST,Insercao,50000,12.208521,244170.42,0,1249975000,1200000,49999,"Sucesso"
Decrescente,BST,Busca,50000,5.320008,106400.16,0,2500050000,1200000,49999,"Sucesso"
Decrescente,BST,Remocao,50000,0.000582,23.27,0,2500125000,1200000,24999,"Sucesso"
Decrescente,Splay,Insercao,50000,0.002755,55.09,49999,49999,1600000,49999,"Sucesso"
Decrescente,Splay,Busca,50000,0.004122,82.45,270687,541375,1600000,49999,"Sucesso"
Decrescente,Splay,Remocao,50000,0.004418,176.71,406050,887101,1600000,18,"Sucesso"
Decrescente,Treap,Insercao,50000,0.007762,155.23,49990,1074136,1600000,35,"Sucesso"
Decrescente,Treap,Busca,50000,0.005769,115.37,49990,2505116,1600000,35,"Sucesso"
Decrescente,Treap,Remocao,50000,0.003125,124.98,74989,3087177,1600000,31,"Sucesso"
Decrescente,Trie,Insercao,50000,0.122840,2456.80,0,2449800,10858968,29,"Sucesso"
Decrescente,Trie,Busca,50000,0.079224,1584.47,0,4899600,10858968,29,"Sucesso"
Decrescente,Trie,Remocao,50000,0.049563,1982.53,0,12866391,10858968,29,"Sucesso"
Decrescente,Patricia,Insercao,50000,0.177249,3544.97,0,1741161,13166243,6,"Sucesso"
Decrescente,Patricia,Busca,50000,0.111659,2233.18,0,3690761,13166243,6,"Sucesso"
Decrescente,Patricia,Remocao,50000,0.055949,2237.96,0,8068111,13166243,6,"Sucesso"
Ordenado,Trie,Insercao,50000,0.092289,1845.78,0,2709800,10861560,33,"Sucesso"
Ordenado,Trie,Busca,50000,0.082493,1649.87,0,5419600,10861560,33,"Sucesso"
Ordenado,Trie,Remocao,50000,0.053480,2139.19,0,15365935,10861560,33,"Sucesso"
Ordenado,Patricia,Insercao,50000,0.092091,1841.82,0,1869352,13166490,7,"Sucesso"
Ordenado,Patricia,Busca,50000,0.069521,1390.41,0,4008952,13166490,7,"Sucesso"
Ordenado,Patricia,Remocao,50000,0.036339,1453.55,0,8664552,13166490,7,"Sucesso"
Aleatorio,Trie,Insercao,50000,0.531863,10637.26,0,2578352,10792656,33,"Sucesso"
Aleatorio,Trie,Busca,50000,0.086545,1730.90,0,5156704,10792656,33,"Sucesso"
Aleatorio,Trie,Remocao,50000,0.056116,2244.63,0,13438060,10792656,33,"Sucesso"
Aleatorio,Patricia,Insercao,50000,0.146391,2927.82,0,1936481,13027607,7,"Sucesso"
Aleatorio,Patricia,Busca,50000,0.109362,2187.24,0,4010681,13027607,7,"Sucesso"
Aleatorio,Patricia,Remocao,50000,0.056611,2264.45,0,8793411,13027607,7,"Sucesso"
Aleatorio,KDTree,Insercao,50000,0.088516,1770.32,0,2799337,3200000,38,"Dimensao=2"
Aleatorio,KDTree,Busca,50000,0.054473,1089.47,0,5748674,3200000,38,"Dimensao=2"
Aleatorio,KDTree,Remocao,1000,0.002704,2704.26,0,5853750,3200000,38,"Dimensao=2"
Clusterizado,KDTree,Insercao,50000,0.072674,1453.47,0,2861376,3600000,35,"Dimensao=3"
Clusterizado,KDTree,Busca,50000,0.053978,1079.56,0,5922752,3600000,35,"Dimensao=3"
Clusterizado,KDTree,Remocao,1000,0.003930,3929.73,0,6099208,3600000,35,"Dimensao=3"
Diagonal,KDTree,Insercao,50000,19.102059,382041.18,0,3749925000,4000000,49999,"Dimensao=4"
Diagonal,KDTree,Busca,50000,8.817461,176349.23,0,7500100000,4000000,49999,"Dimensao=4"
Diagonal,KDTree,Remocao,1000,3.527117,3527117.50,0,8292086000,4000000,48999,"Dimensao=4"
Aleatorio,AVL,Insercao,100000,0.066976,669.76,63019,2277678,2880000,19,"Sucesso"
Aleatorio,AVL,Busca,100000,0.040221,402.21,63019,4701438,2880000,19,"Sucesso"
Aleatorio,AVL,Remocao,100000,0.033451,669.02,82993,6014373,2880000,17,"Sucesso"
Aleatorio,BST,Insercao,100000,0.062597,625.97,0,3012344,2160000,38,"Sucesso"
Aleatorio,BST,Busca,100000,0.048129,481.29,0,6214688,2160000,38,"Sucesso"
Aleatorio,BST,Remocao,100000,0.029030,580.60,0,7843102,2160000,35,"Sucesso"
Aleatorio,Splay,Insercao,100000,0.099540,995.40,2072080,3118130,2880000,47,"Sucesso"
Aleatorio,Splay,Busca,100000,0.112532,1125.32,4298649,7671268,2880000,47,"Sucesso"
Aleatorio,Splay,Remocao,100000,0.055814,1116.29,5762797,10500838,2880000,43,"Sucesso"
Aleatorio,Treap,Insercao,100000,0.068249,682.49,179384,5184546,2880000,40,"Sucesso"
Aleatorio,Treap,Busca,100000,0.056197,561.97,179384,8486039,2880000,40,"Sucesso"
Aleatorio,Treap,Remocao,100000,0.038613,772.26,274505,10408613,2880000,39,"Sucesso"
Ordenado,AVL,Insercao,100000,0.015714,157.14,99983,3137858,3200000,16,"Sucesso"
Ordenado,AVL,Busca,100000,0.447877,4478.77,99983,5553733,3200000,16,"Sucesso"
Ordenado,AVL,Remocao,100000,0.006866,137.31,124979,6266649,3200000,15,"Sucesso"
Ordenado,BST,Insercao,100000,39.394477,393944.77,0,9999900000,2400000,99999,"Sucesso"
Ordenado,BST,Busca,100000,13.023641,130236.41,0,20000000000,2400000,99999,"Sucesso"
Ordenado,BST,Remocao,100000,0.000696,13.91,0,20000150000,2400000,49999,"Sucesso"
Ordenado,Splay,Insercao,100000,0.002591,25.91,99999,199998,3200000,99999,"Sucesso"
Ordenado,Splay,Busca,100000,0.007484,74.84,541425,1182850,3200000,99999,"Sucesso"
Ordenado,Splay,Remocao,100000,0.004384,87.69,812158,1924316,3200000,18,"Sucesso"
Ordenado,Treap,Insercao,100000,0.010381,103.81,99985,3655743,3200000,40,"Sucesso"
Ordenado,Treap,Busca,100000,0.006811,68.11,99985,6935136,3200000,40,"Sucesso"
Ordenado,Treap,Remocao,100000,0.005080,101.60,149983,7645588,3200000,37,"Sucesso"
Decrescente,AVL,Insercao,100000,0.013894,138.94,99983,1568929,3200000,16,"Sucesso"
Decrescente,AVL,Busca,100000,0.006412,64.12,99983,3959892,3200000,16,"Sucesso"
Decrescente,AVL,Remocao,100000,0.005400,108.01,124979,5260724,3200000,15,"Sucesso"
Decrescente,BST,Insercao,100000,44.057151,440571.51,0,4999950000,2400000,99999,"Sucesso"
Decrescente,BST,Busca,100000,14.940542,149405.42,0,10000100000,2400000,99999,"Sucesso"
Decrescente,BST,Remocao,100000,0.000668,13.35,0,10000250000,2400000,49999,"Sucesso"
Decrescente,Splay,Insercao,100000,0.002418,24.18,99999,99999,3200000,99999,"Sucesso"
Decrescente,Splay,Busca,100000,0.003796,37.96,541425,1082851,3200000,99999,"Sucesso"
Decrescente,Splay,Remocao,100000,0.003916,78.31,812158,1774317,3200000,18,"Sucesso"
Decrescente,Treap,Insercao,100000,0.007528,75.28,99989,2131638,3200000,36,"Sucesso"
Decrescente,Treap,Busca,100000,0.006013,60.13,99989,5200026,3200000,36,"Sucesso"
Decrescente,Treap,Remocao,100000,0.003515,70.30,149989,6493900,3200000,34,"Sucesso"
Decrescente,Trie,Insercao,100000,0.128970,1289.70,0,5159600,21720096,33,"Sucesso"
Decrescente,Trie,Busca,100000,0.086105,861.05,0,10319200,21720096,33,"Sucesso"
Decrescente,Trie,Remocao,100000,0.043409,868.19,0,25796051,21720096,33,"Sucesso"
Decrescente,Patricia,Insercao,100000,0.093206,932.06,0,3702314,26332832,7,"Sucesso"
Decrescente,Patricia,Busca,100000,0.114741,1147.41,0,7851514,26332832,7,"Sucesso"
Decrescente,Patricia,Remocao,100000,0.039391,787.81,0,16822214,26332832,7,"Sucesso"
Ordenado,Trie,Insercao,100000,0.093779,937.79,0,5159600,21720096,33,"Sucesso"
Ordenado,Trie,Busca,100000,0.074293,742.93,0,10319200,21720096,33,"Sucesso"
Ordenado,Trie,Remocao,100000,0.047343,946.86,0,29696208,21720096,33,"Sucesso"
Ordenado,Patricia,Insercao,100000,0.102336,1023.36,0,3668714,26332680,7,"Sucesso"
Ordenado,Patricia,Busca,100000,0.096507,965.07,0,7817914,26332680,7,"Sucesso"
Ordenado,Patricia,Remocao,100000,0.038891,777.83,0,17107114,26332680,7,"Sucesso"
Aleatorio,Trie,Insercao,100000,0.115656,1156.56,0,5159896,19642824,33,"Sucesso"
Aleatorio,Trie,Busca,100000,0.110943,1109.43,0,10319792,19642824,33,"Sucesso"
Aleatorio,Trie,Remocao,100000,0.070431,1408.62,0,26748530,19642824,33,"Sucesso"
Aleatorio,Patricia,Insercao,100000,0.132328,1323.28,0,3898112,23803506,7,"Sucesso"
Aleatorio,Patricia,Busca,100000,0.107490,1074.90,0,8047832,23803506,7,"Sucesso"
Aleatorio,Patricia,Remocao,100000,0.061711,1234.23,0,17566607,23803506,7,"Sucesso"
Aleatorio,KDTree,Insercao,100000,0.086323,863.23,0,6018630,6400000,40,"Dimensao=2"
Aleatorio,KDTree,Busca,100000,0.064387,643.87,0,12337260,6400000,40,"Dimensao=2"
Aleatorio,KDTree,Remocao,1000,0.001695,1695.11,0,12460399,6400000,40,"Dimensao=2"
Clusterizado,KDTree,Insercao,100000,0.097573,975.73,0,6132092,7200000,39,"Dimensao=3"
Clusterizado,KDTree,Busca,100000,0.075290,752.90,0,12664184,7200000,39,"Dimensao=3"
Clusterizado,KDTree,Remocao,1000,0.004722,4722.47,0,12898145,7200000,39,"Dimensao=3"
Diagonal,KDTree,Insercao,100000,106.162791,1061627.91,0,14999850000,8000000,99999,"Dimensao=4"
Diagonal,KDTree,Busca,100000,43.516172,435161.72,0,30000200000,8000000,99999,"Dimensao=4"
Diagonal,KDTree,Remocao,1000,8.012610,8012609.88,0,31592186000,8000000,98999,"Dimensao=4"
