Dataset,Estrutura,Operacao,TamanhoN,TempoTotal_s,TempoMedio_ns,Rotacoes,Comparacoes,Memoria,Altura,Dimensao,Observacao
Aleatorio,AVL,Insercao,100,0.000014,141.64,75,831,3200,7,"Sucesso"
Aleatorio,AVL,Busca,100,0.000005,49.03,75,1755,3200,7,"Sucesso"
Aleatorio,AVL,Remocao,100,0.000008,152.56,97,2331,3200,6,"Sucesso"
Aleatorio,BST,Insercao,100,0.000017,171.06,0,992,2400,11,"Sucesso"
Aleatorio,BST,Busca,100,0.000007,69.73,0,2184,2400,11,"Sucesso"
Aleatorio,BST,Remocao,100,0.000008,152.54,0,2771,2400,10,"Sucesso"
Aleatorio,Splay,Insercao,100,0.000178,1778.22,653,981,3200,15,"Sucesso"
Aleatorio,Splay,Busca,100,0.000027,271.31,1475,2725,3200,15,"Sucesso"
Aleatorio,Splay,Remocao,100,0.000016,311.62,1920,3772,3200,12,"Sucesso"
Aleatorio,Treap,Insercao,100,0.000021,211.38,188,1785,3200,11,"Sucesso"
Aleatorio,Treap,Busca,100,0.000007,65.38,188,2835,3200,11,"Sucesso"
Aleatorio,Treap,Remocao,100,0.000008,163.44,308,3661,3200,8,"Sucesso"
Ordenado,AVL,Insercao,100,0.000013,125.30,93,1146,3200,6,"Sucesso"
Ordenado,AVL,Busca,100,0.000004,37.04,93,2075,3200,6,"Sucesso"
Ordenado,AVL,Remocao,100,0.000005,91.54,116,2413,3200,5,"Sucesso"
Ordenado,BST,Insercao,100,0.000028,282.21,0,9900,2400,99,"Sucesso"
Ordenado,BST,Busca,100,0.000011,106.78,0,20000,2400,99,"Sucesso"
Ordenado,BST,Remocao,100,0.000001,26.16,0,20150,2400,49,"Sucesso"
Ordenado,Splay,Insercao,100,0.000013,127.48,99,198,3200,99,"Sucesso"
Ordenado,Splay,Busca,100,0.000008,79.54,515,1130,3200,99,"Sucesso"
Ordenado,Splay,Remocao,100,0.000009,174.32,774,1848,3200,6,"Sucesso"
Ordenado,Treap,Insercao,100,0.000012,117.68,97,972,3200,11,"Sucesso"
Ordenado,Treap,Busca,100,0.000006,55.57,97,1894,3200,11,"Sucesso"
Ordenado,Treap,Remocao,100,0.000019,385.72,146,2373,3200,8,"Sucesso"
Decrescente,AVL,Insercao,100,0.000014,136.20,93,573,3200,6,"Sucesso"
Decrescente,AVL,Busca,100,0.000005,45.76,93,1484,3200,6,"Sucesso"
Decrescente,AVL,Remocao,100,0.000005,104.60,116,2035,3200,5,"Sucesso"
Decrescente,BST,Insercao,100,0.000031,310.54,0,4950,2400,99,"Sucesso"
Decrescente,BST,Busca,100,0.000011,108.95,0,10100,2400,99,"Sucesso"
Decrescente,BST,Remocao,100,0.000001,28.34,0,10250,2400,49,"Sucesso"
Decrescente,Splay,Insercao,100,0.000010,98.06,99,99,3200,99,"Sucesso"
Decrescente,Splay,Busca,100,0.000006,55.56,515,1031,3200,99,"Sucesso"
Decrescente,Splay,Remocao,100,0.000005,98.08,774,1699,3200,6,"Sucesso"
Decrescente,Treap,Insercao,100,0.000012,118.76,93,992,3200,11,"Sucesso"
Decrescente,Treap,Busca,100,0.000004,40.31,93,2045,3200,11,"Sucesso"
Decrescente,Treap,Remocao,100,0.000004,74.10,144,2608,3200,9,"Sucesso"
Decrescente,Trie,Insercao,100,0.000184,1843.59,0,4794,26568,23,"Sucesso"
Decrescente,Trie,Busca,100,0.000090,896.74,0,9588,26568,23,"Sucesso"
Decrescente,Trie,Remocao,100,0.000058,1154.96,0,28259,26568,23,"Sucesso"
Decrescente,Patricia,Insercao,100,0.000185,1852.31,0,2697,26862,2,"Sucesso"
Decrescente,Patricia,Busca,100,0.000133,1326.03,0,5785,26862,2,"Sucesso"
Decrescente,Patricia,Remocao,100,0.000060,1198.56,0,11206,26862,2,"Sucesso"
Ordenado,Trie,Insercao,100,0.000171,1706.31,0,4384,25704,21,"Sucesso"
Ordenado,Trie,Busca,100,0.000142,1419.73,0,8768,25704,21,"Sucesso"
Ordenado,Trie,Remocao,100,0.000080,1601.70,0,23201,25704,21,"Sucesso"
Ordenado,Patricia,Insercao,100,0.000220,2200.97,0,2850,26574,3,"Sucesso"
Ordenado,Patricia,Busca,100,0.000264,2637.91,0,6018,26574,3,"Sucesso"
Ordenado,Patricia,Remocao,100,0.000099,1983.04,0,12563,26574,3,"Sucesso"
Aleatorio,Trie,Insercao,100,0.000473,4727.74,0,5088,139320,33,"Sucesso"
Aleatorio,Trie,Busca,100,0.000244,2441.78,0,10176,139320,33,"Sucesso"
Aleatorio,Trie,Remocao,100,0.000173,3464.90,0,29726,139320,33,"Sucesso"
Aleatorio,Patricia,Insercao,100,0.000224,2241.29,0,2763,38643,5,"Sucesso"
Aleatorio,Patricia,Busca,100,0.000175,1750.98,0,6388,38643,5,"Sucesso"
Aleatorio,Patricia,Remocao,100,0.000090,1797.82,0,13483,38643,5,"Sucesso"
Aleatorio,KDTree,Insercao,100,0.000025,250.60,0,1761,6400,11,"Dimensao=2"
Aleatorio,KDTree,Busca,100,0.000031,307.27,0,3822,6400,11,"Dimensao=2"
Aleatorio,KDTree,Remocao,5,0.000003,523.00,0,4029,6400,11,"Dimensao=2"
Clusterizado,KDTree,Insercao,100,0.000039,388.98,0,2007,7200,12,"Dimensao=3"
Clusterizado,KDTree,Busca,100,0.000033,332.32,0,4414,7200,12,"Dimensao=3"
Clusterizado,KDTree,Remocao,5,0.000003,501.20,0,4630,7200,12,"Dimensao=3"
Diagonal,KDTree,Insercao,100,0.000080,804.12,0,14850,8000,99,"Dimensao=4"
Diagonal,KDTree,Busca,100,0.000039,388.99,0,30200,8000,99,"Dimensao=4"
Diagonal,KDTree,Remocao,5,0.000025,5077.40,0,37930,8000,94,"Dimensao=4"
Aleatorio,AVL,Insercao,1000,0.000200,200.38,721,13411,32000,11,"Sucesso"
Aleatorio,AVL,Busca,1000,0.000123,122.69,721,27689,32000,11,"Sucesso"
Aleatorio,AVL,Remocao,1000,0.000120,240.36,946,35986,32000,10,"Sucesso"
Aleatorio,BST,Insercao,1000,0.000217,217.16,0,16786,24000,19,"Sucesso"
Aleatorio,BST,Busca,1000,0.000093,93.38,0,35572,24000,19,"Sucesso"
Aleatorio,BST,Remocao,1000,0.000105,209.64,0,45113,24000,17,"Sucesso"
Aleatorio,Splay,Insercao,1000,0.000400,399.55,11370,17028,32000,22,"Sucesso"
Aleatorio,Splay,Busca,1000,0.000257,256.71,24480,44248,32000,22,"Sucesso"
Aleatorio,Splay,Remocao,1000,0.000136,272.40,32367,60641,32000,25,"Sucesso"
Aleatorio,Treap,Insercao,1000,0.000251,250.93,1925,27437,32000,22,"Sucesso"
Aleatorio,Treap,Busca,1000,0.000102,101.99,1925,45000,32000,22,"Sucesso"
Aleatorio,Treap,Remocao,1000,0.000120,239.93,2929,55941,32000,18,"Sucesso"
Ordenado,AVL,Insercao,1000,0.000170,169.76,990,17954,32000,9,"Sucesso"
Ordenado,AVL,Busca,1000,0.000042,41.95,990,31978,32000,9,"Sucesso"
Ordenado,AVL,Remocao,1000,0.000064,127.26,1238,36469,32000,9,"Sucesso"
Ordenado,BST,Insercao,1000,0.002192,2192.15,0,999000,24000,999,"Sucesso"
Ordenado,BST,Busca,1000,0.001053,1052.65,0,2000000,24000,999,"Sucesso"
Ordenado,BST,Remocao,1000,0.000013,25.93,0,2001500,24000,499,"Sucesso"
Ordenado,Splay,Insercao,1000,0.000048,47.62,999,1998,32000,999,"Sucesso"
Ordenado,Splay,Busca,1000,0.000049,48.81,5373,11746,32000,999,"Sucesso"
Ordenado,Splay,Remocao,1000,0.000039,78.45,8067,19134,32000,10,"Sucesso"
Ordenado,Treap,Insercao,1000,0.000110,109.61,994,18822,32000,19,"Sucesso"
Ordenado,Treap,Busca,1000,0.000087,86.95,994,35826,32000,19,"Sucesso"
Ordenado,Treap,Remocao,1000,0.000032,64.50,1487,41403,32000,17,"Sucesso"
Decrescente,AVL,Insercao,1000,0.000163,162.68,990,8977,32000,9,"Sucesso"
Decrescente,AVL,Busca,1000,0.000063,63.09,990,22914,32000,9,"Sucesso"
Decrescente,AVL,Remocao,1000,0.000048,96.97,1238,30646,32000,9,"Sucesso"
Decrescente,BST,Insercao,1000,0.003116,3116.34,0,499500,24000,999,"Sucesso"
Decrescente,BST,Busca,1000,0.001018,1017.90,0,1001000,24000,999,"Sucesso"
Decrescente,BST,Remocao,1000,0.000013,25.28,0,1002500,24000,499,"Sucesso"
Decrescente,Splay,Insercao,1000,0.000109,108.52,999,999,32000,999,"Sucesso"
Decrescente,Splay,Busca,1000,0.000084,83.79,5373,10747,32000,999,"Sucesso"
Decrescente,Splay,Remocao,1000,0.000051,102.42,8067,17635,32000,10,"Sucesso"
Decrescente,Treap,Insercao,1000,0.000096,96.32,991,12808,32000,19,"Sucesso"
Decrescente,Treap,Busca,1000,0.000087,86.84,991,29413,32000,19,"Sucesso"
Decrescente,Treap,Remocao,1000,0.000034,67.55,1488,37758,32000,19,"Sucesso"
Decrescente,Trie,Insercao,1000,0.002049,2049.09,0,48596,220752,24,"Sucesso"
Decrescente,Trie,Busca,1000,0.001195,1194.52,0,97192,220752,24,"Sucesso"
Decrescente,Trie,Remocao,1000,0.000767,1534.36,0,273070,220752,24,"Sucesso"
Decrescente,Patricia,Insercao,1000,0.001467,1467.46,0,29207,263299,3,"Sucesso"
Decrescente,Patricia,Busca,1000,0.001264,1263.93,0,61399,263299,3,"Sucesso"
Decrescente,Patricia,Remocao,1000,0.000636,1271.99,0,115377,263299,3,"Sucesso"
Ordenado,Trie,Insercao,1000,0.001924,1924.11,0,42596,220104,21,"Sucesso"
Ordenado,Trie,Busca,1000,0.001103,1103.32,0,85192,220104,21,"Sucesso"
Ordenado,Trie,Remocao,1000,0.000632,1263.05,0,232274,220104,21,"Sucesso"
Ordenado,Patricia,Insercao,1000,0.001665,1665.33,0,26174,263274,3,"Sucesso"
Ordenado,Patricia,Busca,1000,0.001293,1292.69,0,55366,263274,3,"Sucesso"
Ordenado,Patricia,Remocao,1000,0.000740,1480.97,0,116978,263274,3,"Sucesso"
Aleatorio,Trie,Insercao,1000,0.002257,2256.87,0,51542,536328,33,"Sucesso"
Aleatorio,Trie,Busca,1000,0.001285,1284.74,0,103084,536328,33,"Sucesso"
Aleatorio,Trie,Remocao,1000,0.000939,1878.89,0,281453,536328,33,"Sucesso"
Aleatorio,Patricia,Insercao,1000,0.001893,1892.84,0,34665,345131,7,"Sucesso"
Aleatorio,Patricia,Busca,1000,0.001390,1390.32,0,73913,345131,7,"Sucesso"
Aleatorio,Patricia,Remocao,1000,0.000765,1530.44,0,158332,345131,7,"Sucesso"
Aleatorio,KDTree,Insercao,1000,0.000393,392.58,0,32022,64000,21,"Dimensao=2"
Aleatorio,KDTree,Busca,1000,0.000267,266.95,0,67044,64000,21,"Dimensao=2"
Aleatorio,KDTree,Remocao,50,0.000032,647.22,0,70399,64000,21,"Dimensao=2"
Clusterizado,KDTree,Insercao,1000,0.001183,1183.30,0,33381,72000,20,"Dimensao=3"
Clusterizado,KDTree,Busca,1000,0.000521,521.48,0,70762,72000,20,"Dimensao=3"
Clusterizado,KDTree,Remocao,50,0.000093,1858.86,0,75893,72000,20,"Dimensao=3"
Diagonal,KDTree,Insercao,1000,0.008276,8275.89,0,1498500,80000,999,"Dimensao=4"
Diagonal,KDTree,Busca,1000,0.004910,4910.25,0,3002000,80000,999,"Dimensao=4"
Diagonal,KDTree,Remocao,50,0.002960,59197.54,0,3781300,80000,949,"Dimensao=4"
Aleatorio,AVL,Insercao,10000,0.003411,341.10,6880,180336,316032,15,"Sucesso"
Aleatorio,AVL,Busca,10000,0.001344,134.44,6880,378695,316032,15,"Sucesso"
Aleatorio,AVL,Remocao,10000,0.001489,297.83,8934,485865,316032,14,"Sucesso"
Aleatorio,BST,Insercao,10000,0.003211,321.12,0,235262,237024,29,"Sucesso"
Aleatorio,BST,Busca,10000,0.001742,174.18,0,490400,237024,29,"Sucesso"
Aleatorio,BST,Remocao,10000,0.001205,241.06,0,621218,237024,25,"Sucesso"
Aleatorio,Splay,Insercao,10000,0.004973,497.30,161732,242685,316032,34,"Sucesso"
Aleatorio,Splay,Busca,10000,0.006654,665.40,340683,610587,316032,34,"Sucesso"
Aleatorio,Splay,Remocao,10000,0.002855,570.90,455674,838084,316032,31,"Sucesso"
Aleatorio,Treap,Insercao,10000,0.003663,366.33,19695,387774,316032,30,"Sucesso"
Aleatorio,Treap,Busca,10000,0.001772,177.20,19695,631013,316032,30,"Sucesso"
Aleatorio,Treap,Remocao,10000,0.001388,277.67,29860,778415,316032,28,"Sucesso"
Ordenado,AVL,Insercao,10000,0.003560,355.98,9986,247234,320000,13,"Sucesso"
Ordenado,AVL,Busca,10000,0.001297,129.72,9986,436210,320000,13,"Sucesso"
Ordenado,AVL,Remocao,10000,0.001075,214.98,12483,493006,320000,12,"Sucesso"
Ordenado,Splay,Insercao,10000,0.000698,69.78,9999,19998,320000,9999,"Sucesso"
Ordenado,Splay,Busca,10000,0.000935,93.54,54111,118222,320000,9999,"Sucesso"
Ordenado,Splay,Remocao,10000,0.000776,155.11,81182,192364,320000,15,"Sucesso"
Ordenado,Treap,Insercao,10000,0.001205,120.51,9995,242565,320000,28,"Sucesso"
Ordenado,Treap,Busca,10000,0.000760,75.99,9995,473296,320000,28,"Sucesso"
Ordenado,Treap,Remocao,10000,0.000458,91.55,14990,539223,320000,26,"Sucesso"
Decrescente,AVL,Insercao,10000,0.002404,240.39,9986,123617,320000,13,"Sucesso"
Decrescente,AVL,Busca,10000,0.000690,68.99,9986,315534,320000,13,"Sucesso"
Decrescente,AVL,Remocao,10000,0.000528,105.56,12483,416626,320000,12,"Sucesso"
Decrescente,BST,Insercao,10000,0.328967,32896.70,0,49995000,240000,9999,"Sucesso"
Decrescente,BST,Busca,10000,0.136899,13689.86,0,100010000,240000,9999,"Sucesso"
Decrescente,BST,Remocao,10000,0.000103,20.66,0,100025000,240000,4999,"Sucesso"
Decrescente,Splay,Insercao,10000,0.000507,50.67,9999,9999,320000,9999,"Sucesso"
Decrescente,Splay,Busca,10000,0.000455,45.46,54111,108223,320000,9999,"Sucesso"
Decrescente,Splay,Remocao,10000,0.000339,67.73,81182,177365,320000,15,"Sucesso"
Decrescente,Treap,Insercao,10000,0.000966,96.60,9992,181670,320000,34,"Sucesso"
Decrescente,Treap,Busca,10000,0.000575,57.47,9992,430497,320000,34,"Sucesso"
Decrescente,Treap,Remocao,10000,0.000414,82.81,14996,542303,320000,27,"Sucesso"
Decrescente,Trie,Insercao,10000,0.015772,1577.18,0,501960,2172096,25,"Sucesso"
Decrescente,Trie,Busca,10000,0.013076,1307.64,0,1003920,2172096,25,"Sucesso"
Decrescente,Trie,Remocao,10000,0.007529,1505.84,0,2739946,2172096,25,"Sucesso"
Decrescente,Patricia,Insercao,10000,0.022790,2279.00,0,330231,2633201,5,"Sucesso"
Decrescente,Patricia,Busca,10000,0.019415,1941.53,0,696151,2633201,5,"Sucesso"
Decrescente,Patricia,Remocao,10000,0.012029,2405.71,0,1455221,2633201,5,"Sucesso"
Ordenado,Trie,Insercao,10000,0.014479,1447.86,0,421960,2171232,21,"Sucesso"
Ordenado,Trie,Busca,10000,0.013103,1310.26,0,843920,2171232,21,"Sucesso"
Ordenado,Trie,Remocao,10000,0.007724,1544.76,0,2376501,2171232,21,"Sucesso"
Ordenado,Patricia,Insercao,10000,0.020202,2020.18,0,289875,2633170,5,"Sucesso"
Ordenado,Patricia,Busca,10000,0.020153,2015.28,0,615795,2633170,5,"Sucesso"
Ordenado,Patricia,Remocao,10000,0.008942,1788.43,0,1319715,2633170,5,"Sucesso"
Aleatorio,Trie,Insercao,10000,0.016473,1647.34,0,515122,2944080,33,"Sucesso"
Aleatorio,Trie,Busca,10000,0.021428,2142.78,0,1030244,2944080,33,"Sucesso"
Aleatorio,Trie,Remocao,10000,0.007471,1494.27,0,2739617,2944080,33,"Sucesso"
Aleatorio,Patricia,Insercao,10000,0.033065,3306.49,0,379843,3301854,7,"Sucesso"
Aleatorio,Patricia,Busca,10000,0.022177,2217.73,0,792637,3301854,7,"Sucesso"
Aleatorio,Patricia,Remocao,10000,0.008929,1785.82,0,1733584,3301854,7,"Sucesso"
Aleatorio,KDTree,Insercao,10000,0.004986,498.60,0,463257,640000,30,"Dimensao=2"
Aleatorio,KDTree,Busca,10000,0.003549,354.91,0,956514,640000,30,"Dimensao=2"
Aleatorio,KDTree,Remocao,500,0.000335,669.88,0,997740,640000,30,"Dimensao=2"
Clusterizado,KDTree,Insercao,10000,0.004122,412.24,0,474727,720000,29,"Dimensao=3"
Clusterizado,KDTree,Busca,10000,0.005328,532.82,0,989454,720000,29,"Dimensao=3"
Clusterizado,KDTree,Remocao,500,0.001017,2034.92,0,1049854,720000,29,"Dimensao=3"
Diagonal,KDTree,Insercao,10000,0.665397,66539.69,0,149985000,800000,9999,"Dimensao=4"
Diagonal,KDTree,Busca,10000,0.434610,43461.04,0,300020000,800000,9999,"Dimensao=4"
Diagonal,KDTree,Remocao,500,0.317261,634521.15,0,378013000,800000,9499,"Dimensao=4"
Aleatorio,AVL,Insercao,50000,0.017783,355.65,33165,1069579,1516992,18,"Sucesso"
Aleatorio,AVL,Busca,50000,0.009058,181.15,33165,2210707,1516992,18,"Sucesso"
Aleatorio,AVL,Remocao,50000,0.009208,368.33,43588,2834173,1516992,16,"Sucesso"
Aleatorio,BST,Insercao,50000,0.020599,411.97,0,1409764,1137744,34,"Sucesso"
Aleatorio,BST,Busca,50000,0.020716,414.32,0,2916934,1137744,34,"Sucesso"
Aleatorio,BST,Remocao,50000,0.012077,483.08,0,3684765,1137744,32,"Sucesso"
Aleatorio,Splay,Insercao,50000,0.042028,840.57,971527,1459702,1516992,39,"Sucesso"
Aleatorio,Splay,Busca,50000,0.036042,720.85,2025415,3617478,1516992,39,"Sucesso"
Aleatorio,Splay,Remocao,50000,0.017151,686.06,2715151,4956799,1516992,50,"Sucesso"
Aleatorio,Treap,Insercao,50000,0.015499,309.98,94622,2293923,1516992,34,"Sucesso"
Aleatorio,Treap,Busca,50000,0.010620,212.39,94622,3717625,1516992,34,"Sucesso"
Aleatorio,Treap,Remocao,50000,0.007914,316.57,143244,4552948,1516992,32,"Sucesso"
Ordenado,AVL,Insercao,50000,0.006646,132.91,49984,1468930,1600000,15,"Sucesso"
Ordenado,AVL,Busca,50000,0.002679,53.58,49984,2601876,1600000,15,"Sucesso"
Ordenado,AVL,Remocao,50000,0.003689,147.57,62480,2939584,1600000,14,"Sucesso"
Ordenado,Splay,Insercao,50000,0.001843,36.87,49999,99998,1600000,49999,"Sucesso"
Ordenado,Splay,Busca,50000,0.002793,55.86,270687,591374,1600000,49999,"Sucesso"
Ordenado,Splay,Remocao,50000,0.002455,98.19,406050,962100,1600000,18,"Sucesso"
Ordenado,Treap,Insercao,50000,0.007648,152.97,49992,1713597,1600000,36,"Sucesso"
Ordenado,Treap,Busca,50000,0.002696,53.92,49992,3233712,1600000,36,"Sucesso"
Ordenado,Treap,Remocao,50000,0.001399,55.98,74989,3574309,1600000,33,"Sucesso"
Decrescente,AVL,Insercao,50000,0.007793,155.87,49984,734465,1600000,15,"Sucesso"
Decrescente,AVL,Busca,50000,0.002336,46.72,49984,1854962,1600000,15,"Sucesso"
Decrescente,AVL,Remocao,50000,0.002937,117.48,62480,2467878,1600000,14,"Sucesso"
Decrescente,BST,Insercao,50000,6.032244,120644.88,0,1249975000,1200000,49999,"Sucesso"
Decrescente,BST,Busca,50000,3.104347,62086.93,0,2500050000,1200000,49999,"Sucesso"
Decrescente,BST,Remocao,50000,0.000403,16.11,0,2500125000,1200000,24999,"Sucesso"
Decrescente,Splay,Insercao,50000,0.002271,45.43,49999,49999,1600000,49999,"Sucesso"
Decrescente,Splay,Busca,50000,0.002446,48.91,270687,541375,1600000,49999,"Sucesso"
Decrescente,Splay,Remocao,50000,0.001959,78.35,406050,887101,1600000,18,"Sucesso"
Decrescente,Treap,Insercao,50000,0.004251,85.03,49991,958498,1600000,36,"Sucesso"
Decrescente,Treap,Busca,50000,0.004068,81.37,49991,2489918,1600000,36,"Sucesso"
Decrescente,Treap,Remocao,50000,0.002047,81.89,74992,3211571,1600000,33,"Sucesso"
Decrescente,Trie,Insercao,50000,0.089535,1790.70,0,2449800,10858968,29,"Sucesso"
Decrescente,Trie,Busca,50000,0.063439,1268.78,0,4899600,10858968,29,"Sucesso"
Decrescente,Trie,Remocao,50000,0.038871,1554.84,0,12866391,10858968,29,"Sucesso"
Decrescente,Patricia,Insercao,50000,0.108529,2170.58,0,1741161,13166243,6,"Sucesso"
Decrescente,Patricia,Busca,50000,0.066116,1322.32,0,3690761,13166243,6,"Sucesso"
Decrescente,Patricia,Remocao,50000,0.048902,1956.06,0,8068111,13166243,6,"Sucesso"
Ordenado,Trie,Insercao,50000,0.055003,1100.05,0,2709800,10861560,33,"Sucesso"
Ordenado,Trie,Busca,50000,0.050319,1006.39,0,5419600,10861560,33,"Sucesso"
Ordenado,Trie,Remocao,50000,0.034625,1384.99,0,15365935,10861560,33,"Sucesso"
Ordenado,Patricia,Insercao,50000,0.073002,1460.04,0,1869352,13166490,7,"Sucesso"
Ordenado,Patricia,Busca,50000,0.059115,1182.29,0,4008952,13166490,7,"Sucesso"
Ordenado,Patricia,Remocao,50000,0.035107,1404.27,0,8664552,13166490,7,"Sucesso"
Aleatorio,Trie,Insercao,50000,0.076430,1528.60,0,2578352,10792656,33,"Sucesso"
Aleatorio,Trie,Busca,50000,0.072780,1455.59,0,5156704,10792656,33,"Sucesso"
Aleatorio,Trie,Remocao,50000,0.036715,1468.59,0,13438060,10792656,33,"Sucesso"
Aleatorio,Patricia,Insercao,50000,0.084468,1689.36,0,1936481,13027607,7,"Sucesso"
Aleatorio,Patricia,Busca,50000,0.066325,1326.50,0,4010681,13027607,7,"Sucesso"
Aleatorio,Patricia,Remocao,50000,0.034524,1380.97,0,8793411,13027607,7,"Sucesso"
Aleatorio,KDTree,Insercao,50000,0.030994,619.89,0,2799337,3200000,38,"Dimensao=2"
Aleatorio,KDTree,Busca,50000,0.017030,340.60,0,5748674,3200000,38,"Dimensao=2"
Aleatorio,KDTree,Remocao,1000,0.000785,784.67,0,5853750,3200000,38,"Dimensao=2"
Clusterizado,KDTree,Insercao,50000,0.030091,601.81,0,2861376,3600000,35,"Dimensao=3"
Clusterizado,KDTree,Busca,50000,0.018930,378.59,0,5922752,3600000,35,"Dimensao=3"
Clusterizado,KDTree,Remocao,1000,0.001236,1235.65,0,6099208,3600000,35,"Dimensao=3"
Aleatorio,AVL,Insercao,100000,0.040303,403.03,63019,2277678,2880000,19,"Sucesso"
Aleatorio,AVL,Busca,100000,0.018204,182.04,63019,4701438,2880000,19,"Sucesso"
Aleatorio,AVL,Remocao,100000,0.023284,465.67,82993,6014373,2880000,17,"Sucesso"
Aleatorio,BST,Insercao,100000,0.032298,322.98,0,3012344,2160000,38,"Sucesso"
Aleatorio,BST,Busca,100000,0.022800,228.00,0,6214688,2160000,38,"Sucesso"
Aleatorio,BST,Remocao,100000,0.011667,233.35,0,7843102,2160000,35,"Sucesso"
Aleatorio,Splay,Insercao,100000,0.051756,517.56,2072080,3118130,2880000,47,"Sucesso"
Aleatorio,Splay,Busca,100000,0.052695,526.95,4298649,7671268,2880000,47,"Sucesso"
Aleatorio,Splay,Remocao,100000,0.025936,518.71,5762797,10500838,2880000,43,"Sucesso"
Aleatorio,Treap,Insercao,100000,0.035884,358.84,179653,4921314,2880000,39,"Sucesso"
Aleatorio,Treap,Busca,100000,0.021727,217.27,179653,7986503,2880000,39,"Sucesso"
Aleatorio,Treap,Remocao,100000,0.023594,471.89,274672,9752973,2880000,36,"Sucesso"
Ordenado,AVL,Insercao,100000,0.013947,139.47,99983,3137858,3200000,16,"Sucesso"
Ordenado,AVL,Busca,100000,0.005444,54.44,99983,5553733,3200000,16,"Sucesso"
Ordenado,AVL,Remocao,100000,0.006925,138.49,124979,6266649,3200000,15,"Sucesso"
Ordenado,Splay,Insercao,100000,0.003014,30.14,99999,199998,3200000,99999,"Sucesso"
Ordenado,Splay,Busca,100000,0.009700,97.00,541425,1182850,3200000,99999,"Sucesso"
Ordenado,Splay,Remocao,100000,0.009447,188.94,812158,1924316,3200000,18,"Sucesso"
Ordenado,Treap,Insercao,100000,0.007656,76.56,99989,3252912,3200000,38,"Sucesso"
Ordenado,Treap,Busca,100000,0.006408,64.08,99989,6316737,3200000,38,"Sucesso"
Ordenado,Treap,Remocao,100000,0.003088,61.77,149984,7121413,3200000,36,"Sucesso"
Decrescente,AVL,Insercao,100000,0.017945,179.45,99983,1568929,3200000,16,"Sucesso"
Decrescente,AVL,Busca,100000,0.004912,49.12,99983,3959892,3200000,16,"Sucesso"
Decrescente,AVL,Remocao,100000,0.005695,113.89,124979,5260724,3200000,15,"Sucesso"
Decrescente,BST,Insercao,100000,44.713893,447138.93,0,4999950000,2400000,99999,"Sucesso"
Decrescente,BST,Busca,100000,14.294739,142947.39,0,10000100000,2400000,99999,"Sucesso"
Decrescente,BST,Remocao,100000,0.001047,20.95,0,10000250000,2400000,49999,"Sucesso"
Decrescente,Splay,Insercao,100000,0.006597,65.97,99999,99999,3200000,99999,"Sucesso"
Decrescente,Splay,Busca,100000,0.005736,57.36,541425,1082851,3200000,99999,"Sucesso"
Decrescente,Splay,Remocao,100000,0.004232,84.64,812158,1774317,3200000,18,"Sucesso"
Decrescente,Treap,Insercao,100000,0.009654,96.54,99991,2067326,3200000,40,"Sucesso"
Decrescente,Treap,Busca,100000,0.007215,72.15,99991,5142982,3200000,40,"Sucesso"
Decrescente,Treap,Remocao,100000,0.004535,90.70,149988,6517915,3200000,36,"Sucesso"
Decrescente,Trie,Insercao,100000,0.166669,1666.69,0,5159600,21720096,33,"Sucesso"
Decrescente,Trie,Busca,100000,0.132157,1321.57,0,10319200,21720096,33,"Sucesso"
Decrescente,Trie,Remocao,100000,0.078069,1561.38,0,25796051,21720096,33,"Sucesso"
Decrescente,Patricia,Insercao,100000,0.197511,1975.11,0,3702314,26332832,7,"Sucesso"
Decrescente,Patricia,Busca,100000,0.181499,1814.99,0,7851514,26332832,7,"Sucesso"
Decrescente,Patricia,Remocao,100000,0.090814,1816.27,0,16822214,26332832,7,"Sucesso"
Ordenado,Trie,Insercao,100000,0.153256,1532.56,0,5159600,21720096,33,"Sucesso"
Ordenado,Trie,Busca,100000,0.124598,1245.98,0,10319200,21720096,33,"Sucesso"
Ordenado,Trie,Remocao,100000,0.077714,1554.29,0,29696208,21720096,33,"Sucesso"
Ordenado,Patricia,Insercao,100000,0.190635,1906.35,0,3668714,26332680,7,"Sucesso"
Ordenado,Patricia,Busca,100000,0.164431,1644.31,0,7817914,26332680,7,"Sucesso"
Ordenado,Patricia,Remocao,100000,0.089969,1799.38,0,17107114,26332680,7,"Sucesso"
Aleatorio,Trie,Insercao,100000,0.181371,1813.71,0,5159896,19642824,33,"Sucesso"
Aleatorio,Trie,Busca,100000,0.133413,1334.13,0,10319792,19642824,33,"Sucesso"
Aleatorio,Trie,Remocao,100000,0.088839,1776.78,0,26748530,19642824,33,"Sucesso"
Aleatorio,Patricia,Insercao,100000,0.200941,2009.41,0,3898112,23803506,7,"Sucesso"
Aleatorio,Patricia,Busca,100000,0.180060,1800.60,0,8047832,23803506,7,"Sucesso"
Aleatorio,Patricia,Remocao,100000,0.091489,1829.77,0,17566607,23803506,7,"Sucesso"
Aleatorio,KDTree,Insercao,100000,0.092514,925.14,0,6018630,6400000,40,"Dimensao=2"
Aleatorio,KDTree,Busca,100000,0.058006,580.06,0,12337260,6400000,40,"Dimensao=2"
Aleatorio,KDTree,Remocao,1000,0.005616,5615.95,0,12460399,6400000,40,"Dimensao=2"
Clusterizado,KDTree,Insercao,100000,0.381393,3813.93,0,6132092,7200000,39,"Dimensao=3"
Clusterizado,KDTree,Busca,100000,0.114801,1148.01,0,12664184,7200000,39,"Dimensao=3"
Clusterizado,KDTree,Remocao,1000,0.009215,9214.91,0,12898145,7200000,39,"Dimensao=3"
Aleatorio,AVL,Insercao,100,0.000020,196.12,75,831,3200,7,"Sucesso"
Aleatorio,AVL,Busca,100,0.000007,74.09,75,1755,3200,7,"Sucesso"
Aleatorio,AVL,Remocao,100,0.000011,222.28,97,2331,3200,6,"Sucesso"
Aleatorio,BST,Insercao,100,0.000016,155.81,0,992,2400,11,"Sucesso"
Aleatorio,BST,Busca,100,0.000007,70.82,0,2184,2400,11,"Sucesso"
Aleatorio,BST,Remocao,100,0.000008,152.54,0,2771,2400,10,"Sucesso"
Aleatorio,Splay,Insercao,100,0.000033,331.24,653,981,3200,15,"Sucesso"
Aleatorio,Splay,Busca,100,0.000027,269.13,1475,2725,3200,15,"Sucesso"
Aleatorio,Splay,Remocao,100,0.000018,357.38,1920,3772,3200,12,"Sucesso"
Aleatorio,Treap,Insercao,100,0.000050,497.94,175,1537,3200,11,"Sucesso"
Aleatorio,Treap,Busca,100,0.000007,69.74,175,2636,3200,11,"Sucesso"
Aleatorio,Treap,Remocao,100,0.000009,176.52,268,3402,3200,8,"Sucesso"
Ordenado,AVL,Insercao,100,0.000020,197.21,93,1146,3200,6,"Sucesso"
Ordenado,AVL,Busca,100,0.000007,66.47,93,2075,3200,6,"Sucesso"
Ordenado,AVL,Remocao,100,0.000070,1396.86,116,2413,3200,5,"Sucesso"
Ordenado,BST,Insercao,100,0.000033,331.24,0,9900,2400,99,"Sucesso"
Ordenado,BST,Busca,100,0.000012,124.21,0,20000,2400,99,"Sucesso"
Ordenado,BST,Remocao,100,0.000002,30.50,0,20150,2400,49,"Sucesso"
Ordenado,Splay,Insercao,100,0.000007,67.56,99,198,3200,99,"Sucesso"
Ordenado,Splay,Busca,100,0.000006,63.19,515,1130,3200,99,"Sucesso"
Ordenado,Splay,Remocao,100,0.000005,108.96,774,1848,3200,6,"Sucesso"
Ordenado,Treap,Insercao,100,0.000014,138.38,97,1377,3200,14,"Sucesso"
Ordenado,Treap,Busca,100,0.000006,58.84,97,2538,3200,14,"Sucesso"
Ordenado,Treap,Remocao,100,0.000004,87.16,147,3003,3200,10,"Sucesso"
Decrescente,AVL,Insercao,100,0.000015,151.46,93,573,3200,6,"Sucesso"
Decrescente,AVL,Busca,100,0.000006,56.66,93,1484,3200,6,"Sucesso"
Decrescente,AVL,Remocao,100,0.000006,122.02,116,2035,3200,5,"Sucesso"
Decrescente,BST,Insercao,100,0.000054,537.17,0,4950,2400,99,"Sucesso"
Decrescente,BST,Busca,100,0.000013,126.39,0,10100,2400,99,"Sucesso"
Decrescente,BST,Remocao,100,0.000002,43.60,0,10250,2400,49,"Sucesso"
Decrescente,Splay,Insercao,100,0.000013,128.57,99,99,3200,99,"Sucesso"
Decrescente,Splay,Busca,100,0.000009,91.53,515,1031,3200,99,"Sucesso"
Decrescente,Splay,Remocao,100,0.000008,169.96,774,1699,3200,6,"Sucesso"
Decrescente,Treap,Insercao,100,0.000024,238.62,95,854,3200,13,"Sucesso"
Decrescente,Treap,Busca,100,0.000007,65.37,95,1888,3200,13,"Sucesso"
Decrescente,Treap,Remocao,100,0.000091,1815.26,148,2455,3200,10,"Sucesso"
Decrescente,Trie,Insercao,100,0.000241,2408.00,0,4794,26568,23,"Sucesso"
Decrescente,Trie,Busca,100,0.000137,1369.61,0,9588,26568,23,"Sucesso"
Decrescente,Trie,Remocao,100,0.000087,1749.90,0,28259,26568,23,"Sucesso"
Decrescente,Patricia,Insercao,100,0.000190,1902.43,0,2697,26862,2,"Sucesso"
Decrescente,Patricia,Busca,100,0.000174,1738.99,0,5785,26862,2,"Sucesso"
Decrescente,Patricia,Remocao,100,0.000096,1913.32,0,11206,26862,2,"Sucesso"
Ordenado,Trie,Insercao,100,0.000150,1502.55,0,4384,25704,21,"Sucesso"
Ordenado,Trie,Busca,100,0.000135,1352.19,0,8768,25704,21,"Sucesso"
Ordenado,Trie,Remocao,100,0.000085,1708.50,0,23201,25704,21,"Sucesso"
Ordenado,Patricia,Insercao,100,0.000188,1883.91,0,2850,26574,3,"Sucesso"
Ordenado,Patricia,Busca,100,0.000202,2022.29,0,6018,26574,3,"Sucesso"
Ordenado,Patricia,Remocao,100,0.000096,1915.50,0,12563,26574,3,"Sucesso"
Aleatorio,Trie,Insercao,100,0.000349,3488.88,0,5088,139320,33,"Sucesso"
Aleatorio,Trie,Busca,100,0.000151,1506.90,0,10176,139320,33,"Sucesso"
Aleatorio,Trie,Remocao,100,0.000116,2327.38,0,29726,139320,33,"Sucesso"
Aleatorio,Patricia,Insercao,100,0.000300,2997.47,0,2763,38643,5,"Sucesso"
Aleatorio,Patricia,Busca,100,0.000468,4684.16,0,6388,38643,5,"Sucesso"
Aleatorio,Patricia,Remocao,100,0.000138,2765.38,0,13483,38643,5,"Sucesso"
Aleatorio,KDTree,Insercao,100,0.000033,334.51,0,1761,6400,11,"Dimensao=2"
Aleatorio,KDTree,Busca,100,0.000017,172.16,0,3822,6400,11,"Dimensao=2"
Aleatorio,KDTree,Remocao,5,0.000004,719.00,0,4029,6400,11,"Dimensao=2"
Clusterizado,KDTree,Insercao,100,0.000034,336.69,0,2007,7200,12,"Dimensao=3"
Clusterizado,KDTree,Busca,100,0.000018,178.69,0,4414,7200,12,"Dimensao=3"
Clusterizado,KDTree,Remocao,5,0.000003,697.40,0,4630,7200,12,"Dimensao=3"
Diagonal,KDTree,Insercao,100,0.000084,840.08,0,14850,8000,99,"Dimensao=4"
Diagonal,KDTree,Busca,100,0.000053,534.99,0,30200,8000,99,"Dimensao=4"
Diagonal,KDTree,Remocao,5,0.000041,8237.40,0,37930,8000,94,"Dimensao=4"
Aleatorio,AVL,Insercao,1000,0.000230,229.58,721,13411,32000,11,"Sucesso"
Aleatorio,AVL,Busca,1000,0.000108,107.76,721,27689,32000,11,"Sucesso"
Aleatorio,AVL,Remocao,1000,0.000168,335.59,946,35986,32000,10,"Sucesso"
Aleatorio,BST,Insercao,1000,0.000264,263.90,0,16786,24000,19,"Sucesso"
Aleatorio,BST,Busca,1000,0.000104,104.49,0,35572,24000,19,"Sucesso"
Aleatorio,BST,Remocao,1000,0.000095,189.37,0,45113,24000,17,"Sucesso"
Aleatorio,Splay,Insercao,1000,0.000444,444.44,11370,17028,32000,22,"Sucesso"
Aleatorio,Splay,Busca,1000,0.000441,441.39,24480,44248,32000,22,"Sucesso"
Aleatorio,Splay,Remocao,1000,0.000275,549.37,32367,60641,32000,25,"Sucesso"
Aleatorio,Treap,Insercao,1000,0.000250,250.28,1862,28800,32000,22,"Sucesso"
Aleatorio,Treap,Busca,1000,0.000102,102.20,1862,47486,32000,22,"Sucesso"
Aleatorio,Treap,Remocao,1000,0.000139,277.19,2900,58961,32000,16,"Sucesso"
Ordenado,AVL,Insercao,1000,0.000165,164.96,990,17954,32000,9,"Sucesso"
Ordenado,AVL,Busca,1000,0.000055,54.59,990,31978,32000,9,"Sucesso"
Ordenado,AVL,Remocao,1000,0.000138,276.97,1238,36469,32000,9,"Sucesso"
Ordenado,BST,Insercao,1000,0.004294,4293.76,0,999000,24000,999,"Sucesso"
Ordenado,BST,Busca,1000,0.001246,1245.73,0,2000000,24000,999,"Sucesso"
Ordenado,BST,Remocao,1000,0.000015,29.86,0,2001500,24000,499,"Sucesso"
Ordenado,Splay,Insercao,1000,0.000059,59.05,999,1998,32000,999,"Sucesso"
Ordenado,Splay,Busca,1000,0.000058,58.29,5373,11746,32000,999,"Sucesso"
Ordenado,Splay,Remocao,1000,0.000049,97.41,8067,19134,32000,10,"Sucesso"
Ordenado,Treap,Insercao,1000,0.000121,121.05,990,21726,32000,20,"Sucesso"
Ordenado,Treap,Busca,1000,0.000065,65.48,990,39934,32000,20,"Sucesso"
Ordenado,Treap,Remocao,1000,0.000037,73.00,1490,44949,32000,17,"Sucesso"
Decrescente,AVL,Insercao,1000,0.000168,168.01,990,8977,32000,9,"Sucesso"
Decrescente,AVL,Busca,1000,0.000058,58.29,990,22914,32000,9,"Sucesso"
Decrescente,AVL,Remocao,1000,0.000058,116.59,1238,30646,32000,9,"Sucesso"
Decrescente,BST,Insercao,1000,0.003361,3360.74,0,499500,24000,999,"Sucesso"
Decrescente,BST,Busca,1000,0.001214,1214.13,0,1001000,24000,999,"Sucesso"
Decrescente,BST,Remocao,1000,0.000016,31.82,0,1002500,24000,499,"Sucesso"
Decrescente,Splay,Insercao,1000,0.000058,58.08,999,999,32000,999,"Sucesso"
Decrescente,Splay,Busca,1000,0.000054,54.26,5373,10747,32000,999,"Sucesso"
Decrescente,Splay,Remocao,1000,0.000045,89.56,8067,17635,32000,10,"Sucesso"
Decrescente,Treap,Insercao,1000,0.000120,120.07,991,12992,32000,18,"Sucesso"
Decrescente,Treap,Busca,1000,0.000059,59.16,991,28545,32000,18,"Sucesso"
Decrescente,Treap,Remocao,1000,0.000083,166.49,1485,35841,32000,17,"Sucesso"
Decrescente,Trie,Insercao,1000,0.001810,1810.36,0,48596,220752,24,"Sucesso"
Decrescente,Trie,Busca,1000,0.001494,1494.16,0,97192,220752,24,"Sucesso"
Decrescente,Trie,Remocao,1000,0.000846,1691.92,0,273070,220752,24,"Sucesso"
Decrescente,Patricia,Insercao,1000,0.013085,13085.02,0,29207,263299,3,"Sucesso"
Decrescente,Patricia,Busca,1000,0.003264,3264.20,0,61399,263299,3,"Sucesso"
Decrescente,Patricia,Remocao,1000,0.000939,1877.15,0,115377,263299,3,"Sucesso"
Ordenado,Trie,Insercao,1000,0.001883,1883.47,0,42596,220104,21,"Sucesso"
Ordenado,Trie,Busca,1000,0.002177,2177.33,0,85192,220104,21,"Sucesso"
Ordenado,Trie,Remocao,1000,0.000984,1968.67,0,232274,220104,21,"Sucesso"
Ordenado,Patricia,Insercao,1000,0.002889,2888.84,0,26174,263274,3,"Sucesso"
Ordenado,Patricia,Busca,1000,0.001847,1846.53,0,55366,263274,3,"Sucesso"
Ordenado,Patricia,Remocao,1000,0.000947,1894.80,0,116978,263274,3,"Sucesso"
Aleatorio,Trie,Insercao,1000,0.002881,2880.88,0,51542,536328,33,"Sucesso"
Aleatorio,Trie,Busca,1000,0.002085,2085.37,0,103084,536328,33,"Sucesso"
Aleatorio,Trie,Remocao,1000,0.001143,2285.53,0,281453,536328,33,"Sucesso"
Aleatorio,Patricia,Insercao,1000,0.002917,2916.51,0,34665,345131,7,"Sucesso"
Aleatorio,Patricia,Busca,1000,0.002872,2872.49,0,73913,345131,7,"Sucesso"
Aleatorio,Patricia,Remocao,1000,0.001120,2240.20,0,158332,345131,7,"Sucesso"
Aleatorio,KDTree,Insercao,1000,0.000443,442.59,0,32022,64000,21,"Dimensao=2"
Aleatorio,KDTree,Busca,1000,0.000294,293.54,0,67044,64000,21,"Dimensao=2"
Aleatorio,KDTree,Remocao,50,0.000040,795.42,0,70399,64000,21,"Dimensao=2"
Clusterizado,KDTree,Insercao,1000,0.000527,527.36,0,33381,72000,20,"Dimensao=3"
Clusterizado,KDTree,Busca,1000,0.000292,292.45,0,70762,72000,20,"Dimensao=3"
Clusterizado,KDTree,Remocao,50,0.000055,1109.20,0,75893,72000,20,"Dimensao=3"
Diagonal,KDTree,Insercao,1000,0.008921,8920.82,0,1498500,80000,999,"Dimensao=4"
Diagonal,KDTree,Busca,1000,0.005462,5461.91,0,3002000,80000,999,"Dimensao=4"
Diagonal,KDTree,Remocao,50,0.003824,76480.64,0,3781300,80000,949,"Dimensao=4"
Aleatorio,AVL,Insercao,10000,0.003956,395.55,6880,180336,316032,15,"Sucesso"
Aleatorio,AVL,Busca,10000,0.001838,183.80,6880,378695,316032,15,"Sucesso"
Aleatorio,AVL,Remocao,10000,0.002078,415.53,8934,485865,316032,14,"Sucesso"
Aleatorio,BST,Insercao,10000,0.003646,364.56,0,235262,237024,29,"Sucesso"
Aleatorio,BST,Busca,10000,0.002089,208.85,0,490400,237024,29,"Sucesso"
Aleatorio,BST,Remocao,10000,0.001503,300.53,0,621218,237024,25,"Sucesso"
Aleatorio,Splay,Insercao,10000,0.007090,709.02,161732,242685,316032,34,"Sucesso"
Aleatorio,Splay,Busca,10000,0.005863,586.28,340683,610587,316032,34,"Sucesso"
Aleatorio,Splay,Remocao,10000,0.003427,685.48,455674,838084,316032,31,"Sucesso"
Aleatorio,Treap,Insercao,10000,0.004797,479.71,19381,407854,316032,29,"Sucesso"
Aleatorio,Treap,Busca,10000,0.002279,227.87,19381,653897,316032,29,"Sucesso"
Aleatorio,Treap,Remocao,10000,0.001730,345.92,29451,804987,316032,26,"Sucesso"
Ordenado,AVL,Insercao,10000,0.002080,208.04,9986,247234,320000,13,"Sucesso"
Ordenado,AVL,Busca,10000,0.000870,86.99,9986,436210,320000,13,"Sucesso"
Ordenado,AVL,Remocao,10000,0.000878,175.58,12483,493006,320000,12,"Sucesso"
Ordenado,Splay,Insercao,10000,0.000573,57.33,9999,19998,320000,9999,"Sucesso"
Ordenado,Splay,Busca,10000,0.000703,70.31,54111,118222,320000,9999,"Sucesso"
Ordenado,Splay,Remocao,10000,0.000687,137.48,81182,192364,320000,15,"Sucesso"
Ordenado,Treap,Insercao,10000,0.001290,129.02,9990,275151,320000,28,"Sucesso"
Ordenado,Treap,Busca,10000,0.000821,82.14,9990,518598,320000,28,"Sucesso"
Ordenado,Treap,Remocao,10000,0.000486,97.26,14985,579452,320000,28,"Sucesso"
Decrescente,AVL,Insercao,10000,0.003348,334.83,9986,123617,320000,13,"Sucesso"
Decrescente,AVL,Busca,10000,0.000797,79.74,9986,315534,320000,13,"Sucesso"
Decrescente,AVL,Remocao,10000,0.000750,150.06,12483,416626,320000,12,"Sucesso"
Decrescente,Splay,Insercao,10000,0.000550,54.98,9999,9999,320000,9999,"Sucesso"
Decrescente,Splay,Busca,10000,0.000654,65.42,54111,108223,320000,9999,"Sucesso"
Decrescente,Splay,Remocao,10000,0.000569,113.73,81182,177365,320000,15,"Sucesso"
Decrescente,Treap,Insercao,10000,0.001146,114.58,9991,158884,320000,28,"Sucesso"
Decrescente,Treap,Busca,10000,0.000892,89.17,9991,398165,320000,28,"Sucesso"
Decrescente,Treap,Remocao,10000,0.000494,98.87,14992,512356,320000,27,"Sucesso"
Decrescente,Trie,Insercao,10000,0.022339,2233.90,0,501960,2172096,25,"Sucesso"
Decrescente,Trie,Busca,10000,0.018075,1807.52,0,1003920,2172096,25,"Sucesso"
Decrescente,Trie,Remocao,10000,0.009826,1965.23,0,2739946,2172096,25,"Sucesso"
Decrescente,Patricia,Insercao,10000,0.027956,2795.60,0,330231,2633201,5,"Sucesso"
Decrescente,Patricia,Busca,10000,0.021306,2130.64,0,696151,2633201,5,"Sucesso"
Decrescente,Patricia,Remocao,10000,0.011225,2244.97,0,1455221,2633201,5,"Sucesso"
Ordenado,Trie,Insercao,10000,0.020740,2074.01,0,421960,2171232,21,"Sucesso"
Ordenado,Trie,Busca,10000,0.022448,2244.77,0,843920,2171232,21,"Sucesso"
Ordenado,Trie,Remocao,10000,0.011261,2252.25,0,2376501,2171232,21,"Sucesso"
Ordenado,Patricia,Insercao,10000,0.040937,4093.68,0,289875,2633170,5,"Sucesso"
Ordenado,Patricia,Busca,10000,0.021123,2112.31,0,615795,2633170,5,"Sucesso"
Ordenado,Patricia,Remocao,10000,0.014992,2998.36,0,1319715,2633170,5,"Sucesso"
Aleatorio,Trie,Insercao,10000,0.026704,2670.35,0,515122,2944080,33,"Sucesso"
Aleatorio,Trie,Busca,10000,0.027346,2734.56,0,1030244,2944080,33,"Sucesso"
Aleatorio,Trie,Remocao,10000,0.011708,2341.64,0,2739617,2944080,33,"Sucesso"
Aleatorio,Patricia,Insercao,10000,0.028744,2874.41,0,379843,3301854,7,"Sucesso"
Aleatorio,Patricia,Busca,10000,0.022933,2293.26,0,792637,3301854,7,"Sucesso"
Aleatorio,Patricia,Remocao,10000,0.014241,2848.22,0,1733584,3301854,7,"Sucesso"
Aleatorio,KDTree,Insercao,10000,0.007224,722.38,0,463257,640000,30,"Dimensao=2"
Aleatorio,KDTree,Busca,10000,0.005149,514.93,0,956514,640000,30,"Dimensao=2"
Aleatorio,KDTree,Remocao,500,0.000607,1213.80,0,997740,640000,30,"Dimensao=2"
Clusterizado,KDTree,Insercao,10000,0.007122,712.18,0,474727,720000,29,"Dimensao=3"
Clusterizado,KDTree,Busca,10000,0.004879,487.91,0,989454,720000,29,"Dimensao=3"
Clusterizado,KDTree,Remocao,500,0.001097,2193.13,0,1049854,720000,29,"Dimensao=3"
Diagonal,KDTree,Insercao,10000,0.994931,99493.11,0,149985000,800000,9999,"Dimensao=4"
Diagonal,KDTree,Busca,10000,1.090089,109008.90,0,300020000,800000,9999,"Dimensao=4"
Diagonal,KDTree,Remocao,500,0.991074,1982147.72,0,378013000,800000,9499,"Dimensao=4"
Aleatorio,AVL,Insercao,50000,0.071178,1423.56,33165,1069579,1516992,18,"Sucesso"
Aleatorio,AVL,Busca,50000,0.038366,767.33,33165,2210707,1516992,18,"Sucesso"
Aleatorio,AVL,Remocao,50000,0.048959,1958.35,43588,2834173,1516992,16,"Sucesso"
Aleatorio,BST,Insercao,50000,0.053845,1076.89,0,1409764,1137744,34,"Sucesso"
Aleatorio,BST,Busca,50000,0.032269,645.38,0,2916934,1137744,34,"Sucesso"
Aleatorio,BST,Remocao,50000,0.025837,1033.49,0,3684765,1137744,32,"Sucesso"
Aleatorio,Splay,Insercao,50000,0.098309,1966.19,971527,1459702,1516992,39,"Sucesso"
Aleatorio,Splay,Busca,50000,0.084668,1693.37,2025415,3617478,1516992,39,"Sucesso"
Aleatorio,Splay,Remocao,50000,0.036794,1471.77,2715151,4956799,1516992,50,"Sucesso"
Aleatorio,Treap,Insercao,50000,0.043024,860.47,94344,2279646,1516992,37,"Sucesso"
Aleatorio,Treap,Busca,50000,0.041585,831.69,94344,3695201,1516992,37,"Sucesso"
Aleatorio,Treap,Remocao,50000,0.035763,1430.50,142684,4525302,1516992,32,"Sucesso"
Ordenado,AVL,Insercao,50000,0.032675,653.50,49984,1468930,1600000,15,"Sucesso"
Ordenado,AVL,Busca,50000,0.007049,140.98,49984,2601876,1600000,15,"Sucesso"
Ordenado,AVL,Remocao,50000,0.014271,570.83,62480,2939584,1600000,14,"Sucesso"
Ordenado,Splay,Insercao,50000,0.011098,221.95,49999,99998,1600000,49999,"Sucesso"
Ordenado,Splay,Busca,50000,0.012174,243.49,270687,591374,1600000,49999,"Sucesso"
Ordenado,Splay,Remocao,50000,0.012442,497.68,406050,962100,1600000,18,"Sucesso"
Ordenado,Treap,Insercao,50000,0.020167,403.35,49984,1537041,1600000,35,"Sucesso"
Ordenado,Treap,Busca,50000,0.007986,159.73,49984,2983917,1600000,35,"Sucesso"
Ordenado,Treap,Remocao,50000,0.009110,364.39,74982,3350772,1600000,35,"Sucesso"
Decrescente,AVL,Insercao,50000,0.041700,834.01,49984,734465,1600000,15,"Sucesso"
Decrescente,AVL,Busca,50000,0.007694,153.89,49984,1854962,1600000,15,"Sucesso"
Decrescente,AVL,Remocao,50000,0.013034,521.37,62480,2467878,1600000,14,"Sucesso"
Decrescente,Splay,Insercao,50000,0.012009,240.17,49999,49999,1600000,49999,"Sucesso"
Decrescente,Splay,Busca,50000,0.014099,281.98,270687,541375,1600000,49999,"Sucesso"
Decrescente,Splay,Remocao,50000,0.008784,351.35,406050,887101,1600000,18,"Sucesso"
Decrescente,Treap,Insercao,50000,0.024481,489.61,49988,1039974,1600000,38,"Sucesso"
Decrescente,Treap,Busca,50000,0.009170,183.40,49988,2498893,1600000,38,"Sucesso"
Decrescente,Treap,Remocao,50000,0.010590,423.59,74987,3101778,1600000,36,"Sucesso"
Decrescente,Trie,Insercao,50000,0.357720,7154.40,0,2449800,10858968,29,"Sucesso"
Decrescente,Trie,Busca,50000,0.253325,5066.50,0,4899600,10858968,29,"Sucesso"
Decrescente,Trie,Remocao,50000,0.110515,4420.61,0,12866391,10858968,29,"Sucesso"
Decrescente,Patricia,Insercao,50000,0.277222,5544.45,0,1741161,13166243,6,"Sucesso"
Decrescente,Patricia,Busca,50000,0.152232,3044.63,0,3690761,13166243,6,"Sucesso"
Decrescente,Patricia,Remocao,50000,0.073588,2943.51,0,8068111,13166243,6,"Sucesso"
Ordenado,Trie,Insercao,50000,0.293532,5870.64,0,2709800,10861560,33,"Sucesso"
Ordenado,Trie,Busca,50000,0.144974,2899.48,0,5419600,10861560,33,"Sucesso"
Ordenado,Trie,Remocao,50000,0.117728,4709.12,0,15365935,10861560,33,"Sucesso"
Ordenado,Patricia,Insercao,50000,0.333503,6670.06,0,1869352,13166490,7,"Sucesso"
Ordenado,Patricia,Busca,50000,0.141590,2831.81,0,4008952,13166490,7,"Sucesso"
Ordenado,Patricia,Remocao,50000,0.069109,2764.36,0,8664552,13166490,7,"Sucesso"
Aleatorio,Trie,Insercao,50000,0.178734,3574.68,0,2578352,10792656,33,"Sucesso"
Aleatorio,Trie,Busca,50000,0.188950,3778.99,0,5156704,10792656,33,"Sucesso"
Aleatorio,Trie,Remocao,50000,0.077286,3091.45,0,13438060,10792656,33,"Sucesso"
Aleatorio,Patricia,Insercao,50000,0.168754,3375.08,0,1936481,13027607,7,"Sucesso"
Aleatorio,Patricia,Busca,50000,0.141346,2826.92,0,4010681,13027607,7,"Sucesso"
Aleatorio,Patricia,Remocao,50000,0.133237,5329.48,0,8793411,13027607,7,"Sucesso"
Aleatorio,KDTree,Insercao,50000,0.092746,1854.91,0,2799337,3200000,38,"Dimensao=2"
Aleatorio,KDTree,Busca,50000,0.045196,903.93,0,5748674,3200000,38,"Dimensao=2"
Aleatorio,KDTree,Remocao,1000,0.002467,2466.57,0,5853750,3200000,38,"Dimensao=2"
Clusterizado,KDTree,Insercao,50000,0.109621,2192.43,0,2861376,3600000,35,"Dimensao=3"
Clusterizado,KDTree,Busca,50000,0.046213,924.27,0,5922752,3600000,35,"Dimensao=3"
Clusterizado,KDTree,Remocao,1000,0.004591,4591.18,0,6099208,3600000,35,"Dimensao=3"
Aleatorio,AVL,Insercao,100000,0.096537,965.37,63019,2277678,2880000,19,"Sucesso"
Aleatorio,AVL,Busca,100000,0.063274,632.74,63019,4701438,2880000,19,"Sucesso"
Aleatorio,AVL,Remocao,100000,0.061249,1224.99,82993,6014373,2880000,17,"Sucesso"
Aleatorio,BST,Insercao,100000,0.070246,702.46,0,3012344,2160000,38,"Sucesso"
Aleatorio,BST,Busca,100000,0.048578,485.78,0,6214688,2160000,38,"Sucesso"
Aleatorio,BST,Remocao,100000,0.048722,974.44,0,7843102,2160000,35,"Sucesso"
Aleatorio,Splay,Insercao,100000,0.130008,1300.08,2072080,3118130,2880000,47,"Sucesso"
Aleatorio,Splay,Busca,100000,0.150882,1508.82,4298649,7671268,2880000,47,"Sucesso"
Aleatorio,Splay,Remocao,100000,0.093636,1872.71,5762797,10500838,2880000,43,"Sucesso"
Aleatorio,Treap,Insercao,100000,0.140864,1408.64,180283,4912766,2880000,38,"Sucesso"
Aleatorio,Treap,Busca,100000,0.096905,969.05,180283,7902578,2880000,38,"Sucesso"
Aleatorio,Treap,Remocao,100000,0.067086,1341.71,275065,9673032,2880000,38,"Sucesso"
Ordenado,AVL,Insercao,100000,0.054654,546.54,99983,3137858,3200000,16,"Sucesso"
Ordenado,AVL,Busca,100000,0.026015,260.15,99983,5553733,3200000,16,"Sucesso"
Ordenado,AVL,Remocao,100000,0.025414,508.28,124979,6266649,3200000,15,"Sucesso"
Ordenado,Splay,Insercao,100000,0.011608,116.08,99999,199998,3200000,99999,"Sucesso"
Ordenado,Splay,Busca,100000,0.018850,188.50,541425,1182850,3200000,99999,"Sucesso"
Ordenado,Splay,Remocao,100000,0.013602,272.04,812158,1924316,3200000,18,"Sucesso"
Ordenado,Treap,Insercao,100000,0.021253,212.53,99987,3404298,3200000,40,"Sucesso"
Ordenado,Treap,Busca,100000,0.012714,127.14,99987,6557937,3200000,40,"Sucesso"
Ordenado,Treap,Remocao,100000,0.007112,142.24,149990,7346371,3200000,36,"Sucesso"
Decrescente,AVL,Insercao,100000,0.050857,508.57,99983,1568929,3200000,16,"Sucesso"
Decrescente,AVL,Busca,100000,0.013727,137.27,99983,3959892,3200000,16,"Sucesso"
Decrescente,AVL,Remocao,100000,0.014961,299.22,124979,5260724,3200000,15,"Sucesso"
Decrescente,Splay,Insercao,100000,0.009883,98.83,99999,99999,3200000,99999,"Sucesso"
Decrescente,Splay,Busca,100000,0.012639,126.39,541425,1082851,3200000,99999,"Sucesso"
Decrescente,Splay,Remocao,100000,0.031604,632.09,812158,1774317,3200000,18,"Sucesso"
Decrescente,Treap,Insercao,100000,0.098629,986.29,99986,2308206,3200000,43,"Sucesso"
Decrescente,Treap,Busca,100000,0.027675,276.75,99986,5414861,3200000,43,"Sucesso"
Decrescente,Treap,Remocao,100000,0.012192,243.83,149983,6756484,3200000,40,"Sucesso"
Decrescente,Trie,Insercao,100000,0.402810,4028.10,0,5159600,21720096,33,"Sucesso"
Decrescente,Trie,Busca,100000,0.252704,2527.04,0,10319200,21720096,33,"Sucesso"
Decrescente,Trie,Remocao,100000,0.129359,2587.17,0,25796051,21720096,33,"Sucesso"
Decrescente,Patricia,Insercao,100000,0.352496,3524.96,0,3702314,26332832,7,"Sucesso"
Decrescente,Patricia,Busca,100000,0.243125,2431.25,0,7851514,26332832,7,"Sucesso"
Decrescente,Patricia,Remocao,100000,0.136011,2720.23,0,16822214,26332832,7,"Sucesso"
Ordenado,Trie,Insercao,100000,0.256171,2561.71,0,5159600,21720096,33,"Sucesso"
Ordenado,Trie,Busca,100000,0.178040,1780.40,0,10319200,21720096,33,"Sucesso"
Ordenado,Trie,Remocao,100000,0.116179,2323.58,0,29696208,21720096,33,"Sucesso"
Ordenado,Patricia,Insercao,100000,0.273114,2731.14,0,3668714,26332680,7,"Sucesso"
Ordenado,Patricia,Busca,100000,0.232816,2328.16,0,7817914,26332680,7,"Sucesso"
Ordenado,Patricia,Remocao,100000,0.131076,2621.52,0,17107114,26332680,7,"Sucesso"
Aleatorio,Trie,Insercao,100000,0.317060,3170.60,0,5159896,19642824,33,"Sucesso"
Aleatorio,Trie,Busca,100000,0.246329,2463.29,0,10319792,19642824,33,"Sucesso"
Aleatorio,Trie,Remocao,100000,0.175696,3513.91,0,26748530,19642824,33,"Sucesso"
Aleatorio,Patricia,Insercao,100000,0.394492,3944.92,0,3898112,23803506,7,"Sucesso"
Aleatorio,Patricia,Busca,100000,0.322762,3227.62,0,8047832,23803506,7,"Sucesso"
Aleatorio,Patricia,Remocao,100000,0.186617,3732.34,0,17566607,23803506,7,"Sucesso"
Aleatorio,KDTree,Insercao,100000,0.147003,1470.03,0,6018630,6400000,40,"Dimensao=2"
Aleatorio,KDTree,Busca,100000,0.105196,1051.96,0,12337260,6400000,40,"Dimensao=2"
Aleatorio,KDTree,Remocao,1000,0.003240,3240.11,0,12460399,6400000,40,"Dimensao=2"
Clusterizado,KDTree,Insercao,100000,0.137797,1377.97,0,6132092,7200000,39,"Dimensao=3"
Clusterizado,KDTree,Busca,100000,0.104922,1049.22,0,12664184,7200000,39,"Dimensao=3"
Clusterizado,KDTree,Remocao,1000,0.007366,7365.89,0,12898145,7200000,39,"Dimensao=3"
Aleatorio,AVL,Insercao,100,0.000012,117.24,75,831,3200,7,"Sucesso"
Aleatorio,AVL,Busca,100,0.000004,37.90,75,1755,3200,7,"Sucesso"
Aleatorio,AVL,Remocao,100,0.000006,119.71,97,2331,3200,6,"Sucesso"
Aleatorio,BST,Insercao,100,0.000008,77.57,0,992,2400,11,"Sucesso"
Aleatorio,BST,Busca,100,0.000004,37.19,0,2184,2400,11,"Sucesso"
Aleatorio,BST,Remocao,100,0.000004,75.79,0,2771,2400,10,"Sucesso"
Aleatorio,Splay,Insercao,100,0.000025,251.48,653,981,3200,15,"Sucesso"
Aleatorio,Splay,Busca,100,0.000017,173.91,1475,2725,3200,15,"Sucesso"
Aleatorio,Splay,Remocao,100,0.000011,217.47,1920,3772,3200,12,"Sucesso"
Aleatorio,Treap,Insercao,100,0.000021,211.45,166,1604,3200,12,"Sucesso"
Aleatorio,Treap,Busca,100,0.000006,57.03,166,2665,3200,12,"Sucesso"
Aleatorio,Treap,Remocao,100,0.000007,147.35,264,3415,3200,10,"Sucesso"
Ordenado,AVL,Insercao,100,0.000009,88.55,93,1146,3200,6,"Sucesso"
Ordenado,AVL,Busca,100,0.000003,31.88,93,2075,3200,6,"Sucesso"
Ordenado,AVL,Remocao,100,0.000003,69.42,116,2413,3200,5,"Sucesso"
Ordenado,BST,Insercao,100,0.000028,280.52,0,9900,2400,99,"Sucesso"
Ordenado,BST,Busca,100,0.000009,93.15,0,20000,2400,99,"Sucesso"
Ordenado,BST,Remocao,100,0.000001,21.25,0,20150,2400,49,"Sucesso"
Ordenado,Splay,Insercao,100,0.000004,35.42,99,198,3200,99,"Sucesso"
Ordenado,Splay,Busca,100,0.000004,39.31,515,1130,3200,99,"Sucesso"
Ordenado,Splay,Remocao,100,0.000003,68.01,774,1848,3200,6,"Sucesso"
Ordenado,Treap,Insercao,100,0.000010,100.24,94,1512,3200,14,"Sucesso"
Ordenado,Treap,Busca,100,0.000005,53.48,94,2667,3200,14,"Sucesso"
Ordenado,Treap,Remocao,100,0.000003,63.75,144,3036,3200,12,"Sucesso"
Decrescente,AVL,Insercao,100,0.000011,106.61,93,573,3200,6,"Sucesso"
Decrescente,AVL,Busca,100,0.000004,40.02,93,1484,3200,6,"Sucesso"
Decrescente,AVL,Remocao,100,0.000004,79.35,116,2035,3200,5,"Sucesso"
Decrescente,BST,Insercao,100,0.000021,206.14,0,4950,2400,99,"Sucesso"
Decrescente,BST,Busca,100,0.000016,155.49,0,10100,2400,99,"Sucesso"
Decrescente,BST,Remocao,100,0.000001,23.38,0,10250,2400,49,"Sucesso"
Decrescente,Splay,Insercao,100,0.000004,41.79,99,99,3200,99,"Sucesso"
Decrescente,Splay,Busca,100,0.000005,47.11,515,1031,3200,99,"Sucesso"
Decrescente,Splay,Remocao,100,0.000004,77.21,774,1699,3200,6,"Sucesso"
Decrescente,Treap,Insercao,100,0.000008,82.17,98,844,3200,11,"Sucesso"
Decrescente,Treap,Busca,100,0.000004,41.08,98,1860,3200,11,"Sucesso"
Decrescente,Treap,Remocao,100,0.000003,56.67,147,2399,3200,10,"Sucesso"
Decrescente,Trie,Insercao,100,0.000127,1266.23,0,4794,26568,23,"Sucesso"
Decrescente,Trie,Busca,100,0.000092,921.25,0,9588,26568,23,"Sucesso"
Decrescente,Trie,Remocao,100,0.000060,1209.21,0,28259,26568,23,"Sucesso"
Decrescente,Patricia,Insercao,100,0.000153,1530.11,0,2697,26862,2,"Sucesso"
Decrescente,Patricia,Busca,100,0.000171,1707.91,0,5785,26862,2,"Sucesso"
Decrescente,Patricia,Remocao,100,0.000072,1443.69,0,11206,26862,2,"Sucesso"
Ordenado,Trie,Insercao,100,0.000154,1540.38,0,4384,25704,21,"Sucesso"
Ordenado,Trie,Busca,100,0.000158,1583.95,0,8768,25704,21,"Sucesso"
Ordenado,Trie,Remocao,100,0.000080,1590.33,0,23201,25704,21,"Sucesso"
Ordenado,Patricia,Insercao,100,0.000197,1972.14,0,2850,26574,3,"Sucesso"
Ordenado,Patricia,Busca,100,0.000130,1296.70,0,6018,26574,3,"Sucesso"
Ordenado,Patricia,Remocao,100,0.000097,1945.23,0,12563,26574,3,"Sucesso"
Aleatorio,Trie,Insercao,100,0.000219,2185.72,0,5088,139320,33,"Sucesso"
Aleatorio,Trie,Busca,100,0.000101,1014.76,0,10176,139320,33,"Sucesso"
Aleatorio,Trie,Remocao,100,0.000080,1593.87,0,29726,139320,33,"Sucesso"
Aleatorio,Patricia,Insercao,100,0.000153,1530.11,0,2763,38643,5,"Sucesso"
Aleatorio,Patricia,Busca,100,0.000129,1293.86,0,6388,38643,5,"Sucesso"
Aleatorio,Patricia,Remocao,100,0.000073,1455.02,0,13483,38643,5,"Sucesso"
Aleatorio,KDTree,Insercao,100,0.000026,264.94,0,1761,6400,11,"Dimensao=2"
Aleatorio,KDTree,Busca,100,0.000011,112.28,0,3822,6400,11,"Dimensao=2"
Aleatorio,KDTree,Remocao,5,0.000002,375.40,0,4029,6400,11,"Dimensao=2"
Clusterizado,KDTree,Insercao,100,0.000021,208.97,0,2007,7200,12,"Dimensao=3"
Clusterizado,KDTree,Busca,100,0.000011,106.25,0,4414,7200,12,"Dimensao=3"
Clusterizado,KDTree,Remocao,5,0.000002,333.00,0,4630,7200,12,"Dimensao=3"
Diagonal,KDTree,Insercao,100,0.000066,658.09,0,14850,8000,99,"Dimensao=4"
Diagonal,KDTree,Busca,100,0.000064,639.32,0,30200,8000,99,"Dimensao=4"
Diagonal,KDTree,Remocao,5,0.000028,5596.20,0,37930,8000,94,"Dimensao=4"
Aleatorio,AVL,Insercao,1000,0.000172,172.21,721,13411,32000,11,"Sucesso"
Aleatorio,AVL,Busca,1000,0.000067,67.47,721,27689,32000,11,"Sucesso"
Aleatorio,AVL,Remocao,1000,0.000080,160.87,946,35986,32000,10,"Sucesso"
Aleatorio,BST,Insercao,1000,0.000138,137.92,0,16786,24000,19,"Sucesso"
Aleatorio,BST,Busca,1000,0.000090,90.28,0,35572,24000,19,"Sucesso"
Aleatorio,BST,Remocao,1000,0.000061,121.98,0,45113,24000,17,"Sucesso"
Aleatorio,Splay,Insercao,1000,0.000447,447.31,11370,17028,32000,22,"Sucesso"
Aleatorio,Splay,Busca,1000,0.000363,362.98,24480,44248,32000,22,"Sucesso"
Aleatorio,Splay,Remocao,1000,0.000243,485.38,32367,60641,32000,25,"Sucesso"
Aleatorio,Treap,Insercao,1000,0.000257,257.14,1930,28327,32000,22,"Sucesso"
Aleatorio,Treap,Busca,1000,0.000112,111.75,1930,46706,32000,22,"Sucesso"
Aleatorio,Treap,Remocao,1000,0.000084,167.39,2906,57651,32000,20,"Sucesso"
Ordenado,AVL,Insercao,1000,0.000174,173.59,990,17954,32000,9,"Sucesso"
Ordenado,AVL,Busca,1000,0.000076,76.29,990,31978,32000,9,"Sucesso"
Ordenado,AVL,Remocao,1000,0.000060,120.78,1238,36469,32000,9,"Sucesso"
Ordenado,BST,Insercao,1000,0.002724,2723.74,0,999000,24000,999,"Sucesso"
Ordenado,BST,Busca,1000,0.000857,856.97,0,2000000,24000,999,"Sucesso"
Ordenado,BST,Remocao,1000,0.000009,18.42,0,2001500,24000,499,"Sucesso"
Ordenado,Splay,Insercao,1000,0.000056,56.21,999,1998,32000,999,"Sucesso"
Ordenado,Splay,Busca,1000,0.000057,56.88,5373,11746,32000,999,"Sucesso"
Ordenado,Splay,Remocao,1000,0.000046,91.17,8067,19134,32000,10,"Sucesso"
Ordenado,Treap,Insercao,1000,0.000097,97.08,994,17625,32000,22,"Sucesso"
Ordenado,Treap,Busca,1000,0.000078,78.31,994,35940,32000,22,"Sucesso"
Ordenado,Treap,Remocao,1000,0.000106,212.73,1495,42558,32000,20,"Sucesso"
Decrescente,AVL,Insercao,1000,0.000181,180.74,990,8977,32000,9,"Sucesso"
Decrescente,AVL,Busca,1000,0.000055,54.58,990,22914,32000,9,"Sucesso"
Decrescente,AVL,Remocao,1000,0.000055,109.87,1238,30646,32000,9,"Sucesso"
Decrescente,BST,Insercao,1000,0.001998,1998.28,0,499500,24000,999,"Sucesso"
Decrescente,BST,Busca,1000,0.000842,842.45,0,1001000,24000,999,"Sucesso"
Decrescente,BST,Remocao,1000,0.000009,18.56,0,1002500,24000,499,"Sucesso"
Decrescente,Splay,Insercao,1000,0.000035,34.53,999,999,32000,999,"Sucesso"
Decrescente,Splay,Busca,1000,0.000044,43.57,5373,10747,32000,999,"Sucesso"
Decrescente,Splay,Remocao,1000,0.000037,73.46,8067,17635,32000,10,"Sucesso"
Decrescente,Treap,Insercao,1000,0.000076,75.87,991,11104,32000,18,"Sucesso"
Decrescente,Treap,Busca,1000,0.000052,51.75,991,27991,32000,18,"Sucesso"
Decrescente,Treap,Remocao,1000,0.000027,54.76,1488,36890,32000,17,"Sucesso"
Decrescente,Trie,Insercao,1000,0.001501,1501.07,0,48596,220752,24,"Sucesso"
Decrescente,Trie,Busca,1000,0.001432,1431.96,0,97192,220752,24,"Sucesso"
Decrescente,Trie,Remocao,1000,0.000572,1144.32,0,273070,220752,24,"Sucesso"
Decrescente,Patricia,Insercao,1000,0.001911,1910.72,0,29207,263299,3,"Sucesso"
Decrescente,Patricia,Busca,1000,0.001630,1630.31,0,61399,263299,3,"Sucesso"
Decrescente,Patricia,Remocao,1000,0.000624,1248.24,0,115377,263299,3,"Sucesso"
Ordenado,Trie,Insercao,1000,0.001177,1177.26,0,42596,220104,21,"Sucesso"
Ordenado,Trie,Busca,1000,0.001043,1043.27,0,85192,220104,21,"Sucesso"
Ordenado,Trie,Remocao,1000,0.000629,1257.74,0,232274,220104,21,"Sucesso"
Ordenado,Patricia,Insercao,1000,0.001519,1519.45,0,26174,263274,3,"Sucesso"
Ordenado,Patricia,Busca,1000,0.001552,1551.75,0,55366,263274,3,"Sucesso"
Ordenado,Patricia,Remocao,1000,0.000878,1755.09,0,116978,263274,3,"Sucesso"
Aleatorio,Trie,Insercao,1000,0.001302,1302.47,0,51542,536328,33,"Sucesso"
Aleatorio,Trie,Busca,1000,0.001028,1028.29,0,103084,536328,33,"Sucesso"
Aleatorio,Trie,Remocao,1000,0.000596,1191.01,0,281453,536328,33,"Sucesso"
Aleatorio,Patricia,Insercao,1000,0.001294,1293.76,0,34665,345131,7,"Sucesso"
Aleatorio,Patricia,Busca,1000,0.001188,1188.03,0,73913,345131,7,"Sucesso"
Aleatorio,Patricia,Remocao,1000,0.000623,1246.54,0,158332,345131,7,"Sucesso"
Aleatorio,KDTree,Insercao,1000,0.000232,232.14,0,32022,64000,21,"Dimensao=2"
Aleatorio,KDTree,Busca,1000,0.000157,156.59,0,67044,64000,21,"Dimensao=2"
Aleatorio,KDTree,Remocao,50,0.000019,388.91,0,70399,64000,21,"Dimensao=2"
Clusterizado,KDTree,Insercao,1000,0.000277,277.19,0,33381,72000,20,"Dimensao=3"
Clusterizado,KDTree,Busca,1000,0.000171,171.00,0,70762,72000,20,"Dimensao=3"
Clusterizado,KDTree,Remocao,50,0.000027,531.29,0,75893,72000,20,"Dimensao=3"
Diagonal,KDTree,Insercao,1000,0.004506,4506.17,0,1498500,80000,999,"Dimensao=4"
Diagonal,KDTree,Busca,1000,0.003498,3497.93,0,3002000,80000,999,"Dimensao=4"
Diagonal,KDTree,Remocao,50,0.002144,42876.37,0,3781300,80000,949,"Dimensao=4"
Aleatorio,AVL,Insercao,10000,0.002762,276.17,6880,180336,316032,15,"Sucesso"
Aleatorio,AVL,Busca,10000,0.001496,149.64,6880,378695,316032,15,"Sucesso"
Aleatorio,AVL,Remocao,10000,0.001252,250.39,8934,485865,316032,14,"Sucesso"
Aleatorio,BST,Insercao,10000,0.002151,215.14,0,235262,237024,29,"Sucesso"
Aleatorio,BST,Busca,10000,0.001567,156.73,0,490400,237024,29,"Sucesso"
Aleatorio,BST,Remocao,10000,0.000850,170.06,0,621218,237024,25,"Sucesso"
Aleatorio,Splay,Insercao,10000,0.003410,341.02,161732,242685,316032,34,"Sucesso"
Aleatorio,Splay,Busca,10000,0.003436,343.61,340683,610587,316032,34,"Sucesso"
Aleatorio,Splay,Remocao,10000,0.002053,410.55,455674,838084,316032,31,"Sucesso"
Aleatorio,Treap,Insercao,10000,0.002079,207.92,19883,385281,316032,28,"Sucesso"
Aleatorio,Treap,Busca,10000,0.001374,137.38,19883,627061,316032,28,"Sucesso"
Aleatorio,Treap,Remocao,10000,0.001294,258.84,29458,777924,316032,26,"Sucesso"
Ordenado,AVL,Insercao,10000,0.001605,160.50,9986,247234,320000,13,"Sucesso"
Ordenado,AVL,Busca,10000,0.000536,53.57,9986,436210,320000,13,"Sucesso"
Ordenado,AVL,Remocao,10000,0.000463,92.66,12483,493006,320000,12,"Sucesso"
Ordenado,Splay,Insercao,10000,0.000311,31.09,9999,19998,320000,9999,"Sucesso"
Ordenado,Splay,Busca,10000,0.000444,44.36,54111,118222,320000,9999,"Sucesso"
Ordenado,Splay,Remocao,10000,0.000355,71.03,81182,192364,320000,15,"Sucesso"
Ordenado,Treap,Insercao,10000,0.001641,164.11,9990,272880,320000,30,"Sucesso"
Ordenado,Treap,Busca,10000,0.000624,62.44,9990,519210,320000,30,"Sucesso"
Ordenado,Treap,Remocao,10000,0.000560,112.09,14990,584128,320000,25,"Sucesso"
Decrescente,AVL,Insercao,10000,0.001437,143.68,9986,123617,320000,13,"Sucesso"
Decrescente,AVL,Busca,10000,0.000604,60.44,9986,315534,320000,13,"Sucesso"
Decrescente,AVL,Remocao,10000,0.000493,98.69,12483,416626,320000,12,"Sucesso"
Decrescente,Splay,Insercao,10000,0.000409,40.94,9999,9999,320000,9999,"Sucesso"
Decrescente,Splay,Busca,10000,0.000645,64.54,54111,108223,320000,9999,"Sucesso"
Decrescente,Splay,Remocao,10000,0.000441,88.11,81182,177365,320000,15,"Sucesso"
Decrescente,Treap,Insercao,10000,0.000937,93.68,9993,167116,320000,29,"Sucesso"
Decrescente,Treap,Busca,10000,0.000597,59.69,9993,418039,320000,29,"Sucesso"
Decrescente,Treap,Remocao,10000,0.000379,75.73,15001,535903,320000,27,"Sucesso"
Decrescente,Trie,Insercao,10000,0.012450,1244.95,0,501960,2172096,25,"Sucesso"
Decrescente,Trie,Busca,10000,0.010425,1042.54,0,1003920,2172096,25,"Sucesso"
Decrescente,Trie,Remocao,10000,0.005193,1038.58,0,2739946,2172096,25,"Sucesso"
Decrescente,Patricia,Insercao,10000,0.013451,1345.12,0,330231,2633201,5,"Sucesso"
Decrescente,Patricia,Busca,10000,0.011142,1114.22,0,696151,2633201,5,"Sucesso"
Decrescente,Patricia,Remocao,10000,0.005769,1153.89,0,1455221,2633201,5,"Sucesso"
Ordenado,Trie,Insercao,10000,0.010392,1039.20,0,421960,2171232,21,"Sucesso"
Ordenado,Trie,Busca,10000,0.008638,863.83,0,843920,2171232,21,"Sucesso"
Ordenado,Trie,Remocao,10000,0.006138,1227.55,0,2376501,2171232,21,"Sucesso"
Ordenado,Patricia,Insercao,10000,0.012296,1229.65,0,289875,2633170,5,"Sucesso"
Ordenado,Patricia,Busca,10000,0.011551,1155.09,0,615795,2633170,5,"Sucesso"
Ordenado,Patricia,Remocao,10000,0.006834,1366.80,0,1319715,2633170,5,"Sucesso"
Aleatorio,Trie,Insercao,10000,0.014961,1496.14,0,515122,2944080,33,"Sucesso"
Aleatorio,Trie,Busca,10000,0.010624,1062.43,0,1030244,2944080,33,"Sucesso"
Aleatorio,Trie,Remocao,10000,0.007272,1454.33,0,2739617,2944080,33,"Sucesso"
Aleatorio,Patricia,Insercao,10000,0.015015,1501.53,0,379843,3301854,7,"Sucesso"
Aleatorio,Patricia,Busca,10000,0.011119,1111.93,0,792637,3301854,7,"Sucesso"
Aleatorio,Patricia,Remocao,10000,0.007611,1522.16,0,1733584,3301854,7,"Sucesso"
Aleatorio,KDTree,Insercao,10000,0.004658,465.76,0,463257,640000,30,"Dimensao=2"
Aleatorio,KDTree,Busca,10000,0.003238,323.76,0,956514,640000,30,"Dimensao=2"
Aleatorio,KDTree,Remocao,500,0.000290,579.10,0,997740,640000,30,"Dimensao=2"
Clusterizado,KDTree,Insercao,10000,0.004005,400.49,0,474727,720000,29,"Dimensao=3"
Clusterizado,KDTree,Busca,10000,0.003756,375.61,0,989454,720000,29,"Dimensao=3"
Clusterizado,KDTree,Remocao,500,0.000454,909.00,0,1049854,720000,29,"Dimensao=3"
Diagonal,KDTree,Insercao,10000,0.650766,65076.56,0,149985000,800000,9999,"Dimensao=4"
Diagonal,KDTree,Busca,10000,0.365437,36543.69,0,300020000,800000,9999,"Dimensao=4"
Diagonal,KDTree,Remocao,500,0.254122,508243.25,0,378013000,800000,9499,"Dimensao=4"
Aleatorio,AVL,Insercao,50000,0.019712,394.25,33165,1069579,1516992,18,"Sucesso"
Aleatorio,AVL,Busca,50000,0.010066,201.31,33165,2210707,1516992,18,"Sucesso"
Aleatorio,AVL,Remocao,50000,0.009114,364.55,43588,2834173,1516992,16,"Sucesso"
Aleatorio,BST,Insercao,50000,0.012551,251.02,0,1409764,1137744,34,"Sucesso"
Aleatorio,BST,Busca,50000,0.012058,241.17,0,2916934,1137744,34,"Sucesso"
Aleatorio,BST,Remocao,50000,0.006475,259.01,0,3684765,1137744,32,"Sucesso"
Aleatorio,Splay,Insercao,50000,0.026728,534.56,971527,1459702,1516992,39,"Sucesso"
Aleatorio,Splay,Busca,50000,0.032635,652.69,2025415,3617478,1516992,39,"Sucesso"
Aleatorio,Splay,Remocao,50000,0.015443,617.71,2715151,4956799,1516992,50,"Sucesso"
Aleatorio,Treap,Insercao,50000,0.016375,327.51,94742,2317876,1516992,36,"Sucesso"
Aleatorio,Treap,Busca,50000,0.009635,192.70,94742,3749469,1516992,36,"Sucesso"
Aleatorio,Treap,Remocao,50000,0.007705,308.19,143400,4629864,1516992,38,"Sucesso"
Ordenado,AVL,Insercao,50000,0.007583,151.67,49984,1468930,1600000,15,"Sucesso"
Ordenado,AVL,Busca,50000,0.003573,71.45,49984,2601876,1600000,15,"Sucesso"
Ordenado,AVL,Remocao,50000,0.002743,109.71,62480,2939584,1600000,14,"Sucesso"
Ordenado,Splay,Insercao,50000,0.001634,32.68,49999,99998,1600000,49999,"Sucesso"
Ordenado,Splay,Busca,50000,0.002892,57.85,270687,591374,1600000,49999,"Sucesso"
Ordenado,Splay,Remocao,50000,0.003637,145.48,406050,962100,1600000,18,"Sucesso"
Ordenado,Treap,Insercao,50000,0.003569,71.37,49989,1518432,1600000,38,"Sucesso"
Ordenado,Treap,Busca,50000,0.003006,60.12,49989,3027082,1600000,38,"Sucesso"
Ordenado,Treap,Remocao,50000,0.001681,67.26,74983,3446868,1600000,36,"Sucesso"
Decrescente,AVL,Insercao,50000,0.008426,168.53,49984,734465,1600000,15,"Sucesso"
Decrescente,AVL,Busca,50000,0.003762,75.24,49984,1854962,1600000,15,"Sucesso"
Decrescente,AVL,Remocao,50000,0.002478,99.11,62480,2467878,1600000,14,"Sucesso"
Decrescente,Splay,Insercao,50000,0.001670,33.41,49999,49999,1600000,49999,"Sucesso"
Decrescente,Splay,Busca,50000,0.003312,66.23,270687,541375,1600000,49999,"Sucesso"
Decrescente,Splay,Remocao,50000,0.002015,80.61,406050,887101,1600000,18,"Sucesso"
Decrescente,Treap,Insercao,50000,0.003932,78.64,49992,1009200,1600000,36,"Sucesso"
Decrescente,Treap,Busca,50000,0.002932,58.64,49992,2466414,1600000,36,"Sucesso"
Decrescente,Treap,Remocao,50000,0.001939,77.57,74988,3107568,1600000,36,"Sucesso"
Decrescente,Trie,Insercao,50000,0.056297,1125.94,0,2449800,10858968,29,"Sucesso"
Decrescente,Trie,Busca,50000,0.044784,895.68,0,4899600,10858968,29,"Sucesso"
Decrescente,Trie,Remocao,50000,0.026865,1074.58,0,12866391,10858968,29,"Sucesso"
Decrescente,Patricia,Insercao,50000,0.067243,1344.86,0,1741161,13166243,6,"Sucesso"
Decrescente,Patricia,Busca,50000,0.052739,1054.78,0,3690761,13166243,6,"Sucesso"
Decrescente,Patricia,Remocao,50000,0.031289,1251.54,0,8068111,13166243,6,"Sucesso"
Ordenado,Trie,Insercao,50000,0.055223,1104.47,0,2709800,10861560,33,"Sucesso"
Ordenado,Trie,Busca,50000,0.041513,830.27,0,5419600,10861560,33,"Sucesso"
Ordenado,Trie,Remocao,50000,0.028483,1139.33,0,15365935,10861560,33,"Sucesso"
Ordenado,Patricia,Insercao,50000,0.059314,1186.29,0,1869352,13166490,7,"Sucesso"
Ordenado,Patricia,Busca,50000,0.058528,1170.57,0,4008952,13166490,7,"Sucesso"
Ordenado,Patricia,Remocao,50000,0.029958,1198.30,0,8664552,13166490,7,"Sucesso"
Aleatorio,Trie,Insercao,50000,0.060371,1207.41,0,2578352,10792656,33,"Sucesso"
Aleatorio,Trie,Busca,50000,0.052346,1046.92,0,5156704,10792656,33,"Sucesso"
Aleatorio,Trie,Remocao,50000,0.032051,1282.05,0,13438060,10792656,33,"Sucesso"
Aleatorio,Patricia,Insercao,50000,0.062550,1250.99,0,1936481,13027607,7,"Sucesso"
Aleatorio,Patricia,Busca,50000,0.058308,1166.17,0,4010681,13027607,7,"Sucesso"
Aleatorio,Patricia,Remocao,50000,0.032002,1280.06,0,8793411,13027607,7,"Sucesso"
Aleatorio,KDTree,Insercao,50000,0.033366,667.32,0,2799337,3200000,38,"Dimensao=2"
Aleatorio,KDTree,Busca,50000,0.020517,410.35,0,5748674,3200000,38,"Dimensao=2"
Aleatorio,KDTree,Remocao,1000,0.000856,855.51,0,5853750,3200000,38,"Dimensao=2"
Clusterizado,KDTree,Insercao,50000,0.029599,591.97,0,2861376,3600000,35,"Dimensao=3"
Clusterizado,KDTree,Busca,50000,0.021371,427.43,0,5922752,3600000,35,"Dimensao=3"
Clusterizado,KDTree,Remocao,1000,0.001455,1455.41,0,6099208,3600000,35,"Dimensao=3"
Aleatorio,AVL,Insercao,100000,0.036344,363.44,63019,2277678,2880000,19,"Sucesso"
Aleatorio,AVL,Busca,100000,0.023545,235.45,63019,4701438,2880000,19,"Sucesso"
Aleatorio,AVL,Remocao,100000,0.020006,400.12,82993,6014373,2880000,17,"Sucesso"
Aleatorio,BST,Insercao,100000,0.029524,295.24,0,3012344,2160000,38,"Sucesso"
Aleatorio,BST,Busca,100000,0.025677,256.77,0,6214688,2160000,38,"Sucesso"
Aleatorio,BST,Remocao,100000,0.015200,303.99,0,7843102,2160000,35,"Sucesso"
Aleatorio,Splay,Insercao,100000,0.055649,556.49,2072080,3118130,2880000,47,"Sucesso"
Aleatorio,Splay,Busca,100000,0.055664,556.64,4298649,7671268,2880000,47,"Sucesso"
Aleatorio,Splay,Remocao,100000,0.036101,722.02,5762797,10500838,2880000,43,"Sucesso"
Aleatorio,Treap,Insercao,100000,0.036145,361.45,179080,4798826,2880000,39,"Sucesso"
Aleatorio,Treap,Busca,100000,0.027776,277.76,179080,7813116,2880000,39,"Sucesso"
Aleatorio,Treap,Remocao,100000,0.020383,407.65,273296,9546101,2880000,36,"Sucesso"
Ordenado,AVL,Insercao,100000,0.013444,134.44,99983,3137858,3200000,16,"Sucesso"
Ordenado,AVL,Busca,100000,0.005643,56.43,99983,5553733,3200000,16,"Sucesso"
Ordenado,AVL,Remocao,100000,0.005345,106.91,124979,6266649,3200000,15,"Sucesso"
Ordenado,Splay,Insercao,100000,0.004224,42.24,99999,199998,3200000,99999,"Sucesso"
Ordenado,Splay,Busca,100000,0.008041,80.41,541425,1182850,3200000,99999,"Sucesso"
Ordenado,Splay,Remocao,100000,0.005793,115.86,812158,1924316,3200000,18,"Sucesso"
Ordenado,Treap,Insercao,100000,0.008383,83.83,99991,3723600,3200000,43,"Sucesso"
Ordenado,Treap,Busca,100000,0.007364,73.64,99991,7011769,3200000,43,"Sucesso"
Ordenado,Treap,Remocao,100000,0.003658,73.16,149980,7743463,3200000,37,"Sucesso"
Decrescente,AVL,Insercao,100000,0.017399,173.99,99983,1568929,3200000,16,"Sucesso"
Decrescente,AVL,Busca,100000,0.006316,63.16,99983,3959892,3200000,16,"Sucesso"
Decrescente,AVL,Remocao,100000,0.005161,103.23,124979,5260724,3200000,15,"Sucesso"
Decrescente,Splay,Insercao,100000,0.003833,38.33,99999,99999,3200000,99999,"Sucesso"
Decrescente,Splay,Busca,100000,0.007019,70.19,541425,1082851,3200000,99999,"Sucesso"
Decrescente,Splay,Remocao,100000,0.007224,144.48,812158,1774317,3200000,18,"Sucesso"
Decrescente,Treap,Insercao,100000,0.007615,76.15,99990,2225882,3200000,40,"Sucesso"
Decrescente,Treap,Busca,100000,0.006744,67.44,99990,5322449,3200000,40,"Sucesso"
Decrescente,Treap,Remocao,100000,0.003742,74.84,149993,6632126,3200000,37,"Sucesso"
Decrescente,Trie,Insercao,100000,0.111743,1117.43,0,5159600,21720096,33,"Sucesso"
Decrescente,Trie,Busca,100000,0.119508,1195.08,0,10319200,21720096,33,"Sucesso"
Decrescente,Trie,Remocao,100000,0.054498,1089.96,0,25796051,21720096,33,"Sucesso"
Decrescente,Patricia,Insercao,100000,0.129858,1298.58,0,3702314,26332832,7,"Sucesso"
Decrescente,Patricia,Busca,100000,0.123229,1232.29,0,7851514,26332832,7,"Sucesso"
Decrescente,Patricia,Remocao,100000,0.059903,1198.06,0,16822214,26332832,7,"Sucesso"
Ordenado,Trie,Insercao,100000,0.099794,997.94,0,5159600,21720096,33,"Sucesso"
Ordenado,Trie,Busca,100000,0.097732,977.32,0,10319200,21720096,33,"Sucesso"
Ordenado,Trie,Remocao,100000,0.055972,1119.43,0,29696208,21720096,33,"Sucesso"
Ordenado,Patricia,Insercao,100000,0.132289,1322.89,0,3668714,26332680,7,"Sucesso"
Ordenado,Patricia,Busca,100000,0.114839,1148.39,0,7817914,26332680,7,"Sucesso"
Ordenado,Patricia,Remocao,100000,0.063746,1274.92,0,17107114,26332680,7,"Sucesso"
Aleatorio,Trie,Insercao,100000,0.130113,1301.13,0,5159896,19642824,33,"Sucesso"
Aleatorio,Trie,Busca,100000,0.098915,989.15,0,10319792,19642824,33,"Sucesso"
Aleatorio,Trie,Remocao,100000,-0.716026,-14320.53,0,26748530,19642824,33,"Sucesso"
Aleatorio,Patricia,Insercao,100000,0.137902,1379.02,0,3898112,23803506,7,"Sucesso"
Aleatorio,Patricia,Busca,100000,0.120383,1203.83,0,8047832,23803506,7,"Sucesso"
Aleatorio,Patricia,Remocao,100000,0.063636,1272.71,0,17566607,23803506,7,"Sucesso"
Aleatorio,KDTree,Insercao,100000,0.077093,770.93,0,6018630,6400000,40,"Dimensao=2"
Aleatorio,KDTree,Busca,100000,0.073904,739.04,0,12337260,6400000,40,"Dimensao=2"
Aleatorio,KDTree,Remocao,1000,0.001936,1935.90,0,12460399,6400000,40,"Dimensao=2"
Clusterizado,KDTree,Insercao,100000,0.080576,805.76,0,6132092,7200000,39,"Dimensao=3"
Clusterizado,KDTree,Busca,100000,0.063475,634.75,0,12664184,7200000,39,"Dimensao=3"
Clusterizado,KDTree,Remocao,1000,0.003590,3590.16,0,12898145,7200000,39,"Dimensao=3"
Aleatorio,AVL,Insercao,100,0.000011,107.04,75,831,3200,7,"Sucesso"
Aleatorio,AVL,Busca,100,0.000002,23.44,75,1755,3200,7,"Sucesso"
Aleatorio,AVL,Remocao,100,0.000005,100.40,97,2331,3200,6,"Sucesso"
Aleatorio,BST,Insercao,100,0.000006,57.70,0,992,2400,11,"Sucesso"
Aleatorio,BST,Busca,100,0.000003,32.76,0,2184,2400,11,"Sucesso"
Aleatorio,BST,Remocao,100,0.000003,59.73,0,2771,2400,10,"Sucesso"
Aleatorio,Splay,Insercao,100,0.000018,184.65,653,981,3200,15,"Sucesso"
Aleatorio,Splay,Busca,100,0.000016,156.71,1475,2725,3200,15,"Sucesso"
Aleatorio,Splay,Remocao,100,0.000026,521.09,1920,3772,3200,12,"Sucesso"
Aleatorio,Treap,Insercao,100,0.000014,140.65,184,1529,3200,13,"Sucesso"
Aleatorio,Treap,Busca,100,0.000009,90.88,184,2633,3200,13,"Sucesso"
Aleatorio,Treap,Remocao,100,0.000008,168.92,266,3397,3200,9,"Sucesso"
Ordenado,AVL,Insercao,100,0.000008,84.03,93,1146,3200,6,"Sucesso"
Ordenado,AVL,Busca,100,0.000002,21.51,93,2075,3200,6,"Sucesso"
Ordenado,AVL,Remocao,100,0.000006,110.04,116,2413,3200,5,"Sucesso"
Ordenado,BST,Insercao,100,0.000035,349.93,0,9900,2400,99,"Sucesso"
Ordenado,BST,Busca,100,0.000011,109.72,0,20000,2400,99,"Sucesso"
Ordenado,BST,Remocao,100,0.000002,32.96,0,20150,2400,49,"Sucesso"
Ordenado,Splay,Insercao,100,0.000003,33.08,99,198,3200,99,"Sucesso"
Ordenado,Splay,Busca,100,0.000004,39.39,515,1130,3200,99,"Sucesso"
Ordenado,Splay,Remocao,100,0.000003,69.58,774,1848,3200,6,"Sucesso"
Ordenado,Treap,Insercao,100,0.000010,99.55,93,1419,3200,12,"Sucesso"
Ordenado,Treap,Busca,100,0.000005,47.63,93,2523,3200,12,"Sucesso"
Ordenado,Treap,Remocao,100,0.000003,54.80,143,2903,3200,8,"Sucesso"
Decrescente,AVL,Insercao,100,0.000009,93.23,93,573,3200,6,"Sucesso"
Decrescente,AVL,Busca,100,0.000002,23.66,93,1484,3200,6,"Sucesso"
Decrescente,AVL,Remocao,100,0.000004,81.35,116,2035,3200,5,"Sucesso"
Decrescente,BST,Insercao,100,0.000026,263.97,0,4950,2400,99,"Sucesso"
Decrescente,BST,Busca,100,0.000010,101.48,0,10100,2400,99,"Sucesso"
Decrescente,BST,Remocao,100,0.000001,24.62,0,10250,2400,49,"Sucesso"
Decrescente,Splay,Insercao,100,0.000004,38.11,99,99,3200,99,"Sucesso"
Decrescente,Splay,Busca,100,0.000009,92.06,515,1031,3200,99,"Sucesso"
Decrescente,Splay,Remocao,100,0.000004,77.50,774,1699,3200,6,"Sucesso"
Decrescente,Treap,Insercao,100,0.000013,125.78,95,742,3200,11,"Sucesso"
Decrescente,Treap,Busca,100,0.000005,53.20,95,1694,3200,11,"Sucesso"
Decrescente,Treap,Remocao,100,0.000008,163.35,140,2267,3200,11,"Sucesso"
Decrescente,Trie,Insercao,100,0.000242,2421.11,0,4794,26568,23,"Sucesso"
Decrescente,Trie,Busca,100,0.000226,2255.20,0,9588,26568,23,"Sucesso"
Decrescente,Trie,Remocao,100,0.000127,2531.37,0,28259,26568,23,"Sucesso"
Decrescente,Patricia,Insercao,100,0.000198,1981.16,0,2697,26862,2,"Sucesso"
Decrescente,Patricia,Busca,100,0.000149,1492.83,0,5785,26862,2,"Sucesso"
Decrescente,Patricia,Remocao,100,0.000077,1549.14,0,11206,26862,2,"Sucesso"
Ordenado,Trie,Insercao,100,0.000111,1114.11,0,4384,25704,21,"Sucesso"
Ordenado,Trie,Busca,100,0.000101,1005.14,0,8768,25704,21,"Sucesso"
Ordenado,Trie,Remocao,100,0.000058,1168.49,0,23201,25704,21,"Sucesso"
Ordenado,Patricia,Insercao,100,0.000136,1357.42,0,2850,26574,3,"Sucesso"
Ordenado,Patricia,Busca,100,0.000122,1219.12,0,6018,26574,3,"Sucesso"
Ordenado,Patricia,Remocao,100,0.000067,1335.91,0,12563,26574,3,"Sucesso"
Aleatorio,Trie,Insercao,100,0.000217,2165.81,0,5088,139320,33,"Sucesso"
Aleatorio,Trie,Busca,100,0.000153,1528.26,0,10176,139320,33,"Sucesso"
Aleatorio,Trie,Remocao,100,0.000108,2156.71,0,29726,139320,33,"Sucesso"
Aleatorio,Patricia,Insercao,100,0.000184,1837.94,0,2763,38643,5,"Sucesso"
Aleatorio,Patricia,Busca,100,0.000166,1660.35,0,6388,38643,5,"Sucesso"
Aleatorio,Patricia,Remocao,100,0.000085,1697.72,0,13483,38643,5,"Sucesso"
Aleatorio,KDTree,Insercao,100,0.000018,182.30,0,1761,6400,11,"Dimensao=2"
Aleatorio,KDTree,Busca,100,0.000010,101.58,0,3822,6400,11,"Dimensao=2"
Aleatorio,KDTree,Remocao,5,0.000001,246.18,0,4029,6400,11,"Dimensao=2"
Clusterizado,KDTree,Insercao,100,0.000019,190.32,0,2007,7200,12,"Dimensao=3"
Clusterizado,KDTree,Busca,100,0.000010,104.26,0,4414,7200,12,"Dimensao=3"
Clusterizado,KDTree,Remocao,5,0.000001,271.90,0,4630,7200,12,"Dimensao=3"
Diagonal,KDTree,Insercao,100,0.000068,681.12,0,14850,8000,99,"Dimensao=4"
Diagonal,KDTree,Busca,100,0.000056,557.70,0,30200,8000,99,"Dimensao=4"
Diagonal,KDTree,Remocao,5,0.000030,5998.74,0,37930,8000,94,"Dimensao=4"
Aleatorio,AVL,Insercao,1000,0.000191,190.89,721,13411,32000,11,"Sucesso"
Aleatorio,AVL,Busca,1000,0.000079,78.88,721,27689,32000,11,"Sucesso"
Aleatorio,AVL,Remocao,1000,0.000116,232.41,946,35986,32000,10,"Sucesso"
Aleatorio,BST,Insercao,1000,0.000167,167.08,0,16786,24000,19,"Sucesso"
Aleatorio,BST,Busca,1000,0.000115,114.94,0,35572,24000,19,"Sucesso"
Aleatorio,BST,Remocao,1000,0.000094,187.03,0,45113,24000,17,"Sucesso"
Aleatorio,Splay,Insercao,1000,0.000345,345.18,11370,17028,32000,22,"Sucesso"
Aleatorio,Splay,Busca,1000,0.000283,283.39,24480,44248,32000,22,"Sucesso"
Aleatorio,Splay,Remocao,1000,0.000192,383.62,32367,60641,32000,25,"Sucesso"
Aleatorio,Treap,Insercao,1000,0.000183,183.45,1848,27600,32000,21,"Sucesso"
Aleatorio,Treap,Busca,1000,0.000082,81.67,1848,46901,32000,21,"Sucesso"
Aleatorio,Treap,Remocao,1000,0.000079,158.66,2929,59041,32000,20,"Sucesso"
Ordenado,AVL,Insercao,1000,0.000127,126.50,990,17954,32000,9,"Sucesso"
Ordenado,AVL,Busca,1000,0.000050,49.60,990,31978,32000,9,"Sucesso"
Ordenado,AVL,Remocao,1000,0.000080,159.52,1238,36469,32000,9,"Sucesso"
Ordenado,BST,Insercao,1000,0.002797,2797.20,0,999000,24000,999,"Sucesso"
Ordenado,BST,Busca,1000,0.001296,1295.95,0,2000000,24000,999,"Sucesso"
Ordenado,BST,Remocao,1000,0.000011,21.26,0,2001500,24000,499,"Sucesso"
Ordenado,Splay,Insercao,1000,0.000044,44.47,999,1998,32000,999,"Sucesso"
Ordenado,Splay,Busca,1000,0.000060,59.86,5373,11746,32000,999,"Sucesso"
Ordenado,Splay,Remocao,1000,0.000068,136.89,8067,19134,32000,10,"Sucesso"
Ordenado,Treap,Insercao,1000,0.000070,70.00,997,22131,32000,21,"Sucesso"
Ordenado,Treap,Busca,1000,0.000051,50.73,997,41281,32000,21,"Sucesso"
Ordenado,Treap,Remocao,1000,0.000028,55.28,1502,46702,32000,19,"Sucesso"
Decrescente,AVL,Insercao,1000,0.000113,113.17,990,8977,32000,9,"Sucesso"
Decrescente,AVL,Busca,1000,0.000046,45.55,990,22914,32000,9,"Sucesso"
Decrescente,AVL,Remocao,1000,0.000042,83.62,1238,30646,32000,9,"Sucesso"
Decrescente,BST,Insercao,1000,0.002400,2400.43,0,499500,24000,999,"Sucesso"
Decrescente,BST,Busca,1000,0.000918,917.65,0,1001000,24000,999,"Sucesso"
Decrescente,BST,Remocao,1000,0.000010,20.51,0,1002500,24000,499,"Sucesso"
Decrescente,Splay,Insercao,1000,0.000026,26.10,999,999,32000,999,"Sucesso"
Decrescente,Splay,Busca,1000,0.000032,32.28,5373,10747,32000,999,"Sucesso"
Decrescente,Splay,Remocao,1000,0.000029,58.60,8067,17635,32000,10,"Sucesso"
Decrescente,Treap,Insercao,1000,0.000073,72.50,991,12802,32000,19,"Sucesso"
Decrescente,Treap,Busca,1000,0.000043,42.88,991,28442,32000,19,"Sucesso"
Decrescente,Treap,Remocao,1000,0.000029,57.01,1494,35789,32000,16,"Sucesso"
Decrescente,Trie,Insercao,1000,0.001260,1259.63,0,48596,220752,24,"Sucesso"
Decrescente,Trie,Busca,1000,0.001019,1018.60,0,97192,220752,24,"Sucesso"
Decrescente,Trie,Remocao,1000,0.000564,1127.11,0,273070,220752,24,"Sucesso"
Decrescente,Patricia,Insercao,1000,0.001621,1620.74,0,29207,263299,3,"Sucesso"
Decrescente,Patricia,Busca,1000,0.001573,1573.32,0,61399,263299,3,"Sucesso"
Decrescente,Patricia,Remocao,1000,0.000668,1335.07,0,115377,263299,3,"Sucesso"
Ordenado,Trie,Insercao,1000,0.001622,1621.79,0,42596,220104,21,"Sucesso"
Ordenado,Trie,Busca,1000,0.001382,1382.19,0,85192,220104,21,"Sucesso"
Ordenado,Trie,Remocao,1000,0.000841,1682.45,0,232274,220104,21,"Sucesso"
Ordenado,Patricia,Insercao,1000,0.002152,2151.72,0,26174,263274,3,"Sucesso"
Ordenado,Patricia,Busca,1000,0.001620,1619.82,0,55366,263274,3,"Sucesso"
Ordenado,Patricia,Remocao,1000,0.000941,1881.59,0,116978,263274,3,"Sucesso"
Aleatorio,Trie,Insercao,1000,0.001487,1486.88,0,51542,536328,33,"Sucesso"
Aleatorio,Trie,Busca,1000,0.001032,1032.12,0,103084,536328,33,"Sucesso"
Aleatorio,Trie,Remocao,1000,0.000651,1301.99,0,281453,536328,33,"Sucesso"
Aleatorio,Patricia,Insercao,1000,0.001539,1539.41,0,34665,345131,7,"Sucesso"
Aleatorio,Patricia,Busca,1000,0.001116,1116.10,0,73913,345131,7,"Sucesso"
Aleatorio,Patricia,Remocao,1000,0.000716,1432.65,0,158332,345131,7,"Sucesso"
Aleatorio,KDTree,Insercao,1000,0.000266,266.24,0,32022,64000,21,"Dimensao=2"
Aleatorio,KDTree,Busca,1000,0.000186,186.47,0,67044,64000,21,"Dimensao=2"
Aleatorio,KDTree,Remocao,50,0.000020,396.92,0,70399,64000,21,"Dimensao=2"
Clusterizado,KDTree,Insercao,1000,0.000254,253.97,0,33381,72000,20,"Dimensao=3"
Clusterizado,KDTree,Busca,1000,0.000171,170.79,0,70762,72000,20,"Dimensao=3"
Clusterizado,KDTree,Remocao,50,0.000027,531.36,0,75893,72000,20,"Dimensao=3"
Diagonal,KDTree,Insercao,1000,0.004256,4255.67,0,1498500,80000,999,"Dimensao=4"
Diagonal,KDTree,Busca,1000,0.002918,2918.33,0,3002000,80000,999,"Dimensao=4"
Diagonal,KDTree,Remocao,50,0.002113,42255.92,0,3781300,80000,949,"Dimensao=4"
Aleatorio,AVL,Insercao,10000,0.002289,228.85,6880,180336,316032,15,"Sucesso"
Aleatorio,AVL,Busca,10000,0.001273,127.32,6880,378695,316032,15,"Sucesso"
Aleatorio,AVL,Remocao,10000,0.001314,262.90,8934,485865,316032,14,"Sucesso"
Aleatorio,BST,Insercao,10000,0.001837,183.66,0,235262,237024,29,"Sucesso"
Aleatorio,BST,Busca,10000,0.001201,120.06,0,490400,237024,29,"Sucesso"
Aleatorio,BST,Remocao,10000,0.000874,174.79,0,621218,237024,25,"Sucesso"
Aleatorio,Splay,Insercao,10000,0.003774,377.41,161732,242685,316032,34,"Sucesso"
Aleatorio,Splay,Busca,10000,0.003359,335.92,340683,610587,316032,34,"Sucesso"
Aleatorio,Splay,Remocao,10000,0.001948,389.67,455674,838084,316032,31,"Sucesso"
Aleatorio,Treap,Insercao,10000,0.002037,203.74,20099,423888,316032,30,"Sucesso"
Aleatorio,Treap,Busca,10000,0.001207,120.72,20099,670538,316032,30,"Sucesso"
Aleatorio,Treap,Remocao,10000,0.000994,198.71,30067,818084,316032,27,"Sucesso"
Ordenado,AVL,Insercao,10000,0.001149,114.91,9986,247234,320000,13,"Sucesso"
Ordenado,AVL,Busca,10000,0.000463,46.33,9986,436210,320000,13,"Sucesso"
Ordenado,AVL,Remocao,10000,0.000501,100.25,12483,493006,320000,12,"Sucesso"
Ordenado,Splay,Insercao,10000,0.000356,35.62,9999,19998,320000,9999,"Sucesso"
Ordenado,Splay,Busca,10000,0.000698,69.84,54111,118222,320000,9999,"Sucesso"
Ordenado,Splay,Remocao,10000,0.000612,122.40,81182,192364,320000,15,"Sucesso"
Ordenado,Treap,Insercao,10000,0.000814,81.41,9989,251556,320000,29,"Sucesso"
Ordenado,Treap,Busca,10000,0.000553,55.27,9989,484311,320000,29,"Sucesso"
Ordenado,Treap,Remocao,10000,0.000309,61.80,14988,550401,320000,28,"Sucesso"
Decrescente,AVL,Insercao,10000,0.001104,110.44,9986,123617,320000,13,"Sucesso"
Decrescente,AVL,Busca,10000,0.000436,43.63,9986,315534,320000,13,"Sucesso"
Decrescente,AVL,Remocao,10000,0.000422,84.37,12483,416626,320000,12,"Sucesso"
Decrescente,Splay,Insercao,10000,0.000318,31.82,9999,9999,320000,9999,"Sucesso"
Decrescente,Splay,Busca,10000,0.000442,44.24,54111,108223,320000,9999,"Sucesso"
Decrescente,Splay,Remocao,10000,0.000441,88.17,81182,177365,320000,15,"Sucesso"
Decrescente,Treap,Insercao,10000,0.000893,89.33,9992,159930,320000,29,"Sucesso"
Decrescente,Treap,Busca,10000,0.000627,62.73,9992,400183,320000,29,"Sucesso"
Decrescente,Treap,Remocao,10000,0.000355,70.90,14990,510719,320000,26,"Sucesso"
Decrescente,Trie,Insercao,10000,0.012038,1203.79,0,501960,2172096,25,"Sucesso"
Decrescente,Trie,Busca,10000,0.010408,1040.82,0,1003920,2172096,25,"Sucesso"
Decrescente,Trie,Remocao,10000,0.005637,1127.33,0,2739946,2172096,25,"Sucesso"
Decrescente,Patricia,Insercao,10000,0.014355,1435.53,0,330231,2633201,5,"Sucesso"
Decrescente,Patricia,Busca,10000,0.012198,1219.85,0,696151,2633201,5,"Sucesso"
Decrescente,Patricia,Remocao,10000,0.006222,1244.36,0,1455221,2633201,5,"Sucesso"
Ordenado,Trie,Insercao,10000,0.010077,1007.71,0,421960,2171232,21,"Sucesso"
Ordenado,Trie,Busca,10000,0.007830,783.02,0,843920,2171232,21,"Sucesso"
Ordenado,Trie,Remocao,10000,0.004891,978.13,0,2376501,2171232,21,"Sucesso"
Ordenado,Patricia,Insercao,10000,0.013302,1330.24,0,289875,2633170,5,"Sucesso"
Ordenado,Patricia,Busca,10000,-0.197111,-19711.05,0,615795,2633170,5,"Sucesso"
Ordenado,Patricia,Remocao,10000,0.005678,1135.54,0,1319715,2633170,5,"Sucesso"
Aleatorio,Trie,Insercao,10000,0.016524,1652.45,0,515122,2944080,33,"Sucesso"
Aleatorio,Trie,Busca,10000,0.012537,1253.73,0,1030244,2944080,33,"Sucesso"
Aleatorio,Trie,Remocao,10000,0.008322,1664.31,0,2739617,2944080,33,"Sucesso"
Aleatorio,Patricia,Insercao,10000,0.019684,1968.37,0,379843,3301854,7,"Sucesso"
Aleatorio,Patricia,Busca,10000,0.016780,1677.99,0,792637,3301854,7,"Sucesso"
Aleatorio,Patricia,Remocao,10000,0.008888,1777.54,0,1733584,3301854,7,"Sucesso"
Aleatorio,KDTree,Insercao,10000,0.003905,390.50,0,463257,640000,30,"Dimensao=2"
Aleatorio,KDTree,Busca,10000,0.002858,285.83,0,956514,640000,30,"Dimensao=2"
Aleatorio,KDTree,Remocao,500,0.000279,557.62,0,997740,640000,30,"Dimensao=2"
Clusterizado,KDTree,Insercao,10000,0.004147,414.74,0,474727,720000,29,"Dimensao=3"
Clusterizado,KDTree,Busca,10000,0.003149,314.92,0,989454,720000,29,"Dimensao=3"
Clusterizado,KDTree,Remocao,500,0.000428,856.36,0,1049854,720000,29,"Dimensao=3"
Diagonal,KDTree,Insercao,10000,0.535207,53520.65,0,149985000,800000,9999,"Dimensao=4"
Diagonal,KDTree,Busca,10000,0.354000,35400.01,0,300020000,800000,9999,"Dimensao=4"
Diagonal,KDTree,Remocao,500,0.229608,459216.30,0,378013000,800000,9499,"Dimensao=4"
Aleatorio,AVL,Insercao,50000,0.015168,303.36,33165,1069579,1516992,18,"Sucesso"
Aleatorio,AVL,Busca,50000,0.009012,180.24,33165,2210707,1516992,18,"Sucesso"
Aleatorio,AVL,Remocao,50000,0.007913,316.54,43588,2834173,1516992,16,"Sucesso"
Aleatorio,BST,Insercao,50000,0.016695,333.91,0,1409764,1137744,34,"Sucesso"
Aleatorio,BST,Busca,50000,0.012111,242.22,0,2916934,1137744,34,"Sucesso"
Aleatorio,BST,Remocao,50000,0.008102,324.07,0,3684765,1137744,32,"Sucesso"
Aleatorio,Splay,Insercao,50000,0.025769,515.37,971527,1459702,1516992,39,"Sucesso"
Aleatorio,Splay,Busca,50000,0.023264,465.28,2025415,3617478,1516992,39,"Sucesso"
Aleatorio,Splay,Remocao,50000,0.013408,536.31,2715151,4956799,1516992,50,"Sucesso"
Aleatorio,Treap,Insercao,50000,0.020261,405.22,95332,2305231,1516992,37,"Sucesso"
Aleatorio,Treap,Busca,50000,0.012561,251.21,95332,3781531,1516992,37,"Sucesso"
Aleatorio,Treap,Remocao,50000,0.008671,346.83,143279,4647885,1516992,34,"Sucesso"
Ordenado,AVL,Insercao,50000,0.006372,127.44,49984,1468930,1600000,15,"Sucesso"
Ordenado,AVL,Busca,50000,0.002463,49.26,49984,2601876,1600000,15,"Sucesso"
Ordenado,AVL,Remocao,50000,0.003279,131.15,62480,2939584,1600000,14,"Sucesso"
Ordenado,Splay,Insercao,50000,0.001486,29.72,49999,99998,1600000,49999,"Sucesso"
Ordenado,Splay,Busca,50000,0.002749,54.98,270687,591374,1600000,49999,"Sucesso"
Ordenado,Splay,Remocao,50000,0.002451,98.04,406050,962100,1600000,18,"Sucesso"
Ordenado,Treap,Insercao,50000,0.004055,81.09,49994,1565148,1600000,39,"Sucesso"
Ordenado,Treap,Busca,50000,0.003008,60.15,49994,3081141,1600000,39,"Sucesso"
Ordenado,Treap,Remocao,50000,0.001617,64.66,74999,3454842,1600000,37,"Sucesso"
Decrescente,AVL,Insercao,50000,0.007988,159.76,49984,734465,1600000,15,"Sucesso"
Decrescente,AVL,Busca,50000,0.002819,56.39,49984,1854962,1600000,15,"Sucesso"
Decrescente,AVL,Remocao,50000,0.002989,119.58,62480,2467878,1600000,14,"Sucesso"
Decrescente,Splay,Insercao,50000,0.001434,28.69,49999,49999,1600000,49999,"Sucesso"
Decrescente,Splay,Busca,50000,0.002785,55.69,270687,541375,1600000,49999,"Sucesso"
Decrescente,Splay,Remocao,50000,0.002194,87.75,406050,887101,1600000,18,"Sucesso"
Decrescente,Treap,Insercao,50000,0.003805,76.10,49988,1085006,1600000,35,"Sucesso"
Decrescente,Treap,Busca,50000,0.002675,53.50,49988,2487759,1600000,35,"Sucesso"
Decrescente,Treap,Remocao,50000,0.001539,61.57,74988,3083321,1600000,33,"Sucesso"
Decrescente,Trie,Insercao,50000,0.056609,1132.18,0,2449800,10858968,29,"Sucesso"
Decrescente,Trie,Busca,50000,0.052988,1059.76,0,4899600,10858968,29,"Sucesso"
Decrescente,Trie,Remocao,50000,0.029507,1180.26,0,12866391,10858968,29,"Sucesso"
Decrescente,Patricia,Insercao,50000,0.073529,1470.57,0,1741161,13166243,6,"Sucesso"
Decrescente,Patricia,Busca,50000,0.060691,1213.82,0,3690761,13166243,6,"Sucesso"
Decrescente,Patricia,Remocao,50000,0.032814,1312.58,0,8068111,13166243,6,"Sucesso"
Ordenado,Trie,Insercao,50000,0.059794,1195.89,0,2709800,10861560,33,"Sucesso"
Ordenado,Trie,Busca,50000,0.051796,1035.92,0,5419600,10861560,33,"Sucesso"
Ordenado,Trie,Remocao,50000,0.030124,1204.97,0,15365935,10861560,33,"Sucesso"
Ordenado,Patricia,Insercao,50000,0.070725,1414.50,0,1869352,13166490,7,"Sucesso"
Ordenado,Patricia,Busca,50000,0.068393,1367.86,0,4008952,13166490,7,"Sucesso"
Ordenado,Patricia,Remocao,50000,0.035126,1405.06,0,8664552,13166490,7,"Sucesso"
Aleatorio,Trie,Insercao,50000,0.066483,1329.66,0,2578352,10792656,33,"Sucesso"
Aleatorio,Trie,Busca,50000,0.055891,1117.81,0,5156704,10792656,33,"Sucesso"
Aleatorio,Trie,Remocao,50000,0.036096,1443.85,0,13438060,10792656,33,"Sucesso"
Aleatorio,Patricia,Insercao,50000,0.073637,1472.74,0,1936481,13027607,7,"Sucesso"
Aleatorio,Patricia,Busca,50000,0.063923,1278.46,0,4010681,13027607,7,"Sucesso"
Aleatorio,Patricia,Remocao,50000,0.034281,1371.24,0,8793411,13027607,7,"Sucesso"
Aleatorio,KDTree,Insercao,50000,0.030619,612.37,0,2799337,3200000,38,"Dimensao=2"
Aleatorio,KDTree,Busca,50000,0.023131,462.61,0,5748674,3200000,38,"Dimensao=2"
Aleatorio,KDTree,Remocao,1000,0.001098,1097.60,0,5853750,3200000,38,"Dimensao=2"
Clusterizado,KDTree,Insercao,50000,0.033296,665.93,0,2861376,3600000,35,"Dimensao=3"
Clusterizado,KDTree,Busca,50000,0.023375,467.50,0,5922752,3600000,35,"Dimensao=3"
Clusterizado,KDTree,Remocao,1000,0.001763,1763.07,0,6099208,3600000,35,"Dimensao=3"
Aleatorio,AVL,Insercao,100000,0.047041,470.41,63019,2277678,2880000,19,"Sucesso"
Aleatorio,AVL,Busca,100000,0.028204,282.04,63019,4701438,2880000,19,"Sucesso"
Aleatorio,AVL,Remocao,100000,0.021398,427.97,82993,6014373,2880000,17,"Sucesso"
Aleatorio,BST,Insercao,100000,0.035950,359.50,0,3012344,2160000,38,"Sucesso"
Aleatorio,BST,Busca,100000,0.027070,270.70,0,6214688,2160000,38,"Sucesso"
Aleatorio,BST,Remocao,100000,0.017171,343.42,0,7843102,2160000,35,"Sucesso"
Aleatorio,Splay,Insercao,100000,0.057026,570.26,2072080,3118130,2880000,47,"Sucesso"
Aleatorio,Splay,Busca,100000,0.053575,535.75,4298649,7671268,2880000,47,"Sucesso"
Aleatorio,Splay,Remocao,100000,0.030800,616.00,5762797,10500838,2880000,43,"Sucesso"
Aleatorio,Treap,Insercao,100000,0.041090,410.90,180208,4900320,2880000,37,"Sucesso"
Aleatorio,Treap,Busca,100000,0.027245,272.45,180208,7887523,2880000,37,"Sucesso"
Aleatorio,Treap,Remocao,100000,0.018776,375.51,275393,9633480,2880000,35,"Sucesso"
Ordenado,AVL,Insercao,100000,0.013425,134.25,99983,3137858,3200000,16,"Sucesso"
Ordenado,AVL,Busca,100000,0.005007,50.07,99983,5553733,3200000,16,"Sucesso"
Ordenado,AVL,Remocao,100000,0.006246,124.93,124979,6266649,3200000,15,"Sucesso"
Ordenado,Splay,Insercao,100000,0.003147,31.47,99999,199998,3200000,99999,"Sucesso"
Ordenado,Splay,Busca,100000,0.006680,66.80,541425,1182850,3200000,99999,"Sucesso"
Ordenado,Splay,Remocao,100000,0.006050,121.01,812158,1924316,3200000,18,"Sucesso"
Ordenado,Treap,Insercao,100000,0.008836,88.36,99982,3273861,3200000,39,"Sucesso"
Ordenado,Treap,Busca,100000,0.005864,58.64,99982,6338838,3200000,39,"Sucesso"
Ordenado,Treap,Remocao,100000,0.003309,66.19,149977,7115156,3200000,38,"Sucesso"
Decrescente,AVL,Insercao,100000,0.014697,146.97,99983,1568929,3200000,16,"Sucesso"
Decrescente,AVL,Busca,100000,0.005140,51.40,99983,3959892,3200000,16,"Sucesso"
Decrescente,AVL,Remocao,100000,0.005670,113.40,124979,5260724,3200000,15,"Sucesso"
Decrescente,Splay,Insercao,100000,0.003233,32.33,99999,99999,3200000,99999,"Sucesso"
Decrescente,Splay,Busca,100000,0.005928,59.28,541425,1082851,3200000,99999,"Sucesso"
Decrescente,Splay,Remocao,100000,0.005355,107.11,812158,1774317,3200000,18,"Sucesso"
Decrescente,Treap,Insercao,100000,0.011535,115.35,99990,2118880,3200000,38,"Sucesso"
Decrescente,Treap,Busca,100000,0.007496,74.96,99990,5248282,3200000,38,"Sucesso"
Decrescente,Treap,Remocao,100000,0.005695,113.89,149984,6658234,3200000,37,"Sucesso"
Decrescente,Trie,Insercao,100000,-0.099893,-998.93,0,5159600,21720096,33,"Sucesso"
Decrescente,Trie,Busca,100000,0.101689,1016.89,0,10319200,21720096,33,"Sucesso"
Decrescente,Trie,Remocao,100000,0.060934,1218.67,0,25796051,21720096,33,"Sucesso"
Decrescente,Patricia,Insercao,100000,0.145728,1457.28,0,3702314,26332832,7,"Sucesso"
Decrescente,Patricia,Busca,100000,0.131374,1313.74,0,7851514,26332832,7,"Sucesso"
Decrescente,Patricia,Remocao,100000,0.068472,1369.44,0,16822214,26332832,7,"Sucesso"
Ordenado,Trie,Insercao,100000,0.115718,1157.18,0,5159600,21720096,33,"Sucesso"
Ordenado,Trie,Busca,100000,0.102646,1026.46,0,10319200,21720096,33,"Sucesso"
Ordenado,Trie,Remocao,100000,0.060482,1209.63,0,29696208,21720096,33,"Sucesso"
Ordenado,Patricia,Insercao,100000,0.153939,1539.39,0,3668714,26332680,7,"Sucesso"
Ordenado,Patricia,Busca,100000,0.127967,1279.67,0,7817914,26332680,7,"Sucesso"
Ordenado,Patricia,Remocao,100000,0.069761,1395.23,0,17107114,26332680,7,"Sucesso"
Aleatorio,Trie,Insercao,100000,0.144622,1446.22,0,5159896,19642824,33,"Sucesso"
Aleatorio,Trie,Busca,100000,0.117201,1172.01,0,10319792,19642824,33,"Sucesso"
Aleatorio,Trie,Remocao,100000,0.070753,1415.06,0,26748530,19642824,33,"Sucesso"
Aleatorio,Patricia,Insercao,100000,0.155127,1551.27,0,3898112,23803506,7,"Sucesso"
Aleatorio,Patricia,Busca,100000,0.127487,1274.87,0,8047832,23803506,7,"Sucesso"
Aleatorio,Patricia,Remocao,100000,0.069953,1399.07,0,17566607,23803506,7,"Sucesso"
Aleatorio,KDTree,Insercao,100000,0.097979,979.79,0,6018630,6400000,40,"Dimensao=2"
Aleatorio,KDTree,Busca,100000,0.076895,768.95,0,12337260,6400000,40,"Dimensao=2"
Aleatorio,KDTree,Remocao,1000,0.002027,2026.78,0,12460399,6400000,40,"Dimensao=2"
Clusterizado,KDTree,Insercao,100000,0.103735,1037.35,0,6132092,7200000,39,"Dimensao=3"
Clusterizado,KDTree,Busca,100000,0.082497,824.97,0,12664184,7200000,39,"Dimensao=3"
Clusterizado,KDTree,Remocao,1000,0.005109,5109.31,0,12898145,7200000,39,"Dimensao=3"
Aleatorio,AVL,Insercao,100,0.000016,160.34,75,831,3200,7,"Sucesso"
Aleatorio,AVL,Busca,100,0.000003,30.18,75,1755,3200,7,"Sucesso"
Aleatorio,AVL,Remocao,100,0.000008,163.55,97,2331,3200,6,"Sucesso"
Aleatorio,BST,Insercao,100,0.000009,88.84,0,992,2400,11,"Sucesso"
Aleatorio,BST,Busca,100,0.000003,29.44,0,2184,2400,11,"Sucesso"
Aleatorio,BST,Remocao,100,0.000005,95.47,0,2771,2400,10,"Sucesso"
Aleatorio,Splay,Insercao,100,0.000019,190.31,653,981,3200,15,"Sucesso"
Aleatorio,Splay,Busca,100,0.000015,152.10,1475,2725,3200,15,"Sucesso"
Aleatorio,Splay,Remocao,100,0.000013,257.74,1920,3772,3200,12,"Sucesso"
Aleatorio,Treap,Insercao,100,0.000019,193.74,160,1522,3200,11,"Sucesso"
Aleatorio,Treap,Busca,100,0.000006,61.44,160,2506,3200,11,"Sucesso"
Aleatorio,Treap,Remocao,100,0.000009,175.75,242,3230,3200,10,"Sucesso"
Ordenado,AVL,Insercao,100,0.000016,157.66,93,1146,3200,6,"Sucesso"
Ordenado,AVL,Busca,100,0.000002,24.29,93,2075,3200,6,"Sucesso"
Ordenado,AVL,Remocao,100,0.000007,134.44,116,2413,3200,5,"Sucesso"
Ordenado,BST,Insercao,100,0.000039,390.15,0,9900,2400,99,"Sucesso"
Ordenado,BST,Busca,100,0.000009,89.16,0,20000,2400,99,"Sucesso"
Ordenado,BST,Remocao,100,0.000002,46.45,0,20150,2400,49,"Sucesso"
Ordenado,Splay,Insercao,100,0.000006,62.19,99,198,3200,99,"Sucesso"
Ordenado,Splay,Busca,100,0.000011,112.92,515,1130,3200,99,"Sucesso"
Ordenado,Splay,Remocao,100,0.000007,133.37,774,1848,3200,6,"Sucesso"
Ordenado,Treap,Insercao,100,0.000021,210.97,96,1182,3200,11,"Sucesso"
Ordenado,Treap,Busca,100,0.000008,84.88,96,2199,3200,11,"Sucesso"
Ordenado,Treap,Remocao,100,0.000005,90.56,140,2594,3200,11,"Sucesso"
Decrescente,AVL,Insercao,100,0.000015,147.60,93,573,3200,6,"Sucesso"
Decrescente,AVL,Busca,100,0.000004,44.21,93,1484,3200,6,"Sucesso"
Decrescente,AVL,Remocao,100,0.000006,125.87,116,2035,3200,5,"Sucesso"
Decrescente,BST,Insercao,100,0.000037,368.31,0,4950,2400,99,"Sucesso"
Decrescente,BST,Busca,100,0.000011,106.29,0,10100,2400,99,"Sucesso"
Decrescente,BST,Remocao,100,0.000004,86.70,0,10250,2400,49,"Sucesso"
Decrescente,Splay,Insercao,100,0.000007,67.75,99,99,3200,99,"Sucesso"
Decrescente,Splay,Busca,100,0.000009,88.73,515,1031,3200,99,"Sucesso"
Decrescente,Splay,Remocao,100,0.000009,172.33,774,1699,3200,6,"Sucesso"
Decrescente,Treap,Insercao,100,0.000014,142.25,93,862,3200,14,"Sucesso"
Decrescente,Treap,Busca,100,0.000007,69.36,93,1898,3200,14,"Sucesso"
Decrescente,Treap,Remocao,100,0.000005,94.41,139,2502,3200,13,"Sucesso"
Decrescente,Trie,Insercao,100,0.000325,3249.51,0,4794,26568,23,"Sucesso"
Decrescente,Trie,Busca,100,0.000278,2784.12,0,9588,26568,23,"Sucesso"
Decrescente,Trie,Remocao,100,0.000189,3782.45,0,28259,26568,23,"Sucesso"
Decrescente,Patricia,Insercao,100,0.000305,3048.71,0,2697,26862,2,"Sucesso"
Decrescente,Patricia,Busca,100,0.000261,2608.69,0,5785,26862,2,"Sucesso"
Decrescente,Patricia,Remocao,100,0.000137,2742.69,0,11206,26862,2,"Sucesso"
Ordenado,Trie,Insercao,100,0.000103,1031.18,0,4384,25704,21,"Sucesso"
Ordenado,Trie,Busca,100,0.000094,942.03,0,8768,25704,21,"Sucesso"
Ordenado,Trie,Remocao,100,0.000054,1076.57,0,23201,25704,21,"Sucesso"
Ordenado,Patricia,Insercao,100,0.000111,1112.11,0,2850,26574,3,"Sucesso"
Ordenado,Patricia,Busca,100,0.000103,1027.66,0,6018,26574,3,"Sucesso"
Ordenado,Patricia,Remocao,100,0.000057,1147.64,0,12563,26574,3,"Sucesso"
Aleatorio,Trie,Insercao,100,0.000152,1521.20,0,5088,139320,33,"Sucesso"
Aleatorio,Trie,Busca,100,0.000100,999.50,0,10176,139320,33,"Sucesso"
Aleatorio,Trie,Remocao,100,0.000066,1313.77,0,29726,139320,33,"Sucesso"
Aleatorio,Patricia,Insercao,100,0.000234,2340.77,0,2763,38643,5,"Sucesso"
Aleatorio,Patricia,Busca,100,0.000193,1928.90,0,6388,38643,5,"Sucesso"
Aleatorio,Patricia,Remocao,100,0.000171,3411.67,0,13483,38643,5,"Sucesso"
Aleatorio,KDTree,Insercao,100,0.000026,262.67,0,1761,6400,11,"Dimensao=2"
Aleatorio,KDTree,Busca,100,0.000017,168.48,0,3822,6400,11,"Dimensao=2"
Aleatorio,KDTree,Remocao,5,0.000001,295.40,0,4029,6400,11,"Dimensao=2"
Clusterizado,KDTree,Insercao,100,0.000023,233.23,0,2007,7200,12,"Dimensao=3"
Clusterizado,KDTree,Busca,100,0.000019,185.38,0,4414,7200,12,"Dimensao=3"
Clusterizado,KDTree,Remocao,5,0.000001,276.14,0,4630,7200,12,"Dimensao=3"
Diagonal,KDTree,Insercao,100,0.000073,732.02,0,14850,8000,99,"Dimensao=4"
Diagonal,KDTree,Busca,100,0.000042,416.80,0,30200,8000,99,"Dimensao=4"
Diagonal,KDTree,Remocao,5,0.000025,5047.84,0,37930,8000,94,"Dimensao=4"
Aleatorio,AVL,Insercao,1000,0.000165,164.65,721,13411,32000,11,"Sucesso"
Aleatorio,AVL,Busca,1000,0.000069,68.63,721,27689,32000,11,"Sucesso"
Aleatorio,AVL,Remocao,1000,0.000090,180.96,946,35986,32000,10,"Sucesso"
Aleatorio,BST,Insercao,1000,0.000116,116.19,0,16786,24000,19,"Sucesso"
Aleatorio,BST,Busca,1000,0.000076,75.55,0,35572,24000,19,"Sucesso"
Aleatorio,BST,Remocao,1000,0.000064,127.97,0,45113,24000,17,"Sucesso"
Aleatorio,Splay,Insercao,1000,0.000369,369.14,11370,17028,32000,22,"Sucesso"
Aleatorio,Splay,Busca,1000,0.000315,314.86,24480,44248,32000,22,"Sucesso"
Aleatorio,Splay,Remocao,1000,0.000258,515.68,32367,60641,32000,25,"Sucesso"
Aleatorio,Treap,Insercao,1000,0.000162,161.61,1947,29350,32000,24,"Sucesso"
Aleatorio,Treap,Busca,1000,0.000083,83.41,1947,47822,32000,24,"Sucesso"
Aleatorio,Treap,Remocao,1000,0.000084,168.11,2965,59348,32000,17,"Sucesso"
Ordenado,AVL,Insercao,1000,0.000088,87.75,990,17954,32000,9,"Sucesso"
Ordenado,AVL,Busca,1000,0.000036,36.03,990,31978,32000,9,"Sucesso"
Ordenado,AVL,Remocao,1000,0.000039,78.24,1238,36469,32000,9,"Sucesso"
Ordenado,BST,Insercao,1000,0.002461,2461.45,0,999000,24000,999,"Sucesso"
Ordenado,BST,Busca,1000,0.000918,918.43,0,2000000,24000,999,"Sucesso"
Ordenado,BST,Remocao,1000,0.000011,22.31,0,2001500,24000,499,"Sucesso"
Ordenado,Splay,Insercao,1000,0.000027,26.90,999,1998,32000,999,"Sucesso"
Ordenado,Splay,Busca,1000,0.000034,34.31,5373,11746,32000,999,"Sucesso"
Ordenado,Splay,Remocao,1000,0.000029,58.31,8067,19134,32000,10,"Sucesso"
Ordenado,Treap,Insercao,1000,0.000060,60.22,987,20832,32000,20,"Sucesso"
Ordenado,Treap,Busca,1000,0.000042,41.89,987,38628,32000,20,"Sucesso"
Ordenado,Treap,Remocao,1000,0.000023,46.26,1487,43835,32000,17,"Sucesso"
Decrescente,AVL,Insercao,1000,0.000086,86.08,990,8977,32000,9,"Sucesso"
Decrescente,AVL,Busca,1000,0.000033,32.92,990,22914,32000,9,"Sucesso"
Decrescente,AVL,Remocao,1000,0.000032,64.09,1238,30646,32000,9,"Sucesso"
Decrescente,BST,Insercao,1000,0.002057,2056.67,0,499500,24000,999,"Sucesso"
Decrescente,BST,Busca,1000,0.000852,852.16,0,1001000,24000,999,"Sucesso"
Decrescente,BST,Remocao,1000,0.000009,17.66,0,1002500,24000,499,"Sucesso"
Decrescente,Splay,Insercao,1000,0.000041,41.32,999,999,32000,999,"Sucesso"
Decrescente,Splay,Busca,1000,0.000044,43.54,5373,10747,32000,999,"Sucesso"
Decrescente,Splay,Remocao,1000,0.000035,70.77,8067,17635,32000,10,"Sucesso"
Decrescente,Treap,Insercao,1000,0.000070,69.79,989,13500,32000,19,"Sucesso"
Decrescente,Treap,Busca,1000,0.000048,48.43,989,29649,32000,19,"Sucesso"
Decrescente,Treap,Remocao,1000,0.000027,53.26,1487,37675,32000,18,"Sucesso"
Decrescente,Trie,Insercao,1000,0.001007,1006.70,0,48596,220752,24,"Sucesso"
Decrescente,Trie,Busca,1000,0.000842,841.92,0,97192,220752,24,"Sucesso"
Decrescente,Trie,Remocao,1000,0.000520,1040.93,0,273070,220752,24,"Sucesso"
Decrescente,Patricia,Insercao,1000,0.002024,2023.91,0,29207,263299,3,"Sucesso"
Decrescente,Patricia,Busca,1000,0.001639,1638.75,0,61399,263299,3,"Sucesso"
Decrescente,Patricia,Remocao,1000,0.000881,1762.07,0,115377,263299,3,"Sucesso"
Ordenado,Trie,Insercao,1000,0.001348,1347.61,0,42596,220104,21,"Sucesso"
Ordenado,Trie,Busca,1000,0.001184,1184.45,0,85192,220104,21,"Sucesso"
Ordenado,Trie,Remocao,1000,0.000778,1555.11,0,232274,220104,21,"Sucesso"
Ordenado,Patricia,Insercao,1000,0.001295,1295.12,0,26174,263274,3,"Sucesso"
Ordenado,Patricia,Busca,1000,0.001043,1043.48,0,55366,263274,3,"Sucesso"
Ordenado,Patricia,Remocao,1000,-0.241055,-482109.73,0,116978,263274,3,"Sucesso"
Aleatorio,Trie,Insercao,1000,0.001337,1337.49,0,51542,536328,33,"Sucesso"
Aleatorio,Trie,Busca,1000,0.000898,897.95,0,103084,536328,33,"Sucesso"
Aleatorio,Trie,Remocao,1000,0.000615,1230.70,0,281453,536328,33,"Sucesso"
Aleatorio,Patricia,Insercao,1000,0.001098,1098.19,0,34665,345131,7,"Sucesso"
Aleatorio,Patricia,Busca,1000,0.001039,1039.20,0,73913,345131,7,"Sucesso"
Aleatorio,Patricia,Remocao,1000,0.000589,1178.40,0,158332,345131,7,"Sucesso"
Aleatorio,KDTree,Insercao,1000,0.000248,248.31,0,32022,64000,21,"Dimensao=2"
Aleatorio,KDTree,Busca,1000,0.000161,161.35,0,67044,64000,21,"Dimensao=2"
Aleatorio,KDTree,Remocao,50,0.000019,382.76,0,70399,64000,21,"Dimensao=2"
Clusterizado,KDTree,Insercao,1000,0.000223,222.53,0,33381,72000,20,"Dimensao=3"
Clusterizado,KDTree,Busca,1000,0.000173,173.13,0,70762,72000,20,"Dimensao=3"
Clusterizado,KDTree,Remocao,50,0.000027,538.39,0,75893,72000,20,"Dimensao=3"
Diagonal,KDTree,Insercao,1000,0.003944,3944.49,0,1498500,80000,999,"Dimensao=4"
Diagonal,KDTree,Busca,1000,0.002859,2859.33,0,3002000,80000,999,"Dimensao=4"
Diagonal,KDTree,Remocao,50,0.002027,40533.73,0,3781300,80000,949,"Dimensao=4"
Aleatorio,AVL,Insercao,10000,0.002549,254.87,6880,180336,316032,15,"Sucesso"
Aleatorio,AVL,Busca,10000,0.001415,141.46,6880,378695,316032,15,"Sucesso"
Aleatorio,AVL,Remocao,10000,0.001418,283.59,8934,485865,316032,14,"Sucesso"
Aleatorio,BST,Insercao,10000,0.002658,265.81,0,235262,237024,29,"Sucesso"
Aleatorio,BST,Busca,10000,0.001437,143.66,0,490400,237024,29,"Sucesso"
Aleatorio,BST,Remocao,10000,0.000974,194.83,0,621218,237024,25,"Sucesso"
Aleatorio,Splay,Insercao,10000,0.004983,498.32,161732,242685,316032,34,"Sucesso"
Aleatorio,Splay,Busca,10000,0.004803,480.32,340683,610587,316032,34,"Sucesso"
Aleatorio,Splay,Remocao,10000,0.002775,555.01,455674,838084,316032,31,"Sucesso"
Aleatorio,Treap,Insercao,10000,0.003062,306.23,19609,412267,316032,27,"Sucesso"
Aleatorio,Treap,Busca,10000,0.001674,167.44,19609,663827,316032,27,"Sucesso"
Aleatorio,Treap,Remocao,10000,0.001339,267.76,29462,811594,316032,26,"Sucesso"
Ordenado,AVL,Insercao,10000,0.000955,95.47,9986,247234,320000,13,"Sucesso"
Ordenado,AVL,Busca,10000,0.000397,39.69,9986,436210,320000,13,"Sucesso"
Ordenado,AVL,Remocao,10000,0.000446,89.23,12483,493006,320000,12,"Sucesso"
Ordenado,Splay,Insercao,10000,0.000335,33.47,9999,19998,320000,9999,"Sucesso"
Ordenado,Splay,Busca,10000,0.000518,51.83,54111,118222,320000,9999,"Sucesso"
Ordenado,Splay,Remocao,10000,0.000473,94.52,81182,192364,320000,15,"Sucesso"
Ordenado,Treap,Insercao,10000,0.001258,125.84,9994,280350,320000,33,"Sucesso"
Ordenado,Treap,Busca,10000,0.001418,141.77,9994,540972,320000,33,"Sucesso"
Ordenado,Treap,Remocao,10000,0.000457,91.42,14993,609086,320000,26,"Sucesso"
Decrescente,AVL,Insercao,10000,0.002803,280.33,9986,123617,320000,13,"Sucesso"
Decrescente,AVL,Busca,10000,0.000846,84.64,9986,315534,320000,13,"Sucesso"
Decrescente,AVL,Remocao,10000,0.001562,312.34,12483,416626,320000,12,"Sucesso"
Decrescente,Splay,Insercao,10000,0.001756,175.65,9999,9999,320000,9999,"Sucesso"
Decrescente,Splay,Busca,10000,0.000840,83.98,54111,108223,320000,9999,"Sucesso"
Decrescente,Splay,Remocao,10000,0.000796,159.27,81182,177365,320000,15,"Sucesso"
Decrescente,Treap,Insercao,10000,0.001538,153.82,9985,182980,320000,30,"Sucesso"
Decrescente,Treap,Busca,10000,0.000787,78.70,9985,419603,320000,30,"Sucesso"
Decrescente,Treap,Remocao,10000,0.000563,112.58,14988,526644,320000,28,"Sucesso"
Decrescente,Trie,Insercao,10000,0.021266,2126.61,0,501960,2172096,25,"Sucesso"
Decrescente,Trie,Busca,10000,0.010618,1061.82,0,1003920,2172096,25,"Sucesso"
Decrescente,Trie,Remocao,10000,0.006044,1208.71,0,2739946,2172096,25,"Sucesso"
Decrescente,Patricia,Insercao,10000,0.015204,1520.38,0,330231,2633201,5,"Sucesso"
Decrescente,Patricia,Busca,10000,0.010739,1073.86,0,696151,2633201,5,"Sucesso"
Decrescente,Patricia,Remocao,10000,0.005627,1125.33,0,1455221,2633201,5,"Sucesso"
Ordenado,Trie,Insercao,10000,0.011760,1176.05,0,421960,2171232,21,"Sucesso"
Ordenado,Trie,Busca,10000,0.008697,869.71,0,843920,2171232,21,"Sucesso"
Ordenado,Trie,Remocao,10000,0.005138,1027.56,0,2376501,2171232,21,"Sucesso"
Ordenado,Patricia,Insercao,10000,0.014068,1406.83,0,289875,2633170,5,"Sucesso"
Ordenado,Patricia,Busca,10000,0.010926,1092.65,0,615795,2633170,5,"Sucesso"
Ordenado,Patricia,Remocao,10000,0.005580,1116.01,0,1319715,2633170,5,"Sucesso"
Aleatorio,Trie,Insercao,10000,0.014214,1421.42,0,515122,2944080,33,"Sucesso"
Aleatorio,Trie,Busca,10000,0.009430,943.04,0,1030244,2944080,33,"Sucesso"
Aleatorio,Trie,Remocao,10000,0.006579,1315.79,0,2739617,2944080,33,"Sucesso"
Aleatorio,Patricia,Insercao,10000,0.016419,1641.86,0,379843,3301854,7,"Sucesso"
Aleatorio,Patricia,Busca,10000,0.013856,1385.57,0,792637,3301854,7,"Sucesso"
Aleatorio,Patricia,Remocao,10000,0.007032,1406.47,0,1733584,3301854,7,"Sucesso"
Aleatorio,KDTree,Insercao,10000,0.004561,456.09,0,463257,640000,30,"Dimensao=2"
Aleatorio,KDTree,Busca,10000,0.002918,291.78,0,956514,640000,30,"Dimensao=2"
Aleatorio,KDTree,Remocao,500,0.000280,560.61,0,997740,640000,30,"Dimensao=2"
Clusterizado,KDTree,Insercao,10000,0.003949,394.88,0,474727,720000,29,"Dimensao=3"
Clusterizado,KDTree,Busca,10000,0.002912,291.25,0,989454,720000,29,"Dimensao=3"
Clusterizado,KDTree,Remocao,500,0.000383,766.81,0,1049854,720000,29,"Dimensao=3"
Diagonal,KDTree,Insercao,10000,0.519088,51908.81,0,149985000,800000,9999,"Dimensao=4"
Diagonal,KDTree,Busca,10000,0.364422,36442.24,0,300020000,800000,9999,"Dimensao=4"
Diagonal,KDTree,Remocao,500,0.238582,477163.21,0,378013000,800000,9499,"Dimensao=4"
Aleatorio,AVL,Insercao,50000,0.016058,321.16,33165,1069579,1516992,18,"Sucesso"
Aleatorio,AVL,Busca,50000,0.008778,175.55,33165,2210707,1516992,18,"Sucesso"
Aleatorio,AVL,Remocao,50000,0.008019,320.78,43588,2834173,1516992,16,"Sucesso"
Aleatorio,BST,Insercao,50000,0.015612,312.23,0,1409764,1137744,34,"Sucesso"
Aleatorio,BST,Busca,50000,0.011798,235.97,0,2916934,1137744,34,"Sucesso"
Aleatorio,BST,Remocao,50000,0.006956,278.24,0,3684765,1137744,32,"Sucesso"
Aleatorio,Splay,Insercao,50000,0.025949,518.98,971527,1459702,1516992,39,"Sucesso"
Aleatorio,Splay,Busca,50000,0.022398,447.96,2025415,3617478,1516992,39,"Sucesso"
Aleatorio,Splay,Remocao,50000,0.015630,625.21,2715151,4956799,1516992,50,"Sucesso"
Aleatorio,Treap,Insercao,50000,0.020261,405.22,93982,2333868,1516992,40,"Sucesso"
Aleatorio,Treap,Busca,50000,0.012168,243.35,93982,3820323,1516992,40,"Sucesso"
Aleatorio,Treap,Remocao,50000,0.009756,390.25,142631,4668319,1516992,37,"Sucesso"
Ordenado,AVL,Insercao,50000,0.007809,156.19,49984,1468930,1600000,15,"Sucesso"
Ordenado,AVL,Busca,50000,0.004317,86.33,49984,2601876,1600000,15,"Sucesso"
Ordenado,AVL,Remocao,50000,0.003965,158.58,62480,2939584,1600000,14,"Sucesso"
Ordenado,Splay,Insercao,50000,0.001624,32.48,49999,99998,1600000,49999,"Sucesso"
Ordenado,Splay,Busca,50000,0.003322,66.43,270687,591374,1600000,49999,"Sucesso"
Ordenado,Splay,Remocao,50000,0.002934,117.38,406050,962100,1600000,18,"Sucesso"
Ordenado,Treap,Insercao,50000,0.004310,86.19,49988,1499019,1600000,34,"Sucesso"
Ordenado,Treap,Busca,50000,0.003027,60.53,49988,2900846,1600000,34,"Sucesso"
Ordenado,Treap,Remocao,50000,0.001744,69.76,74987,3257689,1600000,32,"Sucesso"
Decrescente,AVL,Insercao,50000,0.007239,144.79,49984,734465,1600000,15,"Sucesso"
Decrescente,AVL,Busca,50000,0.002653,53.05,49984,1854962,1600000,15,"Sucesso"
Decrescente,AVL,Remocao,50000,0.002936,117.42,62480,2467878,1600000,14,"Sucesso"
Decrescente,Splay,Insercao,50000,0.001676,33.53,49999,49999,1600000,49999,"Sucesso"
Decrescente,Splay,Busca,50000,0.003253,65.06,270687,541375,1600000,49999,"Sucesso"
Decrescente,Splay,Remocao,50000,0.003060,122.39,406050,887101,1600000,18,"Sucesso"
Decrescente,Treap,Insercao,50000,0.003722,74.44,49988,964238,1600000,37,"Sucesso"
Decrescente,Treap,Busca,50000,0.002683,53.67,49988,2449673,1600000,37,"Sucesso"
Decrescente,Treap,Remocao,50000,0.001527,61.07,74980,3156487,1600000,33,"Sucesso"
Decrescente,Trie,Insercao,50000,0.064145,1282.90,0,2449800,10858968,29,"Sucesso"
Decrescente,Trie,Busca,50000,0.051889,1037.79,0,4899600,10858968,29,"Sucesso"
Decrescente,Trie,Remocao,50000,0.034958,1398.30,0,12866391,10858968,29,"Sucesso"
Decrescente,Patricia,Insercao,50000,0.069998,1399.95,0,1741161,13166243,6,"Sucesso"
Decrescente,Patricia,Busca,50000,0.060924,1218.49,0,3690761,13166243,6,"Sucesso"
Decrescente,Patricia,Remocao,50000,0.032982,1319.26,0,8068111,13166243,6,"Sucesso"
Ordenado,Trie,Insercao,50000,0.063183,1263.67,0,2709800,10861560,33,"Sucesso"
Ordenado,Trie,Busca,50000,0.051024,1020.47,0,5419600,10861560,33,"Sucesso"
Ordenado,Trie,Remocao,50000,0.030872,1234.90,0,15365935,10861560,33,"Sucesso"
Ordenado,Patricia,Insercao,50000,0.073593,1471.86,0,1869352,13166490,7,"Sucesso"
Ordenado,Patricia,Busca,50000,0.061914,1238.29,0,4008952,13166490,7,"Sucesso"
Ordenado,Patricia,Remocao,50000,0.033316,1332.63,0,8664552,13166490,7,"Sucesso"
Aleatorio,Trie,Insercao,50000,0.065954,1319.08,0,2578352,10792656,33,"Sucesso"
Aleatorio,Trie,Busca,50000,0.058184,1163.69,0,5156704,10792656,33,"Sucesso"
Aleatorio,Trie,Remocao,50000,0.036031,1441.24,0,13438060,10792656,33,"Sucesso"
Aleatorio,Patricia,Insercao,50000,0.077314,1546.28,0,1936481,13027607,7,"Sucesso"
Aleatorio,Patricia,Busca,50000,0.063850,1277.01,0,4010681,13027607,7,"Sucesso"
Aleatorio,Patricia,Remocao,50000,0.034613,1384.54,0,8793411,13027607,7,"Sucesso"
Aleatorio,KDTree,Insercao,50000,0.034032,680.64,0,2799337,3200000,38,"Dimensao=2"
Aleatorio,KDTree,Busca,50000,0.026099,521.98,0,5748674,3200000,38,"Dimensao=2"
Aleatorio,KDTree,Remocao,1000,0.001612,1611.72,0,5853750,3200000,38,"Dimensao=2"
Clusterizado,KDTree,Insercao,50000,0.030638,612.77,0,2861376,3600000,35,"Dimensao=3"
Clusterizado,KDTree,Busca,50000,0.023590,471.79,0,5922752,3600000,35,"Dimensao=3"
Clusterizado,KDTree,Remocao,1000,0.001461,1460.66,0,6099208,3600000,35,"Dimensao=3"
Aleatorio,AVL,Insercao,100000,0.044440,444.40,63019,2277678,2880000,19,"Sucesso"
Aleatorio,AVL,Busca,100000,0.026206,262.06,63019,4701438,2880000,19,"Sucesso"
Aleatorio,AVL,Remocao,100000,0.026269,525.38,82993,6014373,2880000,17,"Sucesso"
Aleatorio,BST,Insercao,100000,0.037346,373.46,0,3012344,2160000,38,"Sucesso"
Aleatorio,BST,Busca,100000,0.029797,297.97,0,6214688,2160000,38,"Sucesso"
Aleatorio,BST,Remocao,100000,0.016637,332.75,0,7843102,2160000,35,"Sucesso"
Aleatorio,Splay,Insercao,100000,0.060835,608.35,2072080,3118130,2880000,47,"Sucesso"
Aleatorio,Splay,Busca,100000,0.060647,606.47,4298649,7671268,2880000,47,"Sucesso"
Aleatorio,Splay,Remocao,100000,0.035621,712.43,5762797,10500838,2880000,43,"Sucesso"
Aleatorio,Treap,Insercao,100000,0.040480,404.80,179158,4860564,2880000,42,"Sucesso"
Aleatorio,Treap,Busca,100000,0.031063,310.63,179158,7902855,2880000,42,"Sucesso"
Aleatorio,Treap,Remocao,100000,0.019557,391.14,274272,9673030,2880000,36,"Sucesso"
Ordenado,AVL,Insercao,100000,-0.205661,-2056.61,99983,3137858,3200000,16,"Sucesso"
Ordenado,AVL,Busca,100000,0.006374,63.74,99983,5553733,3200000,16,"Sucesso"
Ordenado,AVL,Remocao,100000,0.007773,155.47,124979,6266649,3200000,15,"Sucesso"
Ordenado,Splay,Insercao,100000,0.003354,33.54,99999,199998,3200000,99999,"Sucesso"
Ordenado,Splay,Busca,100000,0.007491,74.91,541425,1182850,3200000,99999,"Sucesso"
Ordenado,Splay,Remocao,100000,0.009337,186.74,812158,1924316,3200000,18,"Sucesso"
Ordenado,Treap,Insercao,100000,0.010650,106.50,99983,3311781,3200000,40,"Sucesso"
Ordenado,Treap,Busca,100000,0.007839,78.39,99983,6429623,3200000,40,"Sucesso"
Ordenado,Treap,Remocao,100000,0.004799,95.99,149984,7188601,3200000,38,"Sucesso"
Decrescente,AVL,Insercao,100000,0.018891,188.91,99983,1568929,3200000,16,"Sucesso"
Decrescente,AVL,Busca,100000,0.007213,72.13,99983,3959892,3200000,16,"Sucesso"
Decrescente,AVL,Remocao,100000,0.008248,164.97,124979,5260724,3200000,15,"Sucesso"
Decrescente,Splay,Insercao,100000,0.005289,52.89,99999,99999,3200000,99999,"Sucesso"
Decrescente,Splay,Busca,100000,0.013619,136.19,541425,1082851,3200000,99999,"Sucesso"
Decrescente,Splay,Remocao,100000,0.011029,220.59,812158,1774317,3200000,18,"Sucesso"
Decrescente,Treap,Insercao,100000,0.012221,122.21,99983,2155230,3200000,37,"Sucesso"
Decrescente,Treap,Busca,100000,0.008080,80.80,99983,5160282,3200000,37,"Sucesso"
Decrescente,Treap,Remocao,100000,0.005028,100.56,149981,6445714,3200000,37,"Sucesso"
Decrescente,Trie,Insercao,100000,0.139962,1399.62,0,5159600,21720096,33,"Sucesso"
Decrescente,Trie,Busca,100000,0.133747,1337.47,0,10319200,21720096,33,"Sucesso"
Decrescente,Trie,Remocao,100000,0.065680,1313.60,0,25796051,21720096,33,"Sucesso"
Decrescente,Patricia,Insercao,100000,0.155961,1559.61,0,3702314,26332832,7,"Sucesso"
Decrescente,Patricia,Busca,100000,0.126447,1264.47,0,7851514,26332832,7,"Sucesso"
Decrescente,Patricia,Remocao,100000,0.068905,1378.10,0,16822214,26332832,7,"Sucesso"
Ordenado,Trie,Insercao,100000,0.121251,1212.51,0,5159600,21720096,33,"Sucesso"
Ordenado,Trie,Busca,100000,0.108378,1083.78,0,10319200,21720096,33,"Sucesso"
Ordenado,Trie,Remocao,100000,0.062684,1253.68,0,29696208,21720096,33,"Sucesso"
Ordenado,Patricia,Insercao,100000,0.171215,1712.15,0,3668714,26332680,7,"Sucesso"
Ordenado,Patricia,Busca,100000,0.173310,1733.10,0,7817914,26332680,7,"Sucesso"
Ordenado,Patricia,Remocao,100000,0.085708,1714.15,0,17107114,26332680,7,"Sucesso"
Aleatorio,Trie,Insercao,100000,0.135233,1352.33,0,5159896,19642824,33,"Sucesso"
Aleatorio,Trie,Busca,100000,0.123568,1235.68,0,10319792,19642824,33,"Sucesso"
Aleatorio,Trie,Remocao,100000,0.080035,1600.69,0,26748530,19642824,33,"Sucesso"
Aleatorio,Patricia,Insercao,100000,0.166861,1668.61,0,3898112,23803506,7,"Sucesso"
Aleatorio,Patricia,Busca,100000,0.147370,1473.70,0,8047832,23803506,7,"Sucesso"
Aleatorio,Patricia,Remocao,100000,0.077336,1546.71,0,17566607,23803506,7,"Sucesso"
Aleatorio,KDTree,Insercao,100000,0.099041,990.41,0,6018630,6400000,40,"Dimensao=2"
Aleatorio,KDTree,Busca,100000,0.076042,760.42,0,12337260,6400000,40,"Dimensao=2"
Aleatorio,KDTree,Remocao,1000,0.001912,1911.85,0,12460399,6400000,40,"Dimensao=2"
Clusterizado,KDTree,Insercao,100000,0.112735,1127.35,0,6132092,7200000,39,"Dimensao=3"
Clusterizado,KDTree,Busca,100000,0.092712,927.12,0,12664184,7200000,39,"Dimensao=3"
Clusterizado,KDTree,Remocao,1000,0.004481,4480.83,0,12898145,7200000,39,"Dimensao=3"
Aleatorio,AVL,Insercao,100,0.000012,115.54,75,831,3200,7,"Sucesso"
Aleatorio,AVL,Busca,100,0.000003,26.28,75,1755,3200,7,"Sucesso"
Aleatorio,AVL,Remocao,100,0.000006,121.89,97,2331,3200,6,"Sucesso"
Aleatorio,BST,Insercao,100,0.000016,161.41,0,992,2400,11,"Sucesso"
Aleatorio,BST,Busca,100,0.000007,66.22,0,2184,2400,11,"Sucesso"
Aleatorio,BST,Remocao,100,0.000010,205.89,0,2771,2400,10,"Sucesso"
Aleatorio,Splay,Insercao,100,0.000019,191.13,653,981,3200,15,"Sucesso"
Aleatorio,Splay,Busca,100,0.000017,173.37,1475,2725,3200,15,"Sucesso"
Aleatorio,Splay,Remocao,100,0.000011,217.94,1920,3772,3200,12,"Sucesso"
Aleatorio,Treap,Insercao,100,0.000018,181.44,140,1569,3200,12,"Sucesso"
Aleatorio,Treap,Busca,100,0.000018,184.88,140,2642,3200,12,"Sucesso"
Aleatorio,Treap,Remocao,100,0.000008,162.81,263,3594,3200,11,"Sucesso"
Ordenado,AVL,Insercao,100,0.000010,97.99,93,1146,3200,6,"Sucesso"
Ordenado,AVL,Busca,100,0.000002,22.94,93,2075,3200,6,"Sucesso"
Ordenado,AVL,Remocao,100,0.000005,94.11,116,2413,3200,5,"Sucesso"
Ordenado,BST,Insercao,100,0.000027,269.74,0,9900,2400,99,"Sucesso"
Ordenado,BST,Busca,100,0.000011,110.80,0,20000,2400,99,"Sucesso"
Ordenado,BST,Remocao,100,0.000001,25.41,0,20150,2400,49,"Sucesso"
Ordenado,Splay,Insercao,100,0.000004,39.20,99,198,3200,99,"Sucesso"
Ordenado,Splay,Busca,100,0.000005,45.12,515,1130,3200,99,"Sucesso"
Ordenado,Splay,Remocao,100,0.000010,195.77,774,1848,3200,6,"Sucesso"
Ordenado,Treap,Insercao,100,0.000010,103.05,97,1230,3200,15,"Sucesso"
Ordenado,Treap,Busca,100,0.000006,55.35,97,2368,3200,15,"Sucesso"
Ordenado,Treap,Remocao,100,0.000004,71.28,147,2853,3200,11,"Sucesso"
Decrescente,AVL,Insercao,100,0.000012,120.39,93,573,3200,6,"Sucesso"
Decrescente,AVL,Busca,100,0.000003,29.50,93,1484,3200,6,"Sucesso"
Decrescente,AVL,Remocao,100,0.000005,105.52,116,2035,3200,5,"Sucesso"
Decrescente,BST,Insercao,100,0.000031,312.92,0,4950,2400,99,"Sucesso"
Decrescente,BST,Busca,100,0.000011,112.74,0,10100,2400,99,"Sucesso"
Decrescente,BST,Remocao,100,0.000002,31.44,0,10250,2400,49,"Sucesso"
Decrescente,Splay,Insercao,100,0.000004,39.52,99,99,3200,99,"Sucesso"
Decrescente,Splay,Busca,100,0.000005,47.92,515,1031,3200,99,"Sucesso"
Decrescente,Splay,Remocao,100,0.000004,84.85,774,1699,3200,6,"Sucesso"
Decrescente,Treap,Insercao,100,0.000024,244.43,95,762,3200,12,"Sucesso"
Decrescente,Treap,Busca,100,0.000008,75.70,95,1898,3200,12,"Sucesso"
Decrescente,Treap,Remocao,100,0.000011,211.92,142,2649,3200,9,"Sucesso"
Decrescente,Trie,Insercao,100,0.000210,2096.86,0,4794,26568,23,"Sucesso"
Decrescente,Trie,Busca,100,0.000216,2162.44,0,9588,26568,23,"Sucesso"
Decrescente,Trie,Remocao,100,0.000115,2297.04,0,28259,26568,23,"Sucesso"
Decrescente,Patricia,Insercao,100,0.000221,2213.91,0,2697,26862,2,"Sucesso"
Decrescente,Patricia,Busca,100,0.000195,1952.14,0,5785,26862,2,"Sucesso"
Decrescente,Patricia,Remocao,100,0.000094,1873.21,0,11206,26862,2,"Sucesso"
Ordenado,Trie,Insercao,100,0.000145,1447.55,0,4384,25704,21,"Sucesso"
Ordenado,Trie,Busca,100,0.000135,1348.37,0,8768,25704,21,"Sucesso"
Ordenado,Trie,Remocao,100,0.000087,1731.50,0,23201,25704,21,"Sucesso"
Ordenado,Patricia,Insercao,100,0.000329,3293.84,0,2850,26574,3,"Sucesso"
Ordenado,Patricia,Busca,100,0.000275,2748.65,0,6018,26574,3,"Sucesso"
Ordenado,Patricia,Remocao,100,0.000160,3209.31,0,12563,26574,3,"Sucesso"
Aleatorio,Trie,Insercao,100,0.000234,2342.91,0,5088,139320,33,"Sucesso"
Aleatorio,Trie,Busca,100,0.000186,1859.43,0,10176,139320,33,"Sucesso"
Aleatorio,Trie,Remocao,100,0.000131,2614.69,0,29726,139320,33,"Sucesso"
Aleatorio,Patricia,Insercao,100,0.000199,1987.89,0,2763,38643,5,"Sucesso"
Aleatorio,Patricia,Busca,100,0.000171,1714.92,0,6388,38643,5,"Sucesso"
Aleatorio,Patricia,Remocao,100,0.000094,1876.23,0,13483,38643,5,"Sucesso"
Aleatorio,KDTree,Insercao,100,0.000023,229.79,0,1761,6400,11,"Dimensao=2"
Aleatorio,KDTree,Busca,100,0.000011,105.52,0,3822,6400,11,"Dimensao=2"
Aleatorio,KDTree,Remocao,5,0.000002,310.14,0,4029,6400,11,"Dimensao=2"
Clusterizado,KDTree,Insercao,100,0.000022,217.73,0,2007,7200,12,"Dimensao=3"
Clusterizado,KDTree,Busca,100,0.000011,112.85,0,4414,7200,12,"Dimensao=3"
Clusterizado,KDTree,Remocao,5,0.000002,301.44,0,4630,7200,12,"Dimensao=3"
Diagonal,KDTree,Insercao,100,0.000076,760.76,0,14850,8000,99,"Dimensao=4"
Diagonal,KDTree,Busca,100,0.000055,547.23,0,30200,8000,99,"Dimensao=4"
Diagonal,KDTree,Remocao,5,0.000033,6516.88,0,37930,8000,94,"Dimensao=4"
Aleatorio,AVL,Insercao,1000,0.000198,197.68,721,13411,32000,11,"Sucesso"
Aleatorio,AVL,Busca,1000,0.000096,96.32,721,27689,32000,11,"Sucesso"
Aleatorio,AVL,Remocao,1000,0.000123,246.91,946,35986,32000,10,"Sucesso"
Aleatorio,BST,Insercao,1000,0.000155,154.58,0,16786,24000,19,"Sucesso"
Aleatorio,BST,Busca,1000,0.000099,98.69,0,35572,24000,19,"Sucesso"
Aleatorio,BST,Remocao,1000,0.000094,188.07,0,45113,24000,17,"Sucesso"
Aleatorio,Splay,Insercao,1000,0.000395,395.05,11370,17028,32000,22,"Sucesso"
Aleatorio,Splay,Busca,1000,0.000330,329.61,24480,44248,32000,22,"Sucesso"
Aleatorio,Splay,Remocao,1000,0.000193,386.70,32367,60641,32000,25,"Sucesso"
Aleatorio,Treap,Insercao,1000,0.000213,213.16,1939,26872,32000,20,"Sucesso"
Aleatorio,Treap,Busca,1000,0.000105,105.20,1939,43515,32000,20,"Sucesso"
Aleatorio,Treap,Remocao,1000,0.000115,229.34,2914,54492,32000,19,"Sucesso"
Ordenado,AVL,Insercao,1000,0.000142,142.18,990,17954,32000,9,"Sucesso"
Ordenado,AVL,Busca,1000,0.000060,60.21,990,31978,32000,9,"Sucesso"
Ordenado,AVL,Remocao,1000,0.000062,123.36,1238,36469,32000,9,"Sucesso"
Ordenado,BST,Insercao,1000,0.002889,2889.16,0,999000,24000,999,"Sucesso"
Ordenado,BST,Busca,1000,0.001184,1183.81,0,2000000,24000,999,"Sucesso"
Ordenado,BST,Remocao,1000,0.000012,24.53,0,2001500,24000,499,"Sucesso"
Ordenado,Splay,Insercao,1000,0.000038,37.65,999,1998,32000,999,"Sucesso"
Ordenado,Splay,Busca,1000,0.000051,50.50,5373,11746,32000,999,"Sucesso"
Ordenado,Splay,Remocao,1000,0.000046,91.68,8067,19134,32000,10,"Sucesso"
Ordenado,Treap,Insercao,1000,0.000101,101.35,995,17961,32000,22,"Sucesso"
Ordenado,Treap,Busca,1000,0.000063,63.48,995,35319,32000,22,"Sucesso"
Ordenado,Treap,Remocao,1000,0.000035,70.98,1494,41779,32000,17,"Sucesso"
Decrescente,AVL,Insercao,1000,0.000134,133.93,990,8977,32000,9,"Sucesso"
Decrescente,AVL,Busca,1000,0.000056,56.05,990,22914,32000,9,"Sucesso"
Decrescente,AVL,Remocao,1000,0.000057,114.96,1238,30646,32000,9,"Sucesso"
Decrescente,BST,Insercao,1000,0.003034,3033.62,0,499500,24000,999,"Sucesso"
Decrescente,BST,Busca,1000,0.001188,1187.96,0,1001000,24000,999,"Sucesso"
Decrescente,BST,Remocao,1000,0.000013,25.50,0,1002500,24000,499,"Sucesso"
Decrescente,Splay,Insercao,1000,0.000042,41.83,999,999,32000,999,"Sucesso"
Decrescente,Splay,Busca,1000,0.000054,53.74,5373,10747,32000,999,"Sucesso"
Decrescente,Splay,Remocao,1000,0.000041,82.25,8067,17635,32000,10,"Sucesso"
Decrescente,Treap,Insercao,1000,0.000095,94.89,996,12298,32000,23,"Sucesso"
Decrescente,Treap,Busca,1000,0.000061,61.36,996,32305,32000,23,"Sucesso"
Decrescente,Treap,Remocao,1000,0.000036,72.92,1500,43733,32000,19,"Sucesso"
Decrescente,Trie,Insercao,1000,0.001573,1572.76,0,48596,220752,24,"Sucesso"
Decrescente,Trie,Busca,1000,0.001380,1379.59,0,97192,220752,24,"Sucesso"
Decrescente,Trie,Remocao,1000,0.000820,1640.88,0,273070,220752,24,"Sucesso"
Decrescente,Patricia,Insercao,1000,0.002545,2545.45,0,29207,263299,3,"Sucesso"
Decrescente,Patricia,Busca,1000,0.001930,1929.94,0,61399,263299,3,"Sucesso"
Decrescente,Patricia,Remocao,1000,0.000933,1865.74,0,115377,263299,3,"Sucesso"
Ordenado,Trie,Insercao,1000,0.001533,1533.25,0,42596,220104,21,"Sucesso"
Ordenado,Trie,Busca,1000,0.001345,1344.68,0,85192,220104,21,"Sucesso"
Ordenado,Trie,Remocao,1000,0.000805,1610.88,0,232274,220104,21,"Sucesso"
Ordenado,Patricia,Insercao,1000,0.001891,1890.59,0,26174,263274,3,"Sucesso"
Ordenado,Patricia,Busca,1000,0.001676,1675.90,0,55366,263274,3,"Sucesso"
Ordenado,Patricia,Remocao,1000,0.000876,1751.98,0,116978,263274,3,"Sucesso"
Aleatorio,Trie,Insercao,1000,0.002118,2118.24,0,51542,536328,33,"Sucesso"
Aleatorio,Trie,Busca,1000,0.001505,1505.07,0,103084,536328,33,"Sucesso"
Aleatorio,Trie,Remocao,1000,0.001006,2011.77,0,281453,536328,33,"Sucesso"
Aleatorio,Patricia,Insercao,1000,0.001960,1959.98,0,34665,345131,7,"Sucesso"
Aleatorio,Patricia,Busca,1000,0.001795,1795.18,0,73913,345131,7,"Sucesso"
Aleatorio,Patricia,Remocao,1000,0.000977,1954.74,0,158332,345131,7,"Sucesso"
Aleatorio,KDTree,Insercao,1000,0.000375,375.38,0,32022,64000,21,"Dimensao=2"
Aleatorio,KDTree,Busca,1000,0.000253,253.12,0,67044,64000,21,"Dimensao=2"
Aleatorio,KDTree,Remocao,50,0.000030,604.30,0,70399,64000,21,"Dimensao=2"
Clusterizado,KDTree,Insercao,1000,0.000386,385.81,0,33381,72000,20,"Dimensao=3"
Clusterizado,KDTree,Busca,1000,0.000265,265.49,0,70762,72000,20,"Dimensao=3"
Clusterizado,KDTree,Remocao,50,0.000042,837.11,0,75893,72000,20,"Dimensao=3"
Diagonal,KDTree,Insercao,1000,0.007841,7841.14,0,1498500,80000,999,"Dimensao=4"
Diagonal,KDTree,Busca,1000,0.005176,5176.02,0,3002000,80000,999,"Dimensao=4"
Diagonal,KDTree,Remocao,50,0.003366,67315.35,0,3781300,80000,949,"Dimensao=4"
Aleatorio,AVL,Insercao,10000,0.003565,356.47,6880,180336,316032,15,"Sucesso"
Aleatorio,AVL,Busca,10000,0.001866,186.64,6880,378695,316032,15,"Sucesso"
Aleatorio,AVL,Remocao,10000,0.001899,379.78,8934,485865,316032,14,"Sucesso"
Aleatorio,BST,Insercao,10000,0.002852,285.18,0,235262,237024,29,"Sucesso"
Aleatorio,BST,Busca,10000,0.002009,200.88,0,490400,237024,29,"Sucesso"
Aleatorio,BST,Remocao,10000,0.001389,277.84,0,621218,237024,25,"Sucesso"
Aleatorio,Splay,Insercao,10000,0.006104,610.42,161732,242685,316032,34,"Sucesso"
Aleatorio,Splay,Busca,10000,0.005711,571.09,340683,610587,316032,34,"Sucesso"
Aleatorio,Splay,Remocao,10000,0.004230,845.99,455674,838084,316032,31,"Sucesso"
Aleatorio,Treap,Insercao,10000,0.003667,366.70,19746,384826,316032,31,"Sucesso"
Aleatorio,Treap,Busca,10000,0.002202,220.20,19746,633348,316032,31,"Sucesso"
Aleatorio,Treap,Remocao,10000,0.001801,360.17,29519,784957,316032,29,"Sucesso"
Ordenado,AVL,Insercao,10000,0.001960,196.02,9986,247234,320000,13,"Sucesso"
Ordenado,AVL,Busca,10000,0.000776,77.61,9986,436210,320000,13,"Sucesso"
Ordenado,AVL,Remocao,10000,0.000952,190.47,12483,493006,320000,12,"Sucesso"
Ordenado,Splay,Insercao,10000,0.000865,86.49,9999,19998,320000,9999,"Sucesso"
Ordenado,Splay,Busca,10000,0.001944,194.44,54111,118222,320000,9999,"Sucesso"
Ordenado,Splay,Remocao,10000,0.001557,311.39,81182,192364,320000,15,"Sucesso"
Ordenado,Treap,Insercao,10000,0.001466,146.62,9991,226764,320000,27,"Sucesso"
Ordenado,Treap,Busca,10000,0.001030,102.98,9991,451651,320000,27,"Sucesso"
Ordenado,Treap,Remocao,10000,0.000683,136.56,14981,527994,320000,27,"Sucesso"
Decrescente,AVL,Insercao,10000,0.003317,331.67,9986,123617,320000,13,"Sucesso"
Decrescente,AVL,Busca,10000,0.000972,97.24,9986,315534,320000,13,"Sucesso"
Decrescente,AVL,Remocao,10000,0.001350,269.99,12483,416626,320000,12,"Sucesso"
Decrescente,Splay,Insercao,10000,0.000902,90.21,9999,9999,320000,9999,"Sucesso"
Decrescente,Splay,Busca,10000,0.001144,114.44,54111,108223,320000,9999,"Sucesso"
Decrescente,Splay,Remocao,10000,0.001184,236.84,81182,177365,320000,15,"Sucesso"
Decrescente,Treap,Insercao,10000,0.001651,165.12,9988,174456,320000,32,"Sucesso"
Decrescente,Treap,Busca,10000,0.001072,107.17,9988,415168,320000,32,"Sucesso"
Decrescente,Treap,Remocao,10000,0.000906,181.25,14983,523685,320000,32,"Sucesso"
Decrescente,Trie,Insercao,10000,0.046009,4600.87,0,501960,2172096,25,"Sucesso"
Decrescente,Trie,Busca,10000,0.031208,3120.77,0,1003920,2172096,25,"Sucesso"
Decrescente,Trie,Remocao,10000,0.020847,4169.45,0,2739946,2172096,25,"Sucesso"
Aleatorio,AVL,Insercao,100,0.000013,130.15,75,831,3200,7,"Sucesso"
Aleatorio,AVL,Busca,100,0.000003,32.00,75,1755,3200,7,"Sucesso"
Aleatorio,AVL,Remocao,100,0.000007,138.75,97,2331,3200,6,"Sucesso"
Aleatorio,BST,Insercao,100,0.000008,79.79,0,992,2400,11,"Sucesso"
Aleatorio,BST,Busca,100,0.000005,47.04,0,2184,2400,11,"Sucesso"
Aleatorio,BST,Remocao,100,0.000004,80.54,0,2771,2400,10,"Sucesso"
Aleatorio,Splay,Insercao,100,0.000021,212.63,653,981,3200,15,"Sucesso"
Aleatorio,Splay,Busca,100,0.000022,219.72,1475,2725,3200,15,"Sucesso"
Aleatorio,Splay,Remocao,100,0.000012,239.05,1920,3772,3200,12,"Sucesso"
Aleatorio,Treap,Insercao,100,0.000021,212.74,173,1587,3200,12,"Sucesso"
Aleatorio,Treap,Busca,100,0.000008,77.86,173,2688,3200,12,"Sucesso"
Aleatorio,Treap,Remocao,100,0.000009,176.55,279,3498,3200,8,"Sucesso"
Ordenado,AVL,Insercao,100,0.000011,113.62,93,1146,3200,6,"Sucesso"
Ordenado,AVL,Busca,100,0.000003,29.96,93,2075,3200,6,"Sucesso"
Ordenado,AVL,Remocao,100,0.000006,110.61,116,2413,3200,5,"Sucesso"
Ordenado,BST,Insercao,100,0.000034,338.27,0,9900,2400,99,"Sucesso"
Ordenado,BST,Busca,100,0.000013,129.51,0,20000,2400,99,"Sucesso"
Ordenado,BST,Remocao,100,0.000002,30.49,0,20150,2400,49,"Sucesso"
Ordenado,Splay,Insercao,100,0.000005,45.64,99,198,3200,99,"Sucesso"
Ordenado,Splay,Busca,100,0.000005,52.19,515,1130,3200,99,"Sucesso"
Ordenado,Splay,Remocao,100,0.000005,91.71,774,1848,3200,6,"Sucesso"
Ordenado,Treap,Insercao,100,0.000011,113.94,95,1323,3200,12,"Sucesso"
Ordenado,Treap,Busca,100,0.000007,66.90,95,2427,3200,12,"Sucesso"
Ordenado,Treap,Remocao,100,0.000004,75.60,143,2798,3200,10,"Sucesso"
Decrescente,AVL,Insercao,100,0.000012,115.44,93,573,3200,6,"Sucesso"
Decrescente,AVL,Busca,100,0.000003,28.46,93,1484,3200,6,"Sucesso"
Decrescente,AVL,Remocao,100,0.000005,102.88,116,2035,3200,5,"Sucesso"
Decrescente,BST,Insercao,100,0.000033,326.57,0,4950,2400,99,"Sucesso"
Decrescente,BST,Busca,100,0.000013,129.94,0,10100,2400,99,"Sucesso"
Decrescente,BST,Remocao,100,0.000002,30.93,0,10250,2400,49,"Sucesso"
Decrescente,Splay,Insercao,100,0.000004,44.78,99,99,3200,99,"Sucesso"
Decrescente,Splay,Busca,100,0.000005,54.55,515,1031,3200,99,"Sucesso"
Decrescente,Splay,Remocao,100,0.000005,90.42,774,1699,3200,6,"Sucesso"
Decrescente,Treap,Insercao,100,0.000020,196.73,94,1196,3200,15,"Sucesso"
Decrescente,Treap,Busca,100,0.000007,70.77,94,2312,3200,15,"Sucesso"
Decrescente,Treap,Remocao,100,0.000006,110.83,146,2810,3200,12,"Sucesso"
Decrescente,Trie,Insercao,100,0.000426,4259.24,0,4794,26568,23,"Sucesso"
Decrescente,Trie,Busca,100,0.001088,10876.83,0,9588,26568,23,"Sucesso"
Decrescente,Trie,Remocao,100,0.000215,4301.55,0,28259,26568,23,"Sucesso"
Decrescente,Patricia,Insercao,100,0.000343,3426.23,0,2697,26862,2,"Sucesso"
Decrescente,Patricia,Busca,100,0.000444,4437.72,0,5785,26862,2,"Sucesso"
Decrescente,Patricia,Remocao,100,0.000214,4284.37,0,11206,26862,2,"Sucesso"
Ordenado,Trie,Insercao,100,0.000171,1708.55,0,4384,25704,21,"Sucesso"
Ordenado,Trie,Busca,100,0.000161,1614.48,0,8768,25704,21,"Sucesso"
Ordenado,Trie,Remocao,100,0.000090,1804.77,0,23201,25704,21,"Sucesso"
Ordenado,Patricia,Insercao,100,0.000207,2073.67,0,2850,26574,3,"Sucesso"
Ordenado,Patricia,Busca,100,0.000212,2116.30,0,6018,26574,3,"Sucesso"
Ordenado,Patricia,Remocao,100,0.000108,2159.15,0,12563,26574,3,"Sucesso"
Aleatorio,Trie,Insercao,100,0.000329,3289.52,0,5088,139320,33,"Sucesso"
Aleatorio,Trie,Busca,100,0.000215,2146.80,0,10176,139320,33,"Sucesso"
Aleatorio,Trie,Remocao,100,0.000146,2916.67,0,29726,139320,33,"Sucesso"
Aleatorio,Patricia,Insercao,100,0.000229,2290.92,0,2763,38643,5,"Sucesso"
Aleatorio,Patricia,Busca,100,0.000211,2109.54,0,6388,38643,5,"Sucesso"
Aleatorio,Patricia,Remocao,100,0.000115,2300.47,0,13483,38643,5,"Sucesso"
Aleatorio,KDTree,Insercao,100,0.000026,259.88,0,1761,6400,11,"Dimensao=2"
Aleatorio,KDTree,Busca,100,0.000016,159.90,0,3822,6400,11,"Dimensao=2"
Aleatorio,KDTree,Remocao,5,0.000002,416.64,0,4029,6400,11,"Dimensao=2"
Clusterizado,KDTree,Insercao,100,0.000029,285.33,0,2007,7200,12,"Dimensao=3"
Clusterizado,KDTree,Busca,100,0.000014,144.22,0,4414,7200,12,"Dimensao=3"
Clusterizado,KDTree,Remocao,5,0.000002,418.82,0,4630,7200,12,"Dimensao=3"
Diagonal,KDTree,Insercao,100,0.000087,869.74,0,14850,8000,99,"Dimensao=4"
Diagonal,KDTree,Busca,100,0.000064,635.52,0,30200,8000,99,"Dimensao=4"
Diagonal,KDTree,Remocao,5,0.000039,7843.66,0,37930,8000,94,"Dimensao=4"
Aleatorio,AVL,Insercao,1000,0.000246,246.04,721,13411,32000,11,"Sucesso"
Aleatorio,AVL,Busca,1000,0.000116,115.91,721,27689,32000,11,"Sucesso"
Aleatorio,AVL,Remocao,1000,0.000157,313.14,946,35986,32000,10,"Sucesso"
Aleatorio,BST,Insercao,1000,0.000166,166.38,0,16786,24000,19,"Sucesso"
Aleatorio,BST,Busca,1000,0.000113,113.08,0,35572,24000,19,"Sucesso"
Aleatorio,BST,Remocao,1000,0.000091,182.47,0,45113,24000,17,"Sucesso"
Aleatorio,Splay,Insercao,1000,0.000562,562.37,11370,17028,32000,22,"Sucesso"
Aleatorio,Splay,Busca,1000,0.000494,493.73,24480,44248,32000,22,"Sucesso"
Aleatorio,Splay,Remocao,1000,0.000316,631.98,32367,60641,32000,25,"Sucesso"
Aleatorio,Treap,Insercao,1000,0.000377,376.58,1851,25967,32000,18,"Sucesso"
Aleatorio,Treap,Busca,1000,0.000142,141.74,1851,42161,32000,18,"Sucesso"
Aleatorio,Treap,Remocao,1000,0.000182,364.63,2830,53069,32000,18,"Sucesso"
Ordenado,AVL,Insercao,1000,0.000199,198.80,990,17954,32000,9,"Sucesso"
Ordenado,AVL,Busca,1000,0.000128,127.95,990,31978,32000,9,"Sucesso"
Ordenado,AVL,Remocao,1000,0.000095,190.59,1238,36469,32000,9,"Sucesso"
Ordenado,BST,Insercao,1000,0.003527,3526.82,0,999000,24000,999,"Sucesso"
Ordenado,BST,Busca,1000,0.001418,1417.63,0,2000000,24000,999,"Sucesso"
Ordenado,BST,Remocao,1000,0.000018,35.16,0,2001500,24000,499,"Sucesso"
Ordenado,Splay,Insercao,1000,0.000048,47.54,999,1998,32000,999,"Sucesso"
Ordenado,Splay,Busca,1000,0.000063,63.38,5373,11746,32000,999,"Sucesso"
Ordenado,Splay,Remocao,1000,0.000054,108.03,8067,19134,32000,10,"Sucesso"
Ordenado,Treap,Insercao,1000,0.000112,112.36,988,19539,32000,21,"Sucesso"
Ordenado,Treap,Busca,1000,0.000073,72.79,988,36849,32000,21,"Sucesso"
Ordenado,Treap,Remocao,1000,0.000044,87.52,1487,41984,32000,18,"Sucesso"
Decrescente,AVL,Insercao,1000,0.000157,157.29,990,8977,32000,9,"Sucesso"
Decrescente,AVL,Busca,1000,0.000068,67.88,990,22914,32000,9,"Sucesso"
Decrescente,AVL,Remocao,1000,0.000064,128.63,1238,30646,32000,9,"Sucesso"
Decrescente,BST,Insercao,1000,0.003835,3834.86,0,499500,24000,999,"Sucesso"
Decrescente,BST,Busca,1000,0.001463,1463.28,0,1001000,24000,999,"Sucesso"
Decrescente,BST,Remocao,1000,0.000019,37.69,0,1002500,24000,499,"Sucesso"
Decrescente,Splay,Insercao,1000,0.000044,44.39,999,999,32000,999,"Sucesso"
Decrescente,Splay,Busca,1000,0.000058,58.26,5373,10747,32000,999,"Sucesso"
Decrescente,Splay,Remocao,1000,0.000047,93.62,8067,17635,32000,10,"Sucesso"
Decrescente,Treap,Insercao,1000,0.000107,106.79,989,12946,32000,20,"Sucesso"
Decrescente,Treap,Busca,1000,0.000071,71.32,989,29248,32000,20,"Sucesso"
Decrescente,Treap,Remocao,1000,0.000044,88.34,1493,37144,32000,18,"Sucesso"
Decrescente,Trie,Insercao,1000,0.002453,2452.55,0,48596,220752,24,"Sucesso"
Decrescente,Trie,Busca,1000,0.002344,2344.01,0,97192,220752,24,"Sucesso"
Decrescente,Trie,Remocao,1000,0.001242,2483.31,0,273070,220752,24,"Sucesso"
Decrescente,Patricia,Insercao,1000,0.003658,3658.21,0,29207,263299,3,"Sucesso"
Decrescente,Patricia,Busca,1000,0.003395,3395.28,0,61399,263299,3,"Sucesso"
Decrescente,Patricia,Remocao,1000,0.001527,3053.16,0,115377,263299,3,"Sucesso"
Ordenado,Trie,Insercao,1000,0.001872,1872.43,0,42596,220104,21,"Sucesso"
Ordenado,Trie,Busca,1000,0.001710,1710.28,0,85192,220104,21,"Sucesso"
Ordenado,Trie,Remocao,1000,0.001008,2015.89,0,232274,220104,21,"Sucesso"
Ordenado,Patricia,Insercao,1000,0.002473,2473.22,0,26174,263274,3,"Sucesso"
Ordenado,Patricia,Busca,1000,0.002060,2059.57,0,55366,263274,3,"Sucesso"
Ordenado,Patricia,Remocao,1000,0.001093,2186.04,0,116978,263274,3,"Sucesso"
Aleatorio,Trie,Insercao,1000,0.002599,2599.48,0,51542,536328,33,"Sucesso"
Aleatorio,Trie,Busca,1000,0.001769,1768.64,0,103084,536328,33,"Sucesso"
Aleatorio,Trie,Remocao,1000,0.001207,2413.34,0,281453,536328,33,"Sucesso"
Aleatorio,Patricia,Insercao,1000,0.002731,2731.44,0,34665,345131,7,"Sucesso"
Aleatorio,Patricia,Busca,1000,0.002604,2603.89,0,73913,345131,7,"Sucesso"
Aleatorio,Patricia,Remocao,1000,0.001942,3884.90,0,158332,345131,7,"Sucesso"
Aleatorio,KDTree,Insercao,1000,0.000588,588.18,0,32022,64000,21,"Dimensao=2"
Aleatorio,KDTree,Busca,1000,0.000347,347.26,0,67044,64000,21,"Dimensao=2"
Aleatorio,KDTree,Remocao,50,0.000042,833.55,0,70399,64000,21,"Dimensao=2"
Clusterizado,KDTree,Insercao,1000,0.000500,500.32,0,33381,72000,20,"Dimensao=3"
Clusterizado,KDTree,Busca,1000,0.000354,353.50,0,70762,72000,20,"Dimensao=3"
Clusterizado,KDTree,Remocao,50,0.000059,1179.55,0,75893,72000,20,"Dimensao=3"
Diagonal,KDTree,Insercao,1000,0.013695,13694.73,0,1498500,80000,999,"Dimensao=4"
Diagonal,KDTree,Busca,1000,0.009401,9400.82,0,3002000,80000,999,"Dimensao=4"
Diagonal,KDTree,Remocao,50,0.006547,130934.13,0,3781300,80000,949,"Dimensao=4"
Aleatorio,AVL,Insercao,10000,0.006756,675.62,6880,180336,316032,15,"Sucesso"
Aleatorio,AVL,Busca,10000,0.003469,346.89,6880,378695,316032,15,"Sucesso"
Aleatorio,AVL,Remocao,10000,0.003526,705.13,8934,485865,316032,14,"Sucesso"
Aleatorio,BST,Insercao,10000,0.005147,514.70,0,235262,237024,29,"Sucesso"
Aleatorio,BST,Busca,10000,0.003280,327.99,0,490400,237024,29,"Sucesso"
Aleatorio,BST,Remocao,10000,0.004331,866.13,0,621218,237024,25,"Sucesso"
Aleatorio,Splay,Insercao,10000,0.015267,1526.73,161732,242685,316032,34,"Sucesso"
Aleatorio,Splay,Busca,10000,0.012687,1268.71,340683,610587,316032,34,"Sucesso"
Aleatorio,Splay,Remocao,10000,0.008694,1738.74,455674,838084,316032,31,"Sucesso"
Aleatorio,Treap,Insercao,10000,0.009225,922.46,19477,395912,316032,30,"Sucesso"
Aleatorio,Treap,Busca,10000,0.004905,490.55,19477,643786,316032,30,"Sucesso"
Aleatorio,Treap,Remocao,10000,0.004576,915.27,29471,791385,316032,26,"Sucesso"
Ordenado,AVL,Insercao,10000,0.002662,266.19,9986,247234,320000,13,"Sucesso"
Ordenado,AVL,Busca,10000,0.001133,113.28,9986,436210,320000,13,"Sucesso"
Ordenado,AVL,Remocao,10000,0.001262,252.36,12483,493006,320000,12,"Sucesso"
Ordenado,Splay,Insercao,10000,0.000729,72.90,9999,19998,320000,9999,"Sucesso"
Ordenado,Splay,Busca,10000,0.001152,115.18,54111,118222,320000,9999,"Sucesso"
Ordenado,Splay,Remocao,10000,0.001021,204.27,81182,192364,320000,15,"Sucesso"
Ordenado,Treap,Insercao,10000,0.002283,228.31,9993,239259,320000,29,"Sucesso"
Ordenado,Treap,Busca,10000,0.001664,166.36,9993,468053,320000,29,"Sucesso"
Ordenado,Treap,Remocao,10000,0.000848,169.65,14991,532120,320000,29,"Sucesso"
Decrescente,AVL,Insercao,10000,0.006046,604.56,9986,123617,320000,13,"Sucesso"
Decrescente,AVL,Busca,10000,0.002648,264.78,9986,315534,320000,13,"Sucesso"
Decrescente,AVL,Remocao,10000,0.001822,364.45,12483,416626,320000,12,"Sucesso"
Decrescente,Splay,Insercao,10000,0.001065,106.53,9999,9999,320000,9999,"Sucesso"
Decrescente,Splay,Busca,10000,0.001392,139.24,54111,108223,320000,9999,"Sucesso"
Decrescente,Splay,Remocao,10000,0.001354,270.85,81182,177365,320000,15,"Sucesso"
Decrescente,Treap,Insercao,10000,0.003108,310.85,9991,169786,320000,31,"Sucesso"
Decrescente,Treap,Busca,10000,0.001909,190.90,9991,432290,320000,31,"Sucesso"
Decrescente,Treap,Remocao,10000,0.001147,229.39,14988,548665,320000,28,"Sucesso"
Decrescente,Trie,Insercao,10000,0.053351,5335.14,0,501960,2172096,25,"Sucesso"
Decrescente,Trie,Busca,10000,0.045475,4547.50,0,1003920,2172096,25,"Sucesso"
Decrescente,Trie,Remocao,10000,0.029473,5894.56,0,2739946,2172096,25,"Sucesso"
Decrescente,Patricia,Insercao,10000,0.042628,4262.78,0,330231,2633201,5,"Sucesso"
Decrescente,Patricia,Busca,10000,0.037494,3749.41,0,696151,2633201,5,"Sucesso"
Decrescente,Patricia,Remocao,10000,0.021520,4303.90,0,1455221,2633201,5,"Sucesso"
Ordenado,Trie,Insercao,10000,0.029892,2989.16,0,421960,2171232,21,"Sucesso"
Ordenado,Trie,Busca,10000,0.030452,3045.21,0,843920,2171232,21,"Sucesso"
Ordenado,Trie,Remocao,10000,0.015281,3056.19,0,2376501,2171232,21,"Sucesso"
Ordenado,Patricia,Insercao,10000,0.042628,4262.82,0,289875,2633170,5,"Sucesso"
Ordenado,Patricia,Busca,10000,0.036409,3640.89,0,615795,2633170,5,"Sucesso"
Ordenado,Patricia,Remocao,10000,0.018250,3649.93,0,1319715,2633170,5,"Sucesso"
Aleatorio,Trie,Insercao,10000,0.031982,3198.18,0,515122,2944080,33,"Sucesso"
Aleatorio,Trie,Busca,10000,0.026140,2613.97,0,1030244,2944080,33,"Sucesso"
Aleatorio,Trie,Remocao,10000,0.015745,3148.91,0,2739617,2944080,33,"Sucesso"
Aleatorio,Patricia,Insercao,10000,0.052931,5293.06,0,379843,3301854,7,"Sucesso"
Aleatorio,Patricia,Busca,10000,0.039386,3938.64,0,792637,3301854,7,"Sucesso"
Aleatorio,Patricia,Remocao,10000,0.020876,4175.16,0,1733584,3301854,7,"Sucesso"
Aleatorio,KDTree,Insercao,10000,0.011254,1125.36,0,463257,640000,30,"Dimensao=2"
Aleatorio,KDTree,Busca,10000,0.008899,889.92,0,956514,640000,30,"Dimensao=2"
Aleatorio,KDTree,Remocao,500,0.000879,1758.69,0,997740,640000,30,"Dimensao=2"
Clusterizado,KDTree,Insercao,10000,0.008715,871.49,0,474727,720000,29,"Dimensao=3"
Clusterizado,KDTree,Busca,10000,0.006586,658.60,0,989454,720000,29,"Dimensao=3"
Clusterizado,KDTree,Remocao,500,0.000921,1841.79,0,1049854,720000,29,"Dimensao=3"
Diagonal,KDTree,Insercao,10000,0.627774,62777.40,0,149985000,800000,9999,"Dimensao=4"
Diagonal,KDTree,Busca,10000,0.571806,57180.64,0,300020000,800000,9999,"Dimensao=4"
Diagonal,KDTree,Remocao,500,0.379590,759180.65,0,378013000,800000,9499,"Dimensao=4"
Aleatorio,AVL,Insercao,50000,0.021463,429.26,33165,1069579,1516992,18,"Sucesso"
Aleatorio,AVL,Busca,50000,0.014296,285.91,33165,2210707,1516992,18,"Sucesso"
Aleatorio,AVL,Remocao,50000,0.010473,418.91,43588,2834173,1516992,16,"Sucesso"
Aleatorio,BST,Insercao,50000,0.018956,379.11,0,1409764,1137744,34,"Sucesso"
Aleatorio,BST,Busca,50000,0.014908,298.16,0,2916934,1137744,34,"Sucesso"
Aleatorio,BST,Remocao,50000,0.008466,338.63,0,3684765,1137744,32,"Sucesso"
Aleatorio,Splay,Insercao,50000,0.031950,638.99,971527,1459702,1516992,39,"Sucesso"
Aleatorio,Splay,Busca,50000,0.033038,660.75,2025415,3617478,1516992,39,"Sucesso"
Aleatorio,Splay,Remocao,50000,0.018731,749.23,2715151,4956799,1516992,50,"Sucesso"
Aleatorio,Treap,Insercao,50000,0.019388,387.76,95248,2360892,1516992,38,"Sucesso"
Aleatorio,Treap,Busca,50000,0.013265,265.30,95248,3840453,1516992,38,"Sucesso"
Aleatorio,Treap,Remocao,50000,0.010962,438.50,144156,4680936,1516992,33,"Sucesso"
Ordenado,AVL,Insercao,50000,0.006885,137.70,49984,1468930,1600000,15,"Sucesso"
Ordenado,AVL,Busca,50000,0.002765,55.30,49984,2601876,1600000,15,"Sucesso"
Ordenado,AVL,Remocao,50000,0.003643,145.74,62480,2939584,1600000,14,"Sucesso"
Ordenado,Splay,Insercao,50000,0.003964,79.27,49999,99998,1600000,49999,"Sucesso"
Ordenado,Splay,Busca,50000,0.007936,158.72,270687,591374,1600000,49999,"Sucesso"
Ordenado,Splay,Remocao,50000,0.005340,213.60,406050,962100,1600000,18,"Sucesso"
Ordenado,Treap,Insercao,50000,0.004954,99.08,49989,1636905,1600000,38,"Sucesso"
Ordenado,Treap,Busca,50000,0.003444,68.87,49989,3136231,1600000,38,"Sucesso"
Ordenado,Treap,Remocao,50000,0.001885,75.40,74988,3512546,1600000,37,"Sucesso"
Decrescente,AVL,Insercao,50000,0.009128,182.56,49984,734465,1600000,15,"Sucesso"
Decrescente,AVL,Busca,50000,0.003057,61.14,49984,1854962,1600000,15,"Sucesso"
Decrescente,AVL,Remocao,50000,0.003466,138.65,62480,2467878,1600000,14,"Sucesso"
Decrescente,Splay,Insercao,50000,0.001943,38.86,49999,49999,1600000,49999,"Sucesso"
Decrescente,Splay,Busca,50000,0.003936,78.73,270687,541375,1600000,49999,"Sucesso"
Decrescente,Splay,Remocao,50000,0.002759,110.34,406050,887101,1600000,18,"Sucesso"
Decrescente,Treap,Insercao,50000,0.004844,96.88,49991,1037102,1600000,37,"Sucesso"
Decrescente,Treap,Busca,50000,0.003777,75.53,49991,2560508,1600000,37,"Sucesso"
Decrescente,Treap,Remocao,50000,0.001802,72.07,74988,3225039,1600000,33,"Sucesso"
Decrescente,Trie,Insercao,50000,0.068115,1362.30,0,2449800,10858968,29,"Sucesso"
Decrescente,Trie,Busca,50000,0.060181,1203.62,0,4899600,10858968,29,"Sucesso"
Decrescente,Trie,Remocao,50000,0.030978,1239.14,0,12866391,10858968,29,"Sucesso"
Decrescente,Patricia,Insercao,50000,0.079467,1589.35,0,1741161,13166243,6,"Sucesso"
Decrescente,Patricia,Busca,50000,0.067745,1354.90,0,3690761,13166243,6,"Sucesso"
Decrescente,Patricia,Remocao,50000,0.034470,1378.79,0,8068111,13166243,6,"Sucesso"
Ordenado,Trie,Insercao,50000,0.065746,1314.91,0,2709800,10861560,33,"Sucesso"
Ordenado,Trie,Busca,50000,0.056495,1129.91,0,5419600,10861560,33,"Sucesso"
Ordenado,Trie,Remocao,50000,0.032936,1317.43,0,15365935,10861560,33,"Sucesso"
Ordenado,Patricia,Insercao,50000,0.068181,1363.62,0,1869352,13166490,7,"Sucesso"
Ordenado,Patricia,Busca,50000,0.062911,1258.22,0,4008952,13166490,7,"Sucesso"
Ordenado,Patricia,Remocao,50000,0.034850,1394.02,0,8664552,13166490,7,"Sucesso"
Aleatorio,Trie,Insercao,50000,0.062790,1255.80,0,2578352,10792656,33,"Sucesso"
Aleatorio,Trie,Busca,50000,0.058484,1169.67,0,5156704,10792656,33,"Sucesso"
Aleatorio,Trie,Remocao,50000,0.036803,1472.14,0,13438060,10792656,33,"Sucesso"
Aleatorio,Patricia,Insercao,50000,0.074223,1484.47,0,1936481,13027607,7,"Sucesso"
Aleatorio,Patricia,Busca,50000,0.067018,1340.37,0,4010681,13027607,7,"Sucesso"
Aleatorio,Patricia,Remocao,50000,0.037413,1496.52,0,8793411,13027607,7,"Sucesso"
Aleatorio,KDTree,Insercao,50000,0.034889,697.79,0,2799337,3200000,38,"Dimensao=2"
Aleatorio,KDTree,Busca,50000,0.026790,535.79,0,5748674,3200000,38,"Dimensao=2"
Aleatorio,KDTree,Remocao,1000,0.001357,1356.62,0,5853750,3200000,38,"Dimensao=2"
Clusterizado,KDTree,Insercao,50000,0.037717,754.34,0,2861376,3600000,35,"Dimensao=3"
Clusterizado,KDTree,Busca,50000,0.027772,555.44,0,5922752,3600000,35,"Dimensao=3"
Clusterizado,KDTree,Remocao,1000,0.002025,2024.73,0,6099208,3600000,35,"Dimensao=3"
Aleatorio,AVL,Insercao,100000,0.045862,458.62,63019,2277678,2880000,19,"Sucesso"
Aleatorio,AVL,Busca,100000,0.026470,264.70,63019,4701438,2880000,19,"Sucesso"
Aleatorio,AVL,Remocao,100000,0.020732,414.64,82993,6014373,2880000,17,"Sucesso"
Aleatorio,BST,Insercao,100000,0.042763,427.63,0,3012344,2160000,38,"Sucesso"
Aleatorio,BST,Busca,100000,0.028191,281.91,0,6214688,2160000,38,"Sucesso"
Aleatorio,BST,Remocao,100000,0.021747,434.95,0,7843102,2160000,35,"Sucesso"
Aleatorio,Splay,Insercao,100000,0.064505,645.05,2072080,3118130,2880000,47,"Sucesso"
Aleatorio,Splay,Busca,100000,0.060432,604.32,4298649,7671268,2880000,47,"Sucesso"
Aleatorio,Splay,Remocao,100000,0.035022,700.44,5762797,10500838,2880000,43,"Sucesso"
Aleatorio,Treap,Insercao,100000,0.045663,456.63,179762,5136625,2880000,41,"Sucesso"
Aleatorio,Treap,Busca,100000,0.034837,348.37,179762,8315132,2880000,41,"Sucesso"
Aleatorio,Treap,Remocao,100000,0.022394,447.88,275838,10134530,2880000,40,"Sucesso"
Ordenado,AVL,Insercao,100000,0.014674,146.74,99983,3137858,3200000,16,"Sucesso"
Ordenado,AVL,Busca,100000,0.005722,57.22,99983,5553733,3200000,16,"Sucesso"
Ordenado,AVL,Remocao,100000,0.007766,155.32,124979,6266649,3200000,15,"Sucesso"
Ordenado,Splay,Insercao,100000,0.003048,30.48,99999,199998,3200000,99999,"Sucesso"
Ordenado,Splay,Busca,100000,0.009456,94.56,541425,1182850,3200000,99999,"Sucesso"
Ordenado,Splay,Remocao,100000,0.007383,147.65,812158,1924316,3200000,18,"Sucesso"
Ordenado,Treap,Insercao,100000,0.008650,86.50,99985,3160545,3200000,39,"Sucesso"
Ordenado,Treap,Busca,100000,0.006395,63.95,99985,6154584,3200000,39,"Sucesso"
Ordenado,Treap,Remocao,100000,0.004012,80.24,149986,6947690,3200000,36,"Sucesso"
Decrescente,AVL,Insercao,100000,0.017051,170.51,99983,1568929,3200000,16,"Sucesso"
Decrescente,AVL,Busca,100000,0.006205,62.05,99983,3959892,3200000,16,"Sucesso"
Decrescente,AVL,Remocao,100000,0.006493,129.86,124979,5260724,3200000,15,"Sucesso"
Decrescente,Splay,Insercao,100000,0.003075,30.75,99999,99999,3200000,99999,"Sucesso"
Decrescente,Splay,Busca,100000,0.007382,73.82,541425,1082851,3200000,99999,"Sucesso"
Decrescente,Splay,Remocao,100000,0.006764,135.28,812158,1774317,3200000,18,"Sucesso"
Decrescente,Treap,Insercao,100000,0.008320,83.20,99985,2264390,3200000,38,"Sucesso"
Decrescente,Treap,Busca,100000,0.005782,57.82,99985,5376564,3200000,38,"Sucesso"
Decrescente,Treap,Remocao,100000,0.003325,66.51,149988,6686441,3200000,36,"Sucesso"
Decrescente,Trie,Insercao,100000,0.135374,1353.74,0,5159600,21720096,33,"Sucesso"
Decrescente,Trie,Busca,100000,0.114558,1145.58,0,10319200,21720096,33,"Sucesso"
Decrescente,Trie,Remocao,100000,0.063360,1267.21,0,25796051,21720096,33,"Sucesso"
Decrescente,Patricia,Insercao,100000,0.171521,1715.21,0,3702314,26332832,7,"Sucesso"
Decrescente,Patricia,Busca,100000,0.135969,1359.69,0,7851514,26332832,7,"Sucesso"
Decrescente,Patricia,Remocao,100000,0.071838,1436.77,0,16822214,26332832,7,"Sucesso"
Ordenado,Trie,Insercao,100000,-0.091499,-914.99,0,5159600,21720096,33,"Sucesso"
Ordenado,Trie,Busca,100000,0.121724,1217.24,0,10319200,21720096,33,"Sucesso"
Ordenado,Trie,Remocao,100000,0.072706,1454.11,0,29696208,21720096,33,"Sucesso"
Ordenado,Patricia,Insercao,100000,0.164407,1644.07,0,3668714,26332680,7,"Sucesso"
Ordenado,Patricia,Busca,100000,0.136159,1361.59,0,7817914,26332680,7,"Sucesso"
Ordenado,Patricia,Remocao,100000,0.073043,1460.85,0,17107114,26332680,7,"Sucesso"
Aleatorio,Trie,Insercao,100000,0.136103,1361.03,0,5159896,19642824,33,"Sucesso"
Aleatorio,Trie,Busca,100000,0.127299,1272.99,0,10319792,19642824,33,"Sucesso"
Aleatorio,Trie,Remocao,100000,0.080212,1604.24,0,26748530,19642824,33,"Sucesso"
Aleatorio,Patricia,Insercao,100000,0.184876,1848.76,0,3898112,23803506,7,"Sucesso"
Aleatorio,Patricia,Busca,100000,0.175046,1750.46,0,8047832,23803506,7,"Sucesso"
Aleatorio,Patricia,Remocao,100000,0.085858,1717.16,0,17566607,23803506,7,"Sucesso"
Aleatorio,KDTree,Insercao,100000,0.120634,1206.34,0,6018630,6400000,40,"Dimensao=2"
Aleatorio,KDTree,Busca,100000,0.095928,959.28,0,12337260,6400000,40,"Dimensao=2"
Aleatorio,KDTree,Remocao,1000,0.002830,2830.29,0,12460399,6400000,40,"Dimensao=2"
Clusterizado,KDTree,Insercao,100000,0.121036,1210.36,0,6132092,7200000,39,"Dimensao=3"
Clusterizado,KDTree,Busca,100000,0.097969,979.69,0,12664184,7200000,39,"Dimensao=3"
Clusterizado,KDTree,Remocao,1000,0.005997,5997.45,0,12898145,7200000,39,"Dimensao=3"
