138926
32148
106590
54075
27882
148408
14037
119902
84504
38214
28768
5550
20749
121500
106703
31713
41507
8517
108110
122798
7397
147129
69315
120929
72064
111692
8551
67224
43353
86043
53452
95126
103227
53431
129250
3076
43743
111475
30099
123887
80390
103649
86557
55345
89253
71595
72856
119734
6567
117009
31871
86762
86695
89230
12141
86854
103464
48763
123613
10399
30549
139186
62484
30731
142946
76701
26480
67604
31878
117975
82775
53365
71670
1077
117705
117711
134348
64488
44863
962
130993
62582
8603
68797
40941
62886
143995
71625
71365
70354
140903
133048
66985
58964
7008
9429
100143
72467
55855
145637
48562
128122
132897
110450
100866
49158
40148
80487
101819
115255
111418
27466
58689
113394
15907
73252
66612
34436
44322
82989
137138
58111
66734
36786
94395
99940
58390
30983
43539
39879
130234
87642
101605
135171
97546
142282
12639
39955
31928
28257
5487
5038
61980
37527
32041
16280
84335
54321
29541
19096
63988
116383
121602
96751
145369
41614
117191
61738
111813
73457
96477
148460
72347
31050
115562
89637
112884
82252
47071
92688
127956
116257
31471
26398
4092
117731
113152
64576
143764
56632
60413
107636
95705
109809
58245
3714
42167
17285
18228
101919
117424
148882
918
54872
59832
34143
61787
50030
132130
97596
41551
66456
127016
127200
5776
136274
33152
147660
5196
66603
92024
60651
43196
113031
138918
63856
124985
121193
91544
44364
1479
144409
68546
95363
71098
87215
77875
24947
23517
42187
28751
33908
28393
20718
129526
123070
43493
59632
135649
70560
136283
199
776
37444
125547
134974
95348
46104
142623
20181
115589
109426
45984
51418
82267
113608
4326
7912
77554
116872
81102
84643
111009
1064
98430
47779
103956
39553
115305
28654
51141
95509
101054
124479
106547
5953
94001
143177
69415
127820
142295
110535
36876
92254
56369
89051
8266
51903
135727
141207
26381
28602
43978
86094
48031
18907
92595
14204
86285
110440
121286
111101
38273
99216
38171
22526
5704
85119
46714
87876
30108
18543
44135
43706
96020
21209
108539
89003
85396
25711
48027
115008
9631
49866
70544
68865
43248
29543
120123
29215
117190
144817
131158
105736
5256
112757
32236
81635
127499
82112
127939
74288
90185
131383
66167
117872
34125
140519
98185
35865
145264
73702
41558
73521
15406
83712
65675
138437
4119
8322
142477
81283
63243
117246
11664
136947
147767
86892
131571
149957
113814
108769
132055
92807
41561
147612
12938
141279
46325
93160
93043
44509
20864
5683
135114
5919
92301
149466
52278
15347
105507
33886
48046
20326
19071
143351
63045
63627
47934
43663
110626
17414
39191
46512
88934
67598
27199
69357
141229
99088
90718
96039
123114
46619
5676
39229
31086
53681
130774
56459
103979
14600
10445
29052
2911
125014
136494
96727
62580
117557
43488
41830
84138
126088
50359
117075
70557
115729
139046
132400
65971
19980
35564
84376
54340
63598
104818
140613
101522
24796
84978
149968
31444
4352
101380
19067
135529
89044
105150
77078
71980
114364
46106
19012
92854
50575
58121
48575
104128
98310
17262
100706
82373
134889
11821
15927
69602
26782
30029
76164
66841
77292
126902
92500
48587
100190
58638
84121
58495
131268
145053
66155
140963
87323
125122
101935
34921
67541
75271
114965
134904
135952
79243
95312
51230
38297
128170
104563
7613
137063
107693
87173
130922
142637
94937
120173
50866
61962
42372
8346
61458
39491
123865
131564
34992
136439
74406
86240
76298
110387
111024
108127
127078
132598
113965
101115
114748
35400
101940
10769
132306
117862
108177
77296
137232
85845
85109
51864
142995
58562
31309
60638
127498
30946
90584
13267
51242
39064
88595
72310
62381
129927
127693
139039
50895
127313
92797
148839
140481
91464
35523
23622
85726
60221
111377
36498
35089
139793
23026
55310
72202
122440
36341
105382
34423
104439
42763
64496
29181
105060
39310
19995
66763
49342
129246
69223
63155
67064
41043
127526
25562
92781
6521
82841
135100
81285
129545
36851
10547
111895
51703
5950
86422
9140
97093
112548
83117
122628
101365
61634
76862
135137
107296
13451
12077
122249
63994
8337
17165
70279
123526
2015
27975
22392
9781
6682
17207
16575
86201
125417
90865
78352
70977
40843
43294
72255
145676
128657
72698
100245
143759
17258
30071
90221
12057
12832
11117
18941
73313
125475
57259
94738
13258
142834
55573
126844
60801
133734
143513
43115
16461
97368
103249
3779
59535
73447
34428
146746
36794
130514
117414
88672
100074
108218
44703
41351
18166
94685
46185
134388
6955
75136
91383
113284
8282
148229
118532
15866
27979
86148
125258
125552
99993
40337
46263
2265
15635
88673
84594
134217
2629
24118
129228
17990
117843
113926
112077
74753
96151
32282
23035
82032
112707
52573
121435
95200
75845
31094
148330
116615
37028
90444
31599
55639
80265
56749
110614
1121
57383
47522
116038
28298
108352
120962
86711
97026
144488
2032
51596
38377
4455
112572
129826
113845
15036
131544
69047
10575
100446
74598
119631
20307
22179
128356
42223
126126
29132
10635
17214
17624
98934
146142
50513
123323
38093
113409
123886
92554
103121
70531
121180
67227
54244
106162
113553
83293
131799
49834
120970
116396
139866
127090
103787
16301
10122
12564
48126
143000
142963
13920
105412
123184
149098
140949
52022
65025
77097
147620
144980
114887
81735
108677
42971
66681
97924
122058
91868
70705
79343
44868
37906
83895
24456
42118
126199
133644
21791
98598
77708
114197
33992
86212
14632
26742
44787
40190
147197
11885
89412
87738
57315
23722
39594
24887
58249
53959
40029
82102
32950
144156
149486
95421
56152
138242
3720
29177
6037
72829
4308
37562
108968
104442
104632
105863
101062
136583
112128
25299
39022
149508
122468
110059
25344
148298
22244
119954
113248
141304
13496
91565
92634
51187
10490
37236
112650
94558
5996
112867
68582
109141
47771
31207
51734
129415
50413
112276
12743
82038
137061
19871
62988
115551
534
11175
43230
99814
72932
125368
18221
57735
37324
31346
100241
37529
93608
88008
24914
70978
64416
86670
8456
5506
6757
95336
58902
88551
77281
61956
47432
90612
72043
40479
135674
123950
90781
49297
147553
112125
49533
90641
149804
13958
17620
105394
107441
97328
119710
54522
24308
29813
33987
133550
138323
123988
134749
66534
12158
32820
76095
117704
49101
133703
98744
13817
75162
54307
30242
108807
15712
61125
131059
22391
18604
118197
57398
102864
130681
94627
80326
130929
89113
144137
66035
128689
87037
126174
100158
829
1429
143324
577
61416
62066
115894
92378
58214
4957
60333
48083
57906
128733
94163
79652
1018
52454
143269
35471
24773
42830
128525
77637
139953
32810
132165
44505
147901
26656
30916
31657
95763
52973
63427
136922
71100
98133
17568
74311
27426
76019
100112
137371
287
99417
47824
29497
44099
48512
129351
76284
32537
82333
42014
77137
38834
73011
141906
11249
130917
148783
134616
120659
10024
13894
5170
99042
13629
114928
87249
80429
36651
52374
97070
16804
102357
44896
5331
92954
130629
137369
28252
92242
147586
133871
32543
5804
110826
38997
31176
20701
8958
7323
67874
80323
30329
62131
58632
81490
72742
23541
109723
39242
116143
64873
89376
105811
16543
108698
7741
144204
136441
104525
30517
36536
141294
43005
77448
36141
79430
107777
139944
50366
123507
85702
23648
27991
84575
41091
46050
116001
22574
138595
59041
102991
4777
76763
47276
125250
135776
145895
41823
61434
1315
108159
63110
88965
123546
144050
29324
115537
126502
21180
4719
141678
53936
84024
99493
37133
109061
40331
133888
144666
114115
1740
31350
125348
7098
140858
41532
65181
68724
110285
6739
93455
79981
110041
2404
58409
69559
102533
5888
139863
20100
77858
38786
8844
145599
22421
84982
48393
143464
83899
38039
26375
60747
146041
95477
103376
77778
133677
108883
3265
146053
144974
75037
35265
5033
66713
70356
21815
76217
55001
120978
68217
77299
97556
135112
38074
125571
8763
36686
4498
3884
10649
101676
73829
98459
97583
53288
51732
9996
96693
143088
137145
52154
81023
34418
90440
45839
2761
69363
8230
41857
73198
94516
134800
125231
93101
84569
30274
83395
65534
5798
17740
139704
38379
54316
18775
104320
124172
118324
144324
34666
39813
102678
106151
131122
90293
102482
101531
28362
10275
28619
1139
144015
79855
92343
92054
141105
130853
25983
77088
21721
33554
121489
27381
135934
39521
117820
23097
10960
83453
125153
91194
55667
62846
3827
54300
148430
42868
115414
38342
103791
128848
17967
109196
1254
24453
132675
142224
8775
35273
104731
11360
90528
6195
106091
82174
70838
98072
83300
114098
233
118326
121865
93551
100394
60586
46940
49253
16317
135885
8449
2862
27791
85126
38897
24484
91293
75639
91107
22923
45020
47267
3867
94213
36580
89811
41119
59366
106878
3532
106760
135982
38490
49654
31830
47215
114382
126795
65381
135730
27482
90637
9211
104303
113758
7851
50315
60517
61905
127445
42106
93983
138157
136211
134191
99780
75855
87612
106898
79083
34482
2067
40502
70526
120603
78477
89790
12571
116035
52070
93404
128134
92870
3869
762
84232
76249
8392
10303
16722
125978
13754
80224
101262
53363
90297
61676
135668
31547
63226
66213
67420
50794
75968
60898
33214
84705
97129
11923
5398
143237
65355
42814
140626
97802
47923
98936
110820
106954
38995
88443
108410
124246
90198
43648
95463
54532
27514
118049
67005
75886
36225
147154
98274
74414
80234
105349
84501
50379
23877
143607
135561
61811
71219
114157
90567
124413
146615
131482
21374
107567
142543
63865
44127
72237
98975
88643
32424
33703
124312
68421
28217
33702
101833
27954
61012
65046
66257
65566
6831
81560
104066
134319
15332
36663
124184
35073
68010
19749
148592
145888
60444
61124
25621
50939
29753
36348
85683
81453
95892
126727
62341
110146
21414
48563
9733
81757
2991
52271
29272
100920
136976
26038
111334
84467
104311
18731
137658
49091
17388
109497
101044
101656
34831
16506
149741
41261
49522
7405
140259
10508
84176
47326
133510
149412
19735
74042
70118
96261
126489
25922
27072
140022
53847
92872
82453
96891
131772
127980
82866
103611
106159
52256
78679
137068
68951
119659
29235
138032
112857
137296
44301
52518
85555
122682
116158
74947
8621
114749
46546
133347
94386
112178
116418
104649
30953
109150
89957
94523
109796
128061
115976
14026
69387
108187
14098
32407
129138
145464
123894
51706
125354
36898
107754
99765
75994
143060
45253
121517
101169
46218
137972
149350
47416
54011
58838
73759
100034
54645
10948
104851
103835
27721
49524
113291
6712
75195
122211
79685
14157
779
131588
53958
109860
79929
146403
118331
127243
4309
47448
12680
143707
17295
38799
60865
13519
59286
60366
64615
105955
86368
123338
28874
18886
106069
52761
28661
60725
136418
17865
143322
93532
63724
32986
66522
107619
123822
15700
115020
30254
75778
82190
63809
86133
147474
55150
79549
119227
131034
95527
138187
20421
91202
41474
101972
88878
119485
68280
47896
136049
131936
50021
80856
117786
100593
106224
7882
72429
20569
57150
131277
30507
71087
64837
47711
119045
113497
58034
27626
94335
28490
81048
120262
87461
137140
123882
83651
124913
108863
101911
8509
114899
15084
29507
46168
106719
40225
80389
142783
71677
115262
23492
49398
32526
145332
70019
76619
143577
73988
52208
110856
20368
5461
110996
114270
62387
36333
79736
3890
138992
73419
137914
10343
124725
72177
68521
140610
56433
17701
40326
59403
17686
59389
98640
115613
38914
6631
148414
137090
139244
94691
83612
84042
65417
88217
54442
127656
11058
63855
70810
102961
71612
19847
32218
142528
32459
1658
55647
85547
90497
144840
135606
57545
76848
2101
34993
77692
144381
64892
54208
144687
74294
67133
140002
134763
149761
114221
121460
107465
37995
111741
73416
38027
9330
69617
59762
35745
46841
18474
117250
65841
124736
7683
28678
134773
38099
24229
104092
30856
142329
22098
9091
3886
49519
108784
26890
147941
15844
121190
43059
83652
19526
96097
74872
104566
122632
90325
141521
20093
54970
4306
70409
109779
34900
76117
100799
121455
59059
1331
11979
22009
64920
143629
70498
75838
53086
3539
147251
48268
16925
75110
147875
66422
70359
46123
9541
130943
26809
40897
59271
137671
60679
143521
63013
735
140251
123029
108160
94301
14068
94133
142644
44497
46064
71861
28200
7336
40703
113858
65888
143915
96634
128832
109612
113906
138064
63714
74040
122769
62426
143873
48442
49351
147741
98697
14264
138944
73820
64647
110397
29807
19356
35402
51809
100565
38615
19001
109796
131144
116007
28331
73427
95823
100758
102392
125147
37155
93946
74613
139638
26469
90639
56625
64288
125582
45593
34951
4973
126780
1779
96253
14195
99327
123672
141018
16763
29946
125332
68579
12810
47300
148213
143488
35850
47506
129254
76033
66526
113929
2140
27216
58409
98883
20519
91783
47358
7376
76708
34410
81217
67506
80447
65329
17232
33595
36894
28873
104239
18755
141786
120513
32674
12565
16247
4434
56843
65655
9238
141323
149834
56179
35621
117715
19911
118278
138754
133880
26952
75104
88258
146172
82490
109348
9098
75372
30268
144189
147842
60549
78644
117910
33632
23050
50156
125341
105779
46579
75142
76508
90105
84769
78514
126586
96031
37440
79997
124705
70142
105503
49667
44085
111146
12157
119195
41917
14528
102394
50885
82615
3045
136755
8961
39827
59790
119141
111901
88759
117743
39947
92288
112576
25949
135579
99989
126321
55767
56430
66615
115451
96516
127395
111068
144695
49313
102496
79169
106639
53532
19509
114039
7040
9052
58926
124410
83430
8636
146707
63173
69511
75026
40520
131018
99912
67748
55435
52900
117770
132837
56699
121485
42462
50392
36963
147262
5717
33907
41090
69331
28943
6418
31363
33511
99114
22672
124600
80971
19909
25496
140295
123040
43271
109057
143220
40888
114267
54078
106202
12697
4170
16319
126191
36958
36064
76731
42321
98223
43880
95270
69186
109882
112705
846
45026
29052
23724
41221
60279
6143
58773
62785
113873
35924
61613
148656
143881
124134
107887
49556
91131
37418
105606
45601
47373
132085
78494
131976
121756
96681
39786
127255
122246
116817
52023
95401
133542
47068
50568
922
33189
8179
138422
25231
83423
82821
139628
136997
15068
2921
21807
46067
137329
116065
121488
74800
125410
121718
119815
92258
20998
132874
146742
121902
103130
125394
130094
21970
94690
57896
71335
4947
43553
61923
48833
84714
40670
69281
53137
55132
52942
67241
2402
83422
97487
18922
65260
8277
108120
12859
122027
8893
36282
26428
140121
30773
47879
78602
21536
29209
10078
3
87920
78360
8071
77236
112549
64790
5109
60457
93106
138079
44494
10556
2418
60710
100324
119136
34604
54527
44081
37408
17754
66769
51652
19628
94271
26594
14250
110862
46968
114059
80958
84405
103201
147413
117312
79259
106194
27111
148078
35832
67492
122681
136712
134105
10259
82288
123691
106789
65212
140828
25356
38231
78995
81863
25469
37403
149546
126445
107511
109092
34533
96280
148393
82468
109160
55917
33584
53502
60531
47954
11795
8161
20650
55159
22335
94320
67483
13378
76901
94703
117345
16578
39676
18590
14068
124837
41578
86862
1515
82062
787
105450
80837
38488
42449
113714
135053
92429
78609
75618
26529
26945
136690
138124
28797
148841
149316
56198
75068
43725
25550
62411
77557
7848
72202
79453
30340
84646
54438
222
48289
131319
141198
134175
15146
87431
69587
104593
107639
28616
114708
40474
125950
102355
80615
28459
62621
94115
76536
44484
120689
149155
131236
138700
43490
68497
52270
86039
8402
4060
130425
75290
14236
77682
131876
105738
22922
89736
82839
62519
104457
99833
32671
100015
56332
115213
36483
98260
67023
52921
19077
139772
71432
18102
43349
29348
76150
64953
144344
55624
92921
3243
16080
113322
120837
113795
15557
146778
144174
93888
58272
143578
68363
84304
78574
8910
84398
551
122544
78299
110135
34875
121809
89996
11222
82555
61937
76157
112960
76713
19425
145816
76318
8187
135950
23998
7074
143682
16905
120016
88726
44457
107273
86042
142289
5765
1753
84172
59548
95046
107663
138404
53724
141548
33336
8832
16491
18792
105755
23741
26432
71844
59857
135206
146068
135420
110349
147527
88686
40182
136618
104695
49807
38217
134431
132615
100801
1437
85344
23880
98770
115919
139318
76247
83962
75220
99974
58437
91295
57351
39151
79604
76629
91624
130521
138339
70996
857
145149
94197
61779
69319
22246
9066
108207
67634
60
26132
46934
15814
78150
105194
100904
4799
14778
136864
95848
140985
92934
82756
119223
92582
117047
124848
65590
102230
88167
6265
103704
54875
63288
56889
82481
120367
31859
104053
78409
127501
52226
101085
95500
86185
126944
106830
138125
65729
126974
9314
143792
134306
124397
20102
58541
130369
107672
10492
29507
131645
59418
61599
46986
130350
128286
3267
66490
143357
122343
141755
148119
118508
5168
71594
68445
107358
49307
83258
105926
81582
3059
102939
42963
36838
12844
29922
101504
3824
34887
138685
118848
68437
138248
83014
63977
81946
91842
112288
28029
64768
10853
31160
73665
147332
133580
72050
88150
135702
48902
106318
68345
37975
127781
10444
62957
28550
38084
84311
60135
51188
105506
48378
60127
104006
70994
113022
77049
78120
98747
129923
18385
131730
107964
125466
140591
87341
110169
132717
94871
117195
108744
65843
7064
87489
26659
46444
142486
67147
54078
134665
44785
128806
149716
35907
100543
36037
72261
13183
28196
49245
35087
71427
41837
59945
60025
76456
21336
6101
44524
30995
103014
20012
96231
100307
118590
140953
92388
48656
606
21395
19573
37382
77092
32219
140059
51162
124172
90814
55982
136282
80747
109792
27859
86044
105171
81546
4844
13040
134262
13127
95295
142615
149214
129042
34853
87631
72118
91458
81789
121609
38807
86712
52857
100544
58538
24801
9635
520
128741
46575
21548
6159
62172
144000
139595
2458
115702
42527
115126
116290
56126
104317
62917
10846
123132
122525
61153
103381
95811
147438
26068
40342
88992
104916
31280
35751
29764
58220
87628
45369
79983
146663
23801
5225
63685
59778
40306
93403
35929
80826
90
71137
31212
71607
25656
41234
93580
138128
10220
102867
37913
117211
136693
50172
68305
129719
77186
111754
78731
24683
90734
74525
123899
27631
22138
132871
109418
19002
144797
52260
87789
56194
7447
11978
63418
54583
83591
112631
7872
83513
11531
124255
61517
37473
26673
119276
144114
3650
98289
51926
47881
113560
61910
103695
134100
24564
58037
23591
136761
82950
89106
130991
12676
23036
6574
142221
43166
45096
52298
64368
7984
78317
98765
123813
117139
42750
11319
36620
24466
90939
10947
93765
126450
127538
17659
123311
65518
34330
42930
105549
13479
91729
146284
51557
77095
82357
54243
36287
70158
82726
52953
109569
74381
118977
110002
3412
147153
96362
34639
47814
130849
33596
37182
23915
5947
13914
141455
1942
134677
47157
104515
107490
37940
82210
117021
33424
121102
128558
36840
20993
82885
58123
93650
36237
119885
17667
45893
3662
55032
108670
64233
57445
107548
59075
138088
55536
25493
121317
56906
133751
127807
119007
44196
47578
12332
72536
49023
57164
56477
143006
21140
80714
133408
61000
59693
146350
36695
48789
118435
145169
133821
15517
22893
87462
82823
39845
77705
128395
146103
54025
93954
57365
118785
108607
105102
44567
98105
143339
133369
18450
7906
14812
128707
101934
23248
73237
109343
97376
69887
6020
115819
143850
25251
114741
100812
62432
105798
140350
50337
99033
8807
26350
101868
51184
56412
114734
142946
97292
36736
89062
74795
100634
42581
68645
136094
108456
133880
94421
142682
124799
96154
55660
15943
44338
137288
59673
124741
31466
127114
54077
85850
47369
4026
136323
35889
96940
24438
129676
113579
63201
37963
118917
61898
20947
120960
40356
132040
88765
149929
106963
109118
141981
87862
111740
112211
93729
14049
94845
112979
46135
19109
71471
147488
87463
41858
3930
48426
3345
141257
68752
142432
44777
129498
35098
53468
109182
120427
134249
126901
41869
109215
51872
34772
39338
58088
42573
37390
79513
82297
18813
19667
146461
97589
105629
73939
88474
107973
51190
103363
56484
101727
57536
135552
105113
100921
9760
81855
125329
52816
143810
18326
120925
3475
3326
105876
69122
49437
62127
13451
51206
143002
120836
98968
63340
38271
41774
125931
56859
104942
72603
72209
49376
29116
69086
97717
7317
65040
46761
100242
7445
18241
1198
77693
50365
30
55737
32516
139038
119818
116422
50316
92804
123421
98019
70186
96365
20745
85139
44381
37856
36331
27935
39204
83997
60682
38305
55152
51806
123428
57632
102840
84185
107453
82095
44669
19294
17851
137155
39517
138098
126694
41496
17391
1955
79843
36228
79750
7164
112122
145001
56845
127490
118145
128224
135721
146196
70372
141158
86838
128152
96863
146738
84058
51791
138130
72085
2242
72031
37086
11165
12827
140980
93556
80678
63116
3313
16521
70068
22330
105517
148596
124287
54569
50904
131968
78363
27273
43183
100600
132092
76
116918
75096
53527
57095
71760
8759
128769
148055
70417
109844
68824
14920
55424
143337
31189
86537
102705
94355
111717
5379
120230
71245
12995
112212
58398
74285
19858
21594
124265
118167
109628
8066
8137
97343
43279
112423
139736
73189
110077
91380
57673
112377
23174
23849
6262
115122
98149
51719
2892
136055
120175
29133
59089
106038
102728
100748
12184
56423
20985
29537
130269
100507
71497
52265
7813
55058
77870
73222
17640
12750
148627
131453
97627
109912
101288
50073
16433
13163
15918
83922
102143
83674
59316
18852
118910
6909
25448
117387
2646
55114
45586
140940
61596
142658
115541
144139
121035
35034
48182
122531
75945
60240
90371
13284
47084
106756
49855
76876
94868
13468
114470
33467
125578
76819
24514
2387
3820
84809
142657
20762
67247
77199
30618
48047
142980
122687
136641
6070
144935
32509
33367
101310
131935
65583
146155
7924
34302
30934
113828
130493
92751
144845
147799
15156
36960
94086
84343
30579
8133
117525
95986
42194
128369
56312
9485
59620
20099
13713
59384
78712
70511
12217
32910
111181
100511
499
140849
35632
65386
7651
51997
26012
75662
30501
64049
134924
27739
90455
87340
24412
82951
96877
35402
27288
124500
21555
58680
20748
3959
127932
72556
13216
66794
72155
56059
82663
54452
79291
143021
124275
136744
102718
81780
115886
81603
149576
29238
77359
149602
120420
11544
107258
82116
31387
88989
34328
120442
80163
38128
29855
21605
145168
125134
111252
98597
98564
140400
20662
117208
53201
25096
8035
136402
12027
122259
126794
113218
16416
17316
91024
125370
66647
124182
131528
11660
94434
114678
121275
125313
63795
30131
148642
64836
74378
56366
45628
19941
102091
27911
100987
110046
130212
27880
143426
64319
26718
129360
57046
127587
36395
14663
74089
113645
31630
35436
126181
107531
69401
85171
64566
101448
88466
113619
23689
87137
16309
17746
21070
125244
25985
47108
54703
93494
33523
133552
39632
109071
96347
59956
5885
138955
116497
107738
45392
106725
4428
72038
122138
120527
94337
107632
128860
121294
53943
51711
108426
25853
2876
43927
46566
59588
54793
11267
11336
46426
41676
86853
34490
107609
94471
39188
79237
47224
124902
148768
11920
139927
143583
73876
50267
103366
4919
47178
20183
130917
20468
58825
39845
73441
86749
19011
32400
145
107500
80556
84356
79782
98222
29641
24091
91917
79146
74928
85158
98356
84705
90948
2802
69542
106189
82221
102990
14847
116532
144870
72179
50350
53002
109812
39686
114688
75658
98362
120047
74221
46124
72545
25262
34248
66423
90698
141171
45535
47954
38288
142742
52297
97014
59482
113584
11116
4503
134808
108721
38782
63313
17002
82686
94658
35176
69695
137336
90294
101855
13570
30839
50812
18785
38567
42974
41568
146436
68604
145655
101451
139531
90644
87722
9271
14154
97929
4014
15356
66835
67549
31611
143474
49940
75604
68000
14024
24312
76123
123218
39199
102632
132156
120595
63386
106504
34147
52825
104813
58476
147785
119196
63316
15212
13297
133521
134993
114120
101177
98369
3464
56649
87116
41284
114924
15907
75639
88369
36641
25428
47932
72502
57897
119799
148818
38542
98440
145223
83893
108215
91054
148738
44430
132411
79993
109437
112697
37537
37838
12550
136012
6687
86131
10010
51033
116683
121909
18141
143075
98634
25138
47141
73736
56933
57801
8393
34785
55071
114186
101687
67703
3145
39171
130525
80611
32967
114254
17473
15016
81170
49072
23624
43870
135026
132048
131652
56870
88697
32111
102113
131789
53808
7084
148185
124661
45187
88603
102276
106611
51004
100375
111706
75862
88532
132589
57829
119602
21402
56232
115531
78286
1325
34453
28936
98987
135672
95524
43144
104517
113822
14379
51455
64979
98552
26877
7099
114959
90735
60115
30067
41471
130340
61635
25783
26192
77830
75092
57705
138375
3319
127204
46645
111494
35554
130460
109012
134926
114421
113767
82049
67924
61405
98945
107836
75834
36200
122879
105456
41168
110036
138283
54064
28811
21871
127674
130261
109529
26347
5588
978
129466
87895
28225
10697
127473
39502
112821
31219
74994
33160
138793
11826
53587
80234
90286
91654
102587
55646
143539
39029
130428
142163
123322
137387
20543
83684
29956
10477
28250
76705
80779
111706
58246
5432
56737
118054
52576
26180
115062
119935
92778
32945
118702
41851
88719
77601
76276
576
139191
118905
43660
32928
8628
43702
51018
118922
47925
318
90017
146357
113572
107924
79567
89830
27000
131117
119752
49368
137642
142886
68677
68912
108619
60036
3726
87853
34651
91762
78376
25654
45751
90795
145782
34823
64469
99335
121215
35853
51300
108931
29498
95251
131080
132912
107956
84307
44237
94066
66007
52686
74953
119583
62198
122698
80647
13241
143079
109614
38060
46933
44121
126298
88711
125528
75298
134027
121958
82990
16324
64657
107341
30936
96620
75655
142602
87348
106442
71534
103475
131076
101932
98340
145704
105079
108076
31061
103953
8134
108235
56074
143022
131990
48088
44154
27552
5291
130391
81466
75552
111204
16859
133743
28373
140744
19916
73312
122008
95911
72256
46540
112274
130804
135946
70376
128688
46197
132857
5288
103628
50047
69967
148419
1270
97816
16558
2077
84746
92982
12122
133284
124739
139899
55868
49224
6460
38693
96828
49305
86555
128825
101326
117532
57591
64648
80908
102350
32366
79050
118788
15085
17503
89559
28022
127210
119047
23173
25885
111762
86514
98939
70165
140115
91992
109992
140012
115988
19197
113704
9204
123386
114557
127377
984
50497
15353
89408
15536
34743
88083
94929
1739
44378
130445
83009
37737
128983
114662
104308
30641
93362
99148
91215
53275
65337
29567
64858
60351
71592
105394
32449
101322
131352
124436
82766
43717
48259
9801
69062
139515
59183
93209
49342
149331
115296
77237
35204
39437
149273
110196
54620
56342
104763
29062
53977
69453
7202
52121
35326
15448
20749
37042
54689
105144
73762
51035
28313
73397
14072
91280
132531
32242
143133
21361
74465
59696
134932
103410
148534
11195
57552
51889
5038
148718
146203
52480
11531
97020
86017
66658
125791
127095
119704
138709
6598
50929
54118
79596
142911
68742
19303
144370
100871
85564
86855
27224
118256
93669
48159
39959
128740
2642
105439
44779
44200
130248
77840
92858
40954
40395
27926
74717
121559
49406
95694
122677
118944
120275
71202
74955
93165
56434
34012
50399
137389
3171
126808
112260
101962
55837
40839
76783
141817
72888
33057
48206
40241
21590
75374
11118
80063
105025
61115
9514
122779
55396
16202
19222
93021
136221
37244
34979
123941
92901
19499
102094
2978
34169
57741
37925
30753
11833
103118
1272
123805
40661
14158
84164
68526
29799
115711
130019
37428
65563
135555
42592
139073
98324
129175
133657
9802
12741
35723
37769
88563
64265
118017
80101
75160
32066
117960
110571
72946
26806
88170
132389
59204
8812
75437
28229
124370
129215
131006
74675
74610
37766
144645
26261
8876
15089
144007
73545
90739
69979
18077
51938
91092
119020
4385
18281
129843
128929
19776
17590
84573
89841
98897
68321
58843
32131
14740
87231
31284
125032
126088
125643
49627
122764
464
115258
88677
64260
40734
36126
860
36318
11865
71224
149542
100818
79578
97772
34300
135412
4536
86867
97980
39777
113854
82877
132930
5108
136357
47836
106754
90658
114046
47091
74098
139483
76644
107470
17259
54020
73348
123023
112838
99902
122549
139897
25810
112606
48630
23609
16100
50254
37628
73945
1632
127797
76460
111100
77939
116219
83550
16131
18836
41788
131375
60951
37956
83846
78666
37120
134283
8361
30794
84350
78396
98596
134834
114146
83659
88991
58739
24556
65714
135609
74960
30457
81305
86344
21471
22528
42622
70109
100763
129486
103191
28193
42845
52784
140686
38051
47913
121729
33352
124907
123613
10000
80797
146609
115386
116256
71056
10700
28557
44663
117734
122984
44779
120984
56717
56284
15529
36974
143594
26160
69077
136114
57616
106474
37062
36238
105867
39081
144499
108950
788
90109
135905
94777
24166
34667
101613
96487
30640
129390
131200
145007
140248
137835
108874
123971
122226
110288
71471
91411
54976
92848
94907
86900
27046
14288
64406
31707
66026
137956
57124
147028
18353
62189
41291
59911
90714
36146
148373
20779
38985
125388
88444
29027
116545
23888
25667
105494
86220
105580
72422
35779
54835
55248
93422
89703
25302
42856
33492
80946
136987
15937
142234
51555
140957
66267
7869
97663
6299
123954
113497
108701
23295
69370
13527
65612
135139
100288
40660
47132
12619
123906
17921
28291
60170
111114
112510
95761
56616
112148
24821
136696
121022
81561
88793
31850
89709
133611
61270
91781
131980
92869
144881
63949
47630
12549
28800
141648
111444
141180
82936
65238
118631
23737
7629
16192
27571
79430
88620
48842
77161
131777
129794
108750
9373
59507
6102
62397
16587
5505
54397
65846
30124
128877
103593
43720
40261
124988
41508
24457
41375
5853
33103
101425
63650
144294
77191
95842
5988
40004
119237
139957
70010
127167
84878
123476
24429
106767
33478
40303
104182
129001
47730
90860
99506
61187
55920
141050
16465
145804
109560
105111
57101
94080
108419
136382
9082
130448
138120
57284
54688
76265
53750
59533
48592
86562
44968
26417
108756
119294
27271
100526
29332
61996
8462
149253
80707
41198
138243
98543
142811
125839
1707
76035
26831
66020
127311
95958
36474
8320
117446
70612
29959
28058
9240
117236
88975
92395
127644
81773
4231
6873
66729
104299
94091
25626
31921
107722
83940
113326
50120
113355
111782
77810
23466
99235
67508
36705
23499
121709
45777
133098
8878
67723
78000
23139
128964
124719
40657
87353
84041
4346
91674
47583
71312
123364
75525
39514
51661
140589
59038
117186
39852
115722
53293
79816
82974
40229
75788
28902
14396
131536
117055
96346
88148
93230
4462
49251
113468
82285
57300
19086
37449
41250
140420
50768
107584
65541
26840
23039
45697
74856
64950
136424
133522
143083
58861
47360
111242
33533
118411
68302
115765
88186
91689
9935
145430
58856
48639
36338
112880
34082
67344
135711
75302
33410
47151
48468
82939
50468
115605
132681
56704
2855
26344
47456
138056
109232
81575
74218
18426
750
131638
46842
70733
118792
110405
149345
92396
71083
123817
37084
11458
140723
40483
140246
5623
42408
78306
50898
106496
126922
54416
69320
38801
141611
118861
83571
21863
105440
7845
120471
104137
137154
132978
55468
81948
47142
28008
126783
65100
24757
3579
117380
80263
4432
38726
122492
118387
58051
132228
145452
139687
119913
48325
120213
78326
78411
22778
37649
101856
88607
37132
103963
20780
91694
21593
92230
83935
146984
79029
133814
49048
77430
31467
78898
4179
134757
79300
4891
104612
12306
118119
48143
20612
110065
34255
56063
102107
40550
134669
63128
77739
88974
64123
40121
76936
46330
60660
29963
140451
111617
68561
99345
107630
15740
20050
13875
31174
18392
19785
30065
55669
67267
102652
75600
89976
131539
136994
87019
129623
51913
33768
91818
85886
62596
39577
100235
5598
78658
92675
90985
93675
12594
18073
138284
12517
96405
27352
11902
26201
5907
77776
56476
92808
44883
101101
40674
118012
123452
52094
42065
47541
38344
74004
43586
61493
84347
55594
139560
148207
95950
5200
60240
104536
96208
95706
60282
1423
87873
134376
68593
20477
132790
67397
108467
16236
67751
53747
13240
37275
70264
82347
125153
35779
113446
82316
148054
11579
145714
103496
7169
68586
118488
74614
131230
125435
35211
75005
69788
20105
87040
21749
25320
41744
91303
37604
113070
107468
149952
39368
31661
122283
123545
64293
106835
112575
50919
52280
5215
106520
145433
97941
139561
28322
45669
126652
26895
14683
129169
69716
3921
131947
142667
98827
19523
27823
7964
119698
119657
20678
75855
136140
15158
23179
109253
79002
37355
67946
69103
100945
12768
10754
141909
132398
144397
42612
70336
77310
108429
19799
84827
102222
12706
86087
105282
15520
82488
131777
8677
102886
22561
79004
77108
36034
62610
67937
6138
61061
140692
60166
139933
86181
82518
129274
117834
102748
56364
75969
133239
16936
119191
124163
108976
32433
55425
94065
27100
33052
48103
136703
119163
83076
20799
147325
75892
129772
2281
16666
21232
24769
161
37578
21375
121727
132988
104493
111231
13977
6874
88108
128365
102020
10250
139607
138616
56738
76133
73924
74584
2027
18686
10455
123656
51483
78468
137331
122869
124932
72251
10060
134347
19806
68859
87197
127573
41977
25539
40659
93661
135863
68856
106803
10014
9027
9703
66692
147374
117042
135063
3790
146693
52804
36506
115372
102941
42967
101302
41819
145390
142922
4941
134912
25982
45339
76154
96031
135192
146227
87763
134562
54329
18539
132245
73913
11103
329
1588
132799
74225
124492
27259
35570
117592
81667
6573
75960
82712
42976
95337
13033
30085
148612
26560
14327
116986
78417
102507
81267
92712
37771
66615
46016
106680
61677
145916
115889
81454
115128
114678
129376
99157
131657
133231
97884
120536
141756
11607
52112
111561
87552
125379
129610
21230
72834
89040
148647
108821
130787
34414
145935
86607
31217
66006
36956
32527
1583
9533
99246
32651
120443
25622
57237
68892
26095
5044
77231
111832
63291
120122
36643
66756
38162
76194
48131
13121
127246
35371
25560
86992
132029
47449
81525
111564
112627
135444
10516
122037
125209
112247
145061
4648
105262
30617
78781
92958
86254
114747
126078
10485
61875
102356
96657
128481
127394
27984
144382
90931
136938
40289
46272
70536
139903
128309
87801
78014
20535
99751
11291
103950
92966
38183
57438
39536
133304
79837
137004
17118
18072
113526
11370
76782
12320
109747
5992
91256
114301
128286
22234
31813
65570
105958
79013
49118
78815
65683
90935
113404
145643
53755
61562
129225
109676
115535
18272
44929
69388
9272
117962
4631
138503
70995
91362
79187
129000
77832
20671
51398
117490
103258
104577
32418
116293
38781
52822
148126
140130
132954
104196
65753
79442
42170
40949
134314
35537
141016
105499
143674
81681
61441
125073
13139
98224
104786
12906
2446
46939
28718
76227
1872
138041
9887
16935
84735
71706
93401
116963
50513
147046
106770
51306
35127
36381
100033
115454
35958
46777
138712
65922
76792
125912
149623
106838
26123
25862
90594
113743
95814
11018
15627
8765
15079
47050
105044
102271
87358
119297
132688
87317
79028
117874
141310
64801
104133
78584
74318
46736
45054
2103
20337
65376
146529
116347
142106
35553
40700
101613
103134
83543
45639
70135
39194
46473
70216
93501
135446
91386
111644
64031
73910
73656
21921
3304
69549
118090
85178
24096
11341
90722
20408
125184
53421
15965
85611
57671
132232
23717
37036
143946
18931
81251
35744
10912
568
37974
127871
13726
127079
17050
79829
104927
78377
120141
34583
122426
47516
139926
142968
74631
76408
96631
78237
111676
40039
142077
9137
133712
6642
30812
140001
120472
110401
4549
51470
22604
117657
3467
34412
102855
86164
68704
50391
127230
7969
3028
34102
22165
4816
119576
143481
13872
110406
70647
122982
101395
11089
47202
104322
26445
34839
131807
66617
123050
21592
12704
11937
119559
145905
99682
27616
16356
98513
25514
118247
22154
105390
71352
56640
80497
118150
8351
45442
117817
98400
89932
96529
47699
31027
7167
36436
75656
48689
128171
88167
45353
84622
141171
18210
129723
64749
46359
20988
120519
147054
102388
108617
52026
101374
4514
119852
96359
98701
119465
106824
75595
82652
103421
62405
14577
33548
81306
70551
110632
19318
75514
51122
120096
18592
110471
4679
69540
89720
111155
50190
14784
28251
70995
108102
89141
120247
96852
51259
17502
31480
82589
103725
94414
75951
105347
68880
146979
8212
29944
118075
141564
148823
25961
37640
36647
67749
54270
103714
91975
48867
60109
13165
20495
31058
96135
144583
77881
14322
13015
113366
47774
44327
25660
147351
32298
134799
32208
123377
118494
138682
101272
66925
95098
110869
124864
15462
149941
149951
1668
74347
12702
86888
96898
149705
5371
22494
44565
30888
53365
35655
149955
102085
40204
64411
97163
127362
80345
103157
59235
6732
98287
20296
127874
128204
63872
127132
117986
81109
38168
26679
82492
39821
61759
114167
27766
30548
56102
42937
9035
125490
95940
16785
86480
63499
20590
129810
67353
36314
107136
109683
133790
40345
26595
120358
80455
49092
59390
132396
86550
83898
44411
23862
115431
94209
101604
100167
127914
86595
123262
49897
2827
20924
113236
139809
141129
114876
77041
119969
49720
64605
127035
94590
134009
5237
118140
9966
52575
104268
100748
48383
18422
77233
141742
18902
58102
35666
107363
139285
119157
115837
18477
58818
48420
39564
23769
6558
31559
13111
96162
72420
139226
84214
3296
94902
49059
147106
65091
85252
51923
135368
121
104628
106868
47226
132394
49200
1844
73281
37705
60314
29035
87616
96793
41030
65249
14310
115516
120019
33394
124640
11149
9816
71541
65168
57790
7362
23548
131161
100002
53419
84539
85610
105219
39042
70599
141055
53281
23219
142501
52785
114196
22236
47408
102662
21359
31656
30115
34877
81132
4842
122179
7046
68853
68290
98367
65
108277
41582
101923
57148
91557
72779
141163
88021
105620
123680
52770
85460
72394
149285
64684
137458
51860
29964
124991
97845
4271
71504
82286
24396
108349
117811
17196
66655
147887
42668
103447
122966
146512
145645
132924
111160
73308
113844
149523
120550
63359
42973
57722
54595
39484
71223
36755
119599
68035
34463
10645
146594
25230
34010
94408
44776
137174
52663
56619
25924
21669
141833
63275
4329
106317
96034
112209
4372
91526
131495
26271
109253
126073
143978
134456
456
108241
49736
97220
114656
88533
145150
8596
104381
43622
113430
85179
127921
106945
76228
54119
66060
6478
112490
145078
6139
7733
117913
9769
33026
114653
99285
24691
84799
14193
63434
3873
10890
7929
82709
83386
141007
95785
37972
6640
134479
63198
143328
111808
16977
46492
84449
131335
73889
45650
83005
134557
87439
76161
70287
25659
48539
77446
24848
9067
144009
114848
105197
22944
1449
75936
131505
71936
130054
68619
90140
134539
26268
62667
99968
100821
148935
26955
108943
40481
99489
41854
1936
14566
67378
46760
14681
148850
48821
143403
123195
39044
48604
97434
30723
141283
36943
85557
127151
69546
5478
31109
113376
139414
49416
74374
8536
21384
831
127834
107911
6827
112550
144266
39261
13751
118113
91984
68390
108134
594
140407
53498
48035
51758
3071
122578
110228
53260
35039
880
29460
73581
47959
4188
121635
77871
72442
74858
67385
5227
86356
31380
53644
46302
77818
37588
52287
73631
51793
9463
129618
21272
19156
70879
67495
92368
63477
67679
97044
136278
135730
94831
140907
67220
126243
87341
34007
149832
79798
105052
22948
5221
50857
74559
20978
112230
70046
34109
118398
116670
144691
126815
89387
11266
57483
25415
28810
95133
123670
116614
65870
32906
19451
105345
46481
118665
58619
18083
89399
134715
28736
33802
143409
17568
6621
64666
22808
22719
38736
56669
71903
141280
123669
45775
141973
126516
9898
104014
145608
41352
122572
137681
9807
126312
129405
119838
130037
95504
66951
20935
77752
1481
143400
19031
104618
147067
91094
30339
65525
3213
127596
104059
101094
52424
113528
92700
67323
36403
66822
61456
53393
26808
31379
128766
92287
81313
61722
20743
41872
79108
148911
112457
49740
138276
61968
85603
116233
59057
142538
51380
38614
118855
140512
121759
16631
116844
23476
94301
19754
147038
45735
71321
12876
14659
31161
59628
9661
23951
149026
42213
70944
18534
32642
81522
51895
116278
97186
46274
73464
105179
9169
39675
18288
103523
36267
15435
5234
79383
125026
113631
35012
39298
10033
14113
44354
79360
5750
12446
86515
87270
126956
7209
12413
39838
12151
121013
22483
106400
79675
35588
2506
86154
53337
100723
9156
102324
4247
144704
125387
53235
12726
121679
118155
59663
18164
347
64339
74000
110714
16790
58958
40936
6249
73589
37232
125591
101476
10728
84806
56209
147823
147927
40677
118596
66379
129480
96229
149354
136773
7555
58370
50039
19022
80033
71428
118883
14675
60103
121777
104187
79977
23939
73880
2829
112769
44696
32788
38617
142071
99411
119789
21269
30369
3768
98915
81847
100220
129400
130670
46807
113889
43057
13633
80014
24750
21657
1056
8398
52041
93561
102857
96624
148970
45204
76145
130082
113668
74562
76423
99680
138167
97564
124222
60293
45433
97116
94437
49687
128718
87470
131227
15878
93263
110513
22319
105601
91730
26921
34813
39749
147545
27017
87974
140110
27439
8773
106682
89940
80999
97175
25357
87723
147960
68925
37445
77178
68241
136770
43702
23024
101477
15348
22361
90892
19377
20324
73140
126159
70937
113482
78523
4553
135620
138121
3038
78132
19387
130352
89463
23293
45897
4102
47340
125018
93112
116123
119821
50067
72268
54531
45182
101414
142278
60238
110989
78107
33427
69229
98909
124282
7341
34015
60938
139217
20925
91533
143846
107772
115585
112398
87054
112832
123112
25073
137098
86979
98556
73740
79
136970
94417
140347
14109
15086
38397
45541
105956
82130
120966
126836
9469
137323
81419
3026
100557
6475
120948
4233
119572
128695
105265
33118
134763
128391
40382
86382
125083
77775
104609
122318
12459
83889
36205
51123
87598
73678
104765
106087
40382
142831
18772
35309
62973
113672
57324
32345
83558
69094
59412
57906
137697
128591
29770
33491
84798
33804
39334
117885
80991
124145
55692
17568
93155
141575
47451
130740
146205
85351
85565
101407
30486
32051
145456
32838
99323
133433
149373
93092
137363
119666
90178
31994
111406
76273
117966
3992
121634
23860
92298
86011
58305
140911
96614
80006
71650
119813
145339
69702
110865
61653
100141
144650
23388
4253
29264
66957
35266
87173
92300
61900
122742
78232
9705
60511
70619
131271
13343
113716
29218
95005
104305
79399
79135
78060
67100
78746
128614
56793
115055
100556
35676
13059
132716
115947
67455
98573
92155
15993
130394
101406
47926
79637
2415
105140
13200
59179
11419
45322
24072
59451
66160
36196
35444
16602
30176
37028
27412
28129
86308
144036
35905
117658
137273
63539
73994
5323
61674
43898
82171
90148
15382
40434
95462
49331
42670
60145
101841
75095
139076
125094
4108
79171
99283
63528
138738
38236
143303
87908
133526
57057
149121
116183
140630
95027
93588
110320
91225
31490
77376
8633
9387
89847
28049
138831
98003
78670
60480
72151
9136
138553
94298
128912
73540
59238
52204
129905
124392
67073
49230
123995
144473
14672
36259
149127
18666
67422
44285
67896
131027
96179
18276
144193
29740
94181
20798
109112
125303
95258
98557
132832
116411
114554
45583
70549
65789
26177
145272
27723
123307
122704
73010
52890
98491
29981
44313
24450
138688
90966
21624
136690
83978
137277
132772
29351
141822
32688
19723
53055
145958
54317
129760
125936
81216
137758
115516
69296
67101
99612
30201
33767
125674
130760
116217
10993
24466
76555
22628
56112
121467
83406
72879
71610
60670
109420
95577
126100
102835
25544
114991
73056
115545
137341
85
128021
73817
135927
124284
37690
95264
88032
68500
72936
113523
104733
79449
73020
84026
38433
72438
54950
21194
78448
98128
7508
115565
106034
115911
134125
91582
21119
23176
49763
82341
75379
78122
75927
44662
137205
121710
17722
89530
86713
87325
135957
116527
135779
50590
35405
122683
87208
17431
134038
81331
45719
59360
4606
9124
29200
14983
108865
136080
22812
4527
94707
146465
100064
79136
46740
145934
69278
132893
52449
56123
65057
36019
98675
29315
96770
90113
18878
90059
129371
149781
31225
81427
74600
56822
101470
77194
127663
49038
71230
149702
68433
123357
46981
51663
21179
75796
84041
106324
92644
57458
147435
110514
55563
117450
53302
46859
63983
136400
87678
47953
95374
25794
72397
16322
96726
41629
89833
11636
18461
15695
147291
16760
90342
70718
21015
146579
17612
41468
1350
116476
138986
12072
144653
118996
119917
1081
139557
75157
61275
145429
105731
120614
53126
29431
106872
45819
110120
107244
65724
88462
111820
119727
138307
97567
40418
27160
73087
40445
37347
107591
145360
61750
125398
13862
86380
98722
52160
53464
128321
15009
140721
102882
126464
43637
136430
9872
64373
22292
12775
146479
28074
119517
115387
134756
11852
135430
66692
67108
100528
37675
89077
34451
104523
124774
50746
134650
51207
133200
64018
99916
76307
130808
106993
53907
95598
27223
34544
132202
116423
112961
115466
94425
76954
48946
68143
1968
57584
123395
35608
5493
26159
135307
120104
75158
139503
70969
95487
33219
77771
128880
81721
93819
31743
60891
82926
47549
117426
70272
98204
83767
75016
82324
142448
60464
3548
54787
4573
68588
9980
137539
30778
75791
65068
24093
13731
4674
50382
143799
143659
87112
30748
39336
27946
140714
21256
133419
117001
42422
76284
106714
11076
102783
57433
16991
94385
24881
48111
65259
67609
21926
61576
71933
103839
95057
136524
80066
140802
100653
77671
102630
99213
9084
94518
35955
142932
122640
62568
112192
61546
21299
78981
88792
93367
82495
19073
101024
88326
45175
118570
135906
16085
32690
69193
38412
71433
23757
115166
10487
105415
82088
135512
19511
102946
27890
50478
7547
141266
118911
3046
60937
64983
137583
48591
33051
44756
3968
115157
147235
13141
96209
10552
3066
146969
80695
52489
32378
33578
141040
106810
48017
136681
36460
55496
119057
82862
127559
73878
48660
96818
83907
102160
34935
91972
147966
64555
59938
32870
39222
89904
15656
30724
134965
79506
33999
95908
63501
30055
43419
22754
38028
72236
28742
36683
66596
125841
20506
80118
14121
118907
128277
80609
135423
35982
120604
62446
102818
119613
92930
94061
90267
127624
91948
68543
84938
71478
60551
30798
43908
1054
47100
122088
57630
73138
111017
130
23711
97812
35715
38560
136723
134259
115014
96918
49109
124797
64563
19891
109391
60331
79854
36124
14012
131967
74238
86129
88862
55070
102083
140473
115428
21703
93565
143874
134270
91710
78489
101318
127831
69635
146550
35340
119320
129797
136560
68559
6218
55052
83738
139401
140695
31345
80595
33016
41731
1250
7500
121931
46970
31324
18443
35908
42513
53144
43240
101632
103923
38240
84449
111520
27593
112603
139356
54776
51520
31526
132395
80164
88812
65284
51840
4136
71341
126160
148269
92882
25058
144945
141568
83117
67384
36480
78254
7977
110310
44632
58744
147146
23323
89436
105122
117162
104891
147401
91818
117880
85030
27806
125004
127763
40712
51397
51745
92116
40413
41413
60667
28576
90230
143313
16352
52052
86960
91122
86120
26066
43519
97750
39918
70849
126686
32432
112463
126184
50523
73999
50517
1972
118128
57087
78910
60978
61273
38414
67200
88383
75407
117234
57986
87523
2826
123681
19212
148415
47346
107358
149967
20652
105621
73477
15345
92047
32339
2851
138102
120827
141456
27
83255
57327
73145
94020
42681
65697
19964
44818
55619
89132
1656
28422
31835
91559
2712
59141
76634
34923
32121
33233
87627
47677
68918
24647
92727
25081
1224
7226
105181
7825
109775
31767
79220
134783
118965
41974
52165
149370
52242
84319
34462
94868
85983
26270
123733
110378
25260
83725
149397
37552
106929
81689
70291
59423
70876
143395
22851
51257
85339
98398
144614
36041
46217
49898
6902
45815
13613
143287
136005
62325
57648
6918
127457
25052
69723
59138
25672
59220
12913
110941
141550
68991
62718
101104
52076
118568
87097
65130
137707
130113
82695
80902
9451
37233
66836
100825
139429
145823
37914
32065
128082
61977
51782
50297
81141
78213
14616
56768
87874
42394
66987
22275
78004
141136
42238
78484
10642
21493
7433
8086
92059
103080
58232
127093
21856
137636
76253
125508
99184
144841
41058
21286
107178
145480
99764
131789
26376
39864
77622
76080
6646
147118
17454
44747
140148
33405
75965
1307
56684
88181
119879
92911
98486
79687
4784
97095
131901
135399
139623
102881
107695
67249
104527
65152
124922
115065
9813
88375
24704
101150
73464
20122
91902
41035
121332
121664
68067
122122
66825
53335
27182
58592
6044
25385
102386
73903
142074
95760
128565
19428
109601
132955
50566
137030
42063
106322
103815
81296
117509
3881
80593
19536
45292
102339
5363
128873
44510
115565
60193
136427
68896
18176
63261
50242
29447
146373
21372
8922
124695
53491
91523
122933
47457
40053
45057
136954
69779
140450
44640
80555
118489
6962
146279
116947
149708
129066
26263
83331
22755
80709
28269
102208
11078
7225
19589
3877
19372
97532
73774
65370
65229
125239
116436
87698
100989
6675
145977
130845
120005
4594
55505
28980
83274
54776
6097
14149
21621
82691
56441
31867
102831
137883
33298
50606
137746
73881
134130
102514
51848
43012
4139
70711
105462
86288
77948
3298
15913
21681
40609
100408
102196
88475
39634
76900
21829
59591
53169
116280
5276
129277
27511
118325
142816
135149
102491
120506
77106
59166
144305
69375
132745
41012
49270
34869
101144
38765
47395
140359
119574
74557
117984
133785
66312
63033
46048
40323
140033
218
40175
27311
66791
41156
79026
141746
53919
111510
89752
18205
22346
103607
11039
103806
133464
84344
112864
8857
64549
19033
6690
137097
123382
111271
144126
43382
149891
93222
73064
92334
136273
120505
111991
81889
62994
136165
45739
93227
92529
119400
42968
85314
100963
138824
79520
60192
10231
40284
92265
19219
6287
80229
59564
2887
45150
108605
30853
148238
123168
59637
19590
143658
149959
2302
109615
45763
16405
14618
24646
111610
115879
20850
92191
11054
1494
107569
12217
84597
100015
94263
114993
116703
42944
93375
90272
74223
97505
89764
8577
15727
2745
133572
102066
4911
24972
64850
84810
70732
95840
51471
145469
77072
72297
31172
22378
33147
23106
13593
66880
6922
20399
135250
70971
138507
34686
23007
70656
38207
11066
114572
66686
149775
108251
32168
54695
117515
59748
142033
126720
143345
147575
143712
140785
64183
61569
16440
20354
142209
65289
120886
98005
55893
32986
55782
7335
86683
108506
109956
104762
97979
42828
89426
112292
104219
9512
11390
81927
76448
107795
21787
144143
95982
147731
16652
17779
94440
16994
136607
78502
30035
83089
109249
135974
121280
30193
55195
110612
140181
116983
94636
21850
48116
117978
68414
50423
21140
87837
53176
94860
5578
22235
123813
62075
48723
8129
109766
118960
132533
38508
60999
101121
121473
58350
12220
97144
132174
20118
75243
13999
25453
138390
105246
11163
28235
17201
26231
127645
144831
86190
39969
6002
82491
61885
88086
114043
22195
118845
117389
31886
89280
42844
101287
129159
33463
103615
111358
54963
40858
78585
87923
72035
106980
108764
138886
72425
18260
83373
80190
143417
66140
20840
117319
55272
68447
10005
75064
66402
49717
74438
145471
135327
131532
6536
108947
135919
15732
147715
90943
5702
58505
14030
45957
72986
56710
50787
103909
56912
49370
118767
7915
132560
36542
147710
2227
108831
61100
60168
67024
89465
31640
63677
67532
23695
49994
120957
132798
60149
58130
134458
88066
67962
74569
125772
69061
47054
95777
6788
129096
91109
82923
138789
114831
30205
81902
148755
131313
149721
58237
33570
17212
57073
23248
124741
28895
131922
148659
66849
84792
45347
110263
145260
149526
143466
102250
40156
117634
82912
29173
127151
33329
55547
135381
99709
26894
24959
109312
23365
61994
108421
17194
10137
103623
143121
128130
3452
71444
146669
115043
59705
110656
62328
58378
128223
68142
129262
128855
102813
95860
11044
104116
29208
80060
136069
75652
122184
49661
43926
127827
141640
137812
41790
91297
10848
21348
135308
34285
59989
148286
30866
84824
122570
139014
72979
65955
108561
147081
53851
106091
86663
141635
117128
56080
39253
20994
21182
56169
125032
732
2078
126593
1742
65512
61599
34716
5114
113408
144257
148778
9288
1616
67759
118296
90303
1142
3063
97932
148077
52502
51386
10153
140344
29086
16919
43348
25063
14856
103942
109540
96467
143973
41098
134812
51762
144459
52752
64883
131173
144789
96193
126915
105141
61250
139133
102483
107998
94705
31947
71204
32117
102131
40090
129363
82000
38942
103646
22750
39035
28107
27139
110796
79592
85077
111688
148494
57221
86893
56693
137836
75628
90392
149969
56850
111556
139230
40737
9037
57364
50929
59985
130555
135418
92401
41550
43329
27610
47095
65878
713
77936
90793
131633
110984
129334
146559
17377
73621
31724
38532
4867
37139
22389
121218
114632
106944
21245
83427
53289
79634
51655
116664
64654
41559
56997
86805
91344
19458
23694
125842
119819
6472
76626
120778
12574
27645
80483
106190
93211
76330
82390
23425
114104
68487
88587
16825
46105
26703
149197
22091
145345
5541
80600
107422
126596
129622
37325
4096
73630
67942
32031
51675
17701
142569
13330
82098
37678
14816
38445
43527
28314
40912
68681
101175
127688
76387
58210
32925
76477
104245
133777
85763
116398
37303
123041
138259
63960
35637
20499
131129
122546
51441
8646
32111
95332
54276
81923
88854
3272
142549
113254
22453
92275
68332
139591
135110
49485
91272
147616
85336
120749
92084
82328
123233
68956
24239
133185
72012
9668
99215
108804
115425
49441
69998
115093
71411
129297
67046
148745
32239
145679
135152
58975
80168
124081
144933
46098
141430
7955
30639
127149
37274
91199
81710
11672
92728
4721
18342
95427
121146
45801
95651
547
59093
55130
47354
67917
36432
16776
115283
3127
11415
52567
129461
92526
100687
73036
129769
91539
118652
28382
148966
147245
109370
35769
8141
4085
53139
143217
66748
76204
129375
149522
57980
143336
63320
122775
135151
58532
92407
11519
26036
72789
62765
97625
64709
139336
84843
63002
123404
33666
107593
58851
136529
82976
32067
53222
95169
46583
113394
63584
1262
13347
59146
131565
17802
78131
22153
115351
140693
47018
89304
69409
129521
145747
35512
46898
85817
69975
48259
4413
53381
8293
11293
114418
69981
62850
37832
136919
127002
34101
144247
20778
91903
52123
127154
11247
71818
29883
60101
65042
117388
13865
93595
3254
18138
29805
31008
96326
47819
84455
82614
40983
148876
40883
145364
105511
29851
48362
113688
138906
36490
102319
79995
21771
117972
87505
108465
140938
12026
92825
66833
108178
127601
23523
50533
75551
13884
59400
35111
120685
75541
61685
15622
28157
148529
132593
75053
32929
117157
65565
18492
67043
130515
58727
63356
107174
8076
123302
144196
86269
87544
37400
65732
139587
120462
74283
116143
149917
25974
97508
5049
100669
1247
120121
47796
28021
32158
113880
105058
22006
29864
12654
95643
96478
76522
122602
128950
75668
106959
55550
142687
11462
80498
27778
21668
108894
16720
8770
91587
24512
90284
139108
52263
70950
93627
35323
29432
131043
144299
57077
86553
81950
77542
25305
138233
4578
131708
41476
74913
149780
27387
27095
36588
60018
77024
88832
87401
36759
119692
54464
39061
42086
2464
135380
97473
149505
91143
83693
104211
140659
545
83215
101947
89169
23818
103854
107299
141247
28469
122449
112567
85376
42943
147368
64939
90896
3122
130676
130638
140977
130406
39393
93757
58522
148400
149205
134539
134583
19258
28839
42418
14919
45998
24621
43724
108852
102497
43883
8106
146704
29610
55112
93759
108880
95829
81398
117498
8155
12829
75987
140341
97385
101335
67274
55318
71917
125859
29491
40701
101162
149239
21519
14885
60432
118864
57542
34364
90474
135140
138374
103776
99329
125429
34542
20219
95340
92755
129637
8964
96792
16685
100427
115177
49726
70152
80431
114212
101720
122325
74239
114991
73720
62382
34438
14059
142903
64052
63476
3952
89391
49593
90318
48979
89143
23509
51440
49725
114782
129769
148685
149463
36433
21383
113650
99432
93617
55262
97531
4472
64691
147398
48906
132305
89879
92937
90755
94555
46702
7250
66157
54400
17758
23588
4828
114453
124096
75697
2251
23931
114004
6494
48703
14241
25972
6413
17070
95260
149351
55675
79991
2332
96119
50739
61274
13781
103183
114118
66103
14401
103542
133427
66507
99260
48375
92765
58376
99560
117774
116235
117202
121967
72377
123354
73620
116297
73994
124678
32464
48125
12793
134708
38120
84660
82101
71294
146482
64103
146276
77022
57680
59409
116299
113405
57207
93609
133322
126537
20692
123538
29452
58265
54701
54193
12162
12582
69240
23358
145792
24951
34910
108068
96413
12091
8160
49799
104771
85983
127291
73350
133369
148544
25481
6414
106035
66235
62460
89623
79284
146481
112246
47903
73597
46547
68618
14196
24223
63178
32938
21102
18146
34943
43112
77436
70810
121334
39003
128824
106982
605
137426
104167
66738
65064
70008
103061
72252
125975
15590
133603
77500
120431
27742
94494
74549
48803
149324
123156
116166
120934
34135
97844
129849
72367
73461
63699
60546
137815
64068
21229
78314
135664
116662
101574
136847
136628
45233
81866
44475
67610
5806
81410
9438
114308
68430
87909
59044
42219
21812
14802
24737
93519
77499
127256
39167
82276
47125
82894
14505
54206
6766
103264
109684
83766
66573
4825
76104
86082
104419
110409
127599
148195
47798
10957
125196
33111
147297
78523
41670
120660
23178
15926
125233
147148
79973
20328
16509
63810
75913
111292
111683
102337
124553
57135
132550
113816
114100
77600
146675
106848
96511
140240
138991
51345
12180
136872
24428
71390
130431
82018
89005
26282
131560
112001
14211
14868
48634
97470
53291
12121
140056
92139
108514
23457
110578
96960
107152
62182
78541
55722
74188
30954
6632
120571
116859
118220
65589
143947
56096
129682
48531
10260
27428
2204
139707
135538
77241
66780
24466
147649
873
86681
95472
26995
47411
134461
16974
129870
36745
136902
49761
34603
66688
146255
139334
67231
75612
142360
60001
75213
43672
107707
110841
86439
19291
48188
29717
133702
83135
106166
139564
20733
30915
100032
122009
15478
46265
98240
34751
125154
112840
11680
71728
2397
59871
59624
118563
124714
6696
95621
2388
44241
120771
139214
11961
32549
62991
2779
89358
25914
138340
42591
143469
88152
122989
73167
2981
63102
96341
120583
99995
84551
77791
127588
146610
82888
63026
53184
48104
78607
142387
17282
66411
95379
118822
20298
65586
27737
80106
63494
123141
4465
24411
122462
77652
43861
145613
82189
13209
49354
127747
131589
93960
142803
101801
128252
23740
93908
10261
132410
38621
140688
98353
135403
149362
127380
72739
106947
82784
2034
60127
37766
90589
102228
39443
92985
19762
62045
115680
84267
84968
63319
18936
91339
103565
101529
119939
33045
23305
62086
23279
114460
67992
18381
31629
78130
20992
95899
143329
6811
92642
59156
92131
34755
14707
54581
86102
78956
62085
57565
77705
16835
103723
146190
102674
72170
52957
133548
88078
54209
124931
78695
68674
148957
84850
48696
71396
109584
112740
40133
101648
52250
132695
45102
86391
96288
23709
118170
25691
20374
121920
130393
122912
134540
77338
110912
69119
83458
47350
39697
121309
129484
17124
51803
82539
73055
130696
70761
67462
100743
10355
135854
130256
147413
95846
113812
61541
22507
137708
21305
24173
39677
23778
42392
43145
94653
72066
6302
95701
44294
83466
5801
148242
37656
83642
20468
98248
139689
59369
18934
55927
12321
113840
64321
132786
19699
135666
96716
35972
7581
116971
42628
23766
40335
107595
99739
4284
122195
33789
142017
135732
119242
42956
32430
43579
29590
72923
147190
104824
113571
125555
100624
16981
51380
117949
85273
83272
51223
68221
1416
49864
81830
62153
6756
70201
39956
22068
85469
149614
118726
5752
3052
94167
28124
88075
49074
26382
94356
105859
60043
81316
102131
122112
42643
62595
76989
3807
42235
80351
85290
93684
133255
1623
92555
91870
97072
58531
35495
39965
132519
140954
62015
103640
49581
81330
51498
109133
105316
92886
72406
63840
21268
119350
132341
56145
145731
75121
77394
91258
141466
56264
63159
122700
77023
139687
133847
35496
108667
146661
12633
68511
9517
13990
77350
139054
127698
81650
134576
5895
75951
93423
13789
38721
100472
91713
20986
28343
10249
136805
96840
105944
105485
4671
129737
38037
48281
68854
116099
79890
110477
120398
26535
23131
118611
26971
56754
144127
45945
106213
77290
119168
24501
54934
112648
63639
50703
39077
121130
79287
116540
47198
45370
57730
81753
16669
52609
8715
27276
132745
9177
136742
110596
44689
37011
18844
1647
62764
3974
57969
77320
18215
62253
140328
142701
99685
92405
132431
13147
13018
28253
100680
139977
40364
115162
107166
98413
116623
56537
12054
123417
45064
127520
82979
128351
125949
56046
43947
140194
142088
145651
123186
123100
31254
48196
121608
39472
128585
81203
102847
92589
86509
74927
125650
135639
134129
139382
71393
133271
106872
98864
73608
74555
119452
22635
37314
146283
144872
7901
68977
34303
28879
144395
59983
50989
78625
125679
86494
65803
1243
146652
63236
134351
124748
45476
113398
101564
20124
5460
98801
28457
8976
58663
16729
121072
128807
68164
85611
41421
47145
141266
126911
81309
43424
57749
140182
82995
142990
16428
4193
145472
149930
137247
90221
14236
110601
69482
124084
131229
56966
110460
126761
60924
102216
139288
111725
118261
120207
102258
88141
26647
62784
107919
61552
67365
5810
104401
129898
68164
145402
37783
134678
52105
135244
113562
141665
85130
70237
81607
39184
36739
41795
43838
148290
3024
117063
18122
42853
38830
61580
130357
60590
146653
65397
144830
149476
50626
106203
94096
55352
57522
134432
28662
127611
89647
96580
97893
15233
41566
99224
137167
113216
135067
137715
39414
73092
100602
35796
62613
60931
147513
23905
63481
51236
80401
132240
124690
19186
104126
122841
46211
140290
30237
34162
81346
132635
25330
115458
131089
96687
68567
117010
110323
127279
86319
55828
84548
14230
27031
139904
71337
8214
106082
105436
9727
101051
53968
5714
107353
141181
17822
123609
115323
10273
18900
90838
77369
100300
86396
48542
55527
40050
47624
126827
94046
78076
130033
120936
117778
111272
70834
17591
18329
73473
138570
7947
10296
18131
81728
74191
69173
91989
3436
136816
79681
129690
12831
26823
134707
143522
114514
115655
88601
35987
113003
74545
94898
144475
105009
95867
138353
142345
134901
94369
71641
145631
96789
111094
8366
47898
14767
82715
122784
109967
125331
143346
3518
103079
52706
143312
68729
67328
10654
140475
34210
72135
26055
67102
12915
62728
143703
5734
82560
89438
128607
103857
123407
100798
59393
12851
18750
21597
96358
26876
124149
3444
13227
95501
91956
105625
122719
142624
15238
52724
89184
24873
12221
68969
33369
121015
44780
147159
147142
66436
32862
7535
80041
45849
109092
83524
69890
16771
97286
34151
70170
87861
14430
18665
38066
108858
66637
77229
83651
96101
95078
36788
98206
12118
85949
266
99571
1000
123735
118592
133612
69220
143812
36271
85701
132415
15644
3338
139023
28535
119622
20686
95796
149919
148869
52140
26828
74313
57093
73007
60680
123403
23013
25289
32210
69611
145953
21004
144883
77756
84899
96872
64574
17904
93865
112831
32536
119812
22102
107390
405
33675
142186
111954
2061
113296
99383
112854
44768
80486
37635
105461
134600
51720
93784
131924
35641
139617
49578
127318
97012
82665
80019
32887
139289
45225
107721
148243
67891
76566
44960
4238
52232
145689
104179
50264
91390
129019
28584
16439
690
81669
57222
65488
133094
121820
60241
17759
12386
93069
48051
93729
59378
95382
57189
47907
46182
101646
145388
108562
119694
3268
16637
57238
12394
119697
128402
123032
34348
38376
82211
31137
54008
122346
26765
58890
79594
24098
25803
94861
1334
105281
9432
7139
139985
84907
26253
30880
66139
46894
62710
118707
99158
33990
83139
105805
31526
63194
112822
100790
27637
33623
125963
43465
47523
28350
29489
74597
84086
10742
96711
56023
140639
67908
129082
142095
110524
52660
1381
139210
139924
72095
80575
50153
122390
707
143008
103261
142736
129037
132994
71256
40
61253
98391
77333
53370
76298
509
59036
78534
62833
13199
3654
74324
7639
68131
57140
60643
136724
58759
148060
62216
33381
13466
46347
26676
139578
349
113989
27919
54873
136563
4364
808
127061
44072
76944
139635
125912
141097
79225
85539
138166
42199
147933
55022
25591
87804
123537
101437
32092
58968
40389
73536
66048
59086
55678
34312
72759
60281
141190
51002
107049
136876
149090
139913
65019
16833
61929
113086
18646
4362
103384
80885
42783
126742
22693
97478
146647
130093
143381
70828
92852
133468
111002
100098
59820
126282
124841
140012
96811
127087
63562
10963
125410
49369
140760
86097
38813
87659
68873
83557
79483
125108
41932
98337
14272
43652
117655
75882
74067
45374
51952
114733
31976
106612
44360
140919
7841
99978
3189
67914
37160
20648
123104
50084
4657
87643
45311
135624
9441
121939
5123
107496
80926
16627
108837
121464
39246
103021
77544
117867
96474
70570
54936
92568
92664
64589
72693
39327
119384
56628
38586
125795
132708
42054
137620
23994
25150
60024
37126
128599
143637
79180
27968
45223
130335
128396
97825
118893
128302
122759
115661
59919
93146
99264
48078
55863
21702
86405
121725
139565
112138
93416
123575
89329
35684
43044
89285
48340
8123
104773
143116
80910
134907
148013
139721
58148
69284
122395
108691
108346
149352
112272
55698
5687
77068
137582
91448
17910
82548
58979
143665
105553
38436
598
5595
15194
132507
93756
35840
40961
94390
119135
80634
144740
92403
84515
13718
135895
57246
9599
73685
51320
143871
113234
55929
135197
110842
83191
108224
149745
78491
142475
103808
96251
63432
72769
34763
34134
22978
84199
139476
146371
135690
103961
56880
141361
127250
61174
119862
9811
91728
135980
149594
78908
92573
114967
110042
28581
135754
140632
69478
85513
11154
25434
53799
4579
85673
139338
40582
68246
51120
137801
18221
63818
20466
68672
39928
90786
104453
86305
78603
84576
72024
96646
96047
55856
45309
13040
127793
101682
53845
54277
116315
100586
3022
75241
64477
109831
60484
61876
146025
15733
12707
108627
126258
126069
136851
5481
47240
124646
112661
145878
42647
78083
19412
12212
89586
1927
58063
55916
35196
118124
14826
146964
6407
125189
75361
38956
23583
30085
3259
106906
114374
100903
99008
53654
141373
23280
116756
76537
75741
58162
132999
14185
47396
87158
75032
139932
104709
61986
113163
109943
35819
107448
122084
91548
45854
9454
144955
19455
53164
96186
90728
78258
130028
42411
106411
119840
83595
107519
80623
57453
147231
48251
120311
114014
130027
15687
98430
35016
29564
36116
71085
83887
46962
45942
34031
27613
97140
137709
100627
7615
129964
5565
82593
139016
7907
54291
56335
83560
82529
102103
135131
142244
56166
143957
122907
53811
18916
30875
38839
34002
64356
98833
110285
62624
87751
143138
21103
17780
1935
109550
38093
43921
61323
91925
57919
31185
26265
113671
72424
25727
120545
20123
90678
83200
76209
127537
26441
94438
82743
71562
83038
108356
75380
80088
89843
107600
62598
20842
76519
116887
132320
128992
7453
88135
19582
118918
86648
27326
113056
17874
67307
40146
36620
82661
53712
23567
44974
29249
111574
65757
115622
98302
122781
22106
63490
3200
43680
45919
19913
15999
94586
141712
49823
42202
110088
84008
69408
37023
44063
49343
57491
54163
99611
13352
91198
147893
28278
13882
107030
91979
90917
44066
18650
83956
72703
134850
137103
41943
39901
50426
57434
108624
111022
66659
11463
974
41478
91459
146156
55707
49893
73273
128473
135587
6964
149587
95359
4416
34420
56048
123342
22841
69755
125113
53260
58268
37519
5668
122431
50020
47762
35215
47888
75291
104846
101947
115762
130649
162
6520
23216
62795
3865
52414
125962
105727
38597
70594
80518
28072
26527
89912
19120
61550
129053
43918
106361
30543
129382
127413
67867
117683
70805
27861
25829
102134
138939
45602
111341
122003
136174
127556
67518
17867
93365
114397
110320
83159
22978
139790
120728
30378
108182
65480
21484
12353
49418
93716
111517
97212
121683
80629
55342
11887
66374
49203
11809
21034
45125
109679
102824
13296
49599
49068
103091
120855
99820
16812
106699
39606
7014
65515
125986
64205
61528
21537
40680
119176
114615
123478
96708
22359
78591
66980
76085
32089
52517
46852
77476
14242
67840
21411
19072
112162
23191
123437
91542
51183
36509
145517
26937
116595
140787
144229
78998
68407
106236
97938
70397
115775
102195
58618
61847
79121
95474
81274
64094
93448
68852
128324
37078
136638
76692
84213
28500
139416
95104
56279
141161
114990
125360
95331
9881
43964
68426
96769
30333
111658
29869
75698
63084
122094
27019
60951
72878
30516
13814
117656
6798
6215
54026
51792
30123
52802
61863
104007
20160
46464
68294
50556
129073
136124
101563
38312
93620
58850
39127
699
73528
18369
103784
60539
46188
63036
66103
70596
30980
2437
94366
119822
17436
14456
33070
12380
98796
15468
7739
40656
109534
144904
88180
13594
33786
87385
15202
20184
135912
124848
93649
99697
24084
8573
68328
5188
80048
123906
25611
119218
125879
74961
74545
41437
12394
126968
38668
17588
130855
28218
13475
31407
53209
44998
122313
45837
9963
61305
25298
25828
90813
90646
3891
21081
56197
27440
66100
120582
103918
80930
17429
12009
111430
85140
99782
35702
6881
137921
115606
73862
32644
128181
17879
142389
126352
76600
87445
99762
16959
93240
129908
30757
67371
18111
114102
33092
63887
42748
69839
74043
28458
49138
106112
51749
21167
89375
24724
76399
129489
98793
99385
84231
15900
148435
139003
65466
116129
67223
148509
62256
119070
36842
140491
104530
137724
87571
147466
50033
82948
121318
70953
47270
37934
34879
118974
51633
53284
132750
71406
139257
101512
88566
27019
40169
35512
126381
54113
144732
21849
25569
67284
123203
90014
134681
37477
108726
25359
28852
142527
71784
40207
16130
100385
104017
101135
112835
109468
121674
44500
100636
69837
108227
14187
112004
109080
71790
34890
81004
134438
139409
98019
20552
134160
89710
59374
34163
103660
139032
146262
120865
136944
135526
40987
43403
127654
28278
49830
15986
33131
7669
124422
137435
108979
1244
93444
65518
68376
87657
78092
55635
100058
10288
68505
94808
121830
41380
66685
88299
45818
147306
15742
140843
17293
113166
62509
147343
125159
124796
131060
17127
6861
29704
83325
21067
89136
9849
148296
25864
90156
50272
148808
101050
124031
69554
49948
55590
139309
73440
78215
29495
31647
77732
64230
35203
77669
102933
47969
106245
70338
75995
35374
127883
73134
88936
106124
88500
10736
145720
136716
131623
98746
146563
74674
72186
4685
33985
71995
133752
142593
120356
143673
57039
34826
29731
85770
141522
134839
18868
83381
89711
29337
43787
97471
94941
17501
35239
119759
46920
37996
139004
52668
61624
101866
31824
94079
25718
99364
8506
56370
43903
100594
118161
34511
9792
146901
92430
147401
40546
54182
130778
148023
119644
145646
105528
137047
122393
71317
143890
87650
132057
87060
117564
139588
133360
69354
111075
123478
48079
28235
47751
101599
50050
76168
58082
148845
128353
114855
91067
140877
129008
15711
109969
1385
91811
27002
41152
68180
26878
45386
5376
87054
59559
41199
74812
144513
124561
133607
125735
111757
25663
149543
81729
69360
92066
40730
128783
142145
44902
27942
23570
106466
142821
95375
141219
97835
37884
146485
73398
16374
108921
92489
136539
82192
130383
380
134042
41858
109619
129665
91735
146186
39455
110670
36518
49415
70494
21290
7113
136146
32452
124004
4255
148825
57065
118000
86123
91038
4729
37020
56452
54312
142913
65728
108418
133844
47813
88120
41129
108869
144268
113892
125778
62777
130987
57928
63982
62921
67667
100293
3355
131013
27335
55977
122087
26681
85384
41903
66751
74635
73650
67454
102819
4578
52813
43460
118949
50971
23750
48351
102227
61612
61665
104549
81189
141608
10596
67551
128279
39369
79301
98797
79339
134846
117124
84580
22132
115908
26100
4054
105232
3610
74520
64101
48317
13359
4421
146616
33159
102715
126894
123792
18081
119623
67376
33701
74787
65250
117724
77332
48788
71852
121458
146167
81986
99946
142969
17745
29175
43953
86286
84295
114331
35639
9844
126166
145148
25213
99011
9563
77883
130260
130238
5043
118193
144501
7619
57634
9830
86292
18151
97376
43559
42073
148670
39661
78418
59634
147362
138245
133669
88254
96581
137589
100661
39485
33502
28159
127411
57657
77617
66085
9665
43231
112052
133395
141847
138197
75816
108288
147060
74370
113176
128804
107048
84563
79840
133725
129691
32769
107333
48888
26082
28633
1406
100924
61216
43021
148667
114909
53368
69769
113893
19149
4528
71415
33000
135562
39968
93179
93268
31121
3231
37935
101881
23353
120576
58830
5562
55867
110446
115491
120981
48982
48190
90570
65813
28465
93329
67578
83092
16305
74857
98123
120937
149899
132876
80147
122946
100888
93832
52656
120701
129216
1311
14752
141963
74227
56783
12374
21940
102282
114434
70460
133445
50195
74258
94154
11406
26402
7311
116891
107489
46176
85636
98448
44638
80676
34304
149048
39681
15888
36053
115975
14892
30806
139120
23200
96237
53008
91830
52376
3762
77209
23608
114504
68720
408
24663
144072
4620
42259
98130
99384
61534
26346
12645
29136
68882
61204
97533
143898
138134
24901
74341
72379
113044
138088
69790
41241
146854
131717
148844
108452
145695
69963
113399
144448
40527
23371
77758
32392
97866
61933
86417
20793
68424
62638
147679
128520
43812
73770
52562
112761
64092
108179
14544
102454
113738
18401
41453
45623
47731
82558
63543
15031
29687
30364
99077
16862
144307
117079
145265
88858
82826
129209
40264
104363
37882
51856
83966
11541
111592
16674
103504
135820
10534
38782
80438
111531
5802
148062
74272
114216
5833
145795
15961
7700
111391
45364
98603
94615
70353
100934
144523
136747
41923
108637
37330
125512
140586
33628
42819
65598
901
41308
145791
139675
70681
110914
96217
21626
116390
142461
56832
116286
63910
57848
53584
10008
86902
149031
51209
89570
133475
3285
119010
85078
146156
55634
34422
95594
85122
41634
53164
77429
96034
116116
137468
37304
55586
120346
19058
103512
40744
109847
12833
101324
84244
29775
97425
44037
92229
135155
68830
99565
86283
144141
126281
133437
52481
58901
2136
138296
10366
27634
112332
100176
81111
16482
78558
120412
100371
119494
71769
44746
49373
141858
149787
81342
73681
120105
130639
125779
28274
93323
86056
107314
73577
145131
88596
28223
79498
129953
43935
93224
9544
71066
48358
113297
48762
146452
114534
148545
25815
35112
14189
129655
143511
29753
117921
92710
18219
15066
149451
39717
144570
29114
30056
8260
13992
92742
9041
41619
142630
46916
83972
104889
3484
119167
109327
148634
125081
96249
136476
101551
46754
98358
17797
98320
72940
15317
20943
71197
100612
121153
12226
125759
140669
54415
115650
141913
118706
80573
100972
60825
66482
65689
109003
67979
96442
43655
18577
99203
141381
20783
99382
18588
97665
99944
41290
263
140527
36245
127449
75140
57597
95422
125625
109558
25871
34711
117276
55024
88069
89032
136236
73552
138058
24399
9578
100439
6108
107250
134842
101658
107987
209
19654
78963
81544
86339
43626
68636
42019
141213
27685
80911
13934
107317
29292
64033
84534
133942
85504
22932
49086
25228
93690
130448
61269
73875
141208
72294
68130
81920
16392
139155
42262
30348
58263
81071
71916
117854
124113
83096
98724
98157
56499
126222
17178
132545
142495
84302
69099
59019
122480
132853
31436
136234
131197
9913
143782
48900
14096
143851
25854
128471
16089
117269
92148
121186
28681
102645
78324
123494
139024
107492
96250
52578
75538
100961
36977
35414
29468
37212
90972
32916
102647
73336
33889
22751
54257
130377
101576
84340
18771
72690
59192
27696
89471
31188
79069
29323
18685
23855
65763
57820
67156
50916
72027
111360
26702
104346
148516
23785
146636
55504
61079
81679
143699
66895
20915
62347
91023
105431
84161
148389
145912
11357
16892
142101
75112
28006
117206
106553
119963
18540
51011
144723
80282
87386
48767
129323
135850
140928
9602
138328
74609
110319
57873
102207
130089
30302
130434
23754
147074
61497
77562
10594
139751
134273
6140
148336
135967
43506
93317
15661
92411
93170
109205
102896
24169
149973
115044
25350
56328
122904
135641
18040
44671
28424
74616
101606
71775
39249
127701
63067
97735
99309
43181
128727
98954
68223
10239
39173
19628
61255
137281
48077
62479
91398
85799
93050
39853
78933
65585
77664
146477
33428
147957
125878
104668
28971
79067
21415
41877
2728
61176
78483
27461
19485
99091
88670
58346
84101
70579
48658
61260
66418
7329
49341
9633
98765
126309
105846
132751
50953
143234
110150
76887
90162
26031
120681
27265
128320
44425
83851
112254
31055
43558
102822
20242
193
39684
2457
142489
74397
78917
97537
116627
148917
138880
84122
56339
45515
91456
61982
21254
73897
23765
40864
139416
147788
26099
22610
144908
100414
95699
42674
20911
18808
20810
11376
137159
33780
121158
8998
112351
57235
3673
46954
5206
96224
131057
48247
129923
68642
33117
105328
8920
129170
49801
35410
147553
43311
91500
68725
141446
5361
55745
19769
81076
13658
144444
145979
131261
23389
102099
96844
108758
120112
123888
28365
26655
99791
80719
68095
115580
36564
29449
26324
128282
149503
112705
102200
136117
86232
113087
73102
143344
144436
100543
81056
81121
39787
101824
110262
99938
146523
65510
116988
57799
88313
9490
113209
116816
70903
4829
78848
11001
46246
85026
96568
22347
113629
66275
89698
101462
50222
83529
77366
61330
20589
610
69775
21461
74830
7701
96337
26043
134000
109427
98910
93936
26541
13729
45280
67119
37724
34862
17028
90050
136621
98619
55644
71815
143216
27972
6467
45766
649
54483
16103
44905
88949
113237
149729
102650
28569
117094
105853
140237
18610
44792
76678
149133
55374
11211
104207
118723
146176
14355
145444
102469
82656
38755
141310
77983
87275
91835
99735
69462
73693
61741
122711
99058
74007
45730
66011
118600
82403
143953
114037
63157
111091
72049
24128
8939
128829
119094
94327
56903
61743
126064
134341
102023
43189
130077
95501
14522
22245
141641
95934
76730
87932
91285
96959
135897
36216
48359
126824
117554
43073
19726
29559
44350
1789
38822
102224
37880
94513
92799
116540
139869
27631
44083
61751
87891
130901
119945
66356
104460
149516
100901
7251
110956
91465
94641
131353
93068
14107
89506
137622
3777
138046
57310
61152
126902
82106
91053
130578
27669
87053
129608
107891
106052
4088
72839
110573
13518
131529
145787
9707
13625
1203
34843
57389
113972
78128
94296
94983
42784
36367
28530
124957
130776
29242
92741
46077
112765
125401
14435
2088
40820
122962
13665
27982
3767
11964
147294
57770
48290
71742
17926
117131
563
8122
31655
148932
141141
26102
137168
134762
113396
127216
76711
141598
94124
8751
61166
119243
40191
6142
17969
77796
68044
71177
17350
138006
97121
26092
25111
36632
34008
141054
6539
91648
142273
117739
122955
136091
64222
30279
143243
67031
8448
25538
12253
113657
93138
29330
101181
73879
88646
88926
39529
4126
74178
144571
113724
96773
133858
52183
125798
90136
118392
47947
29644
32160
104174
148727
69770
97355
147307
94726
1996
134918
98269
70637
31522
60917
49175
112560
79109
44965
79542
21816
94226
56642
61465
92653
14629
104843
72308
141785
102499
133208
27926
120384
124611
67477
36946
120645
22426
129477
127065
13330
92452
110673
38828
40180
2929
14708
95327
116013
19807
7246
122690
89584
51450
130518
87074
56915
102108
13348
90945
83988
110683
64192
95859
101120
125148
59940
123350
37706
80254
26483
113014
107979
6503
142728
85672
111913
115018
136863
20067
109880
61372
34316
110202
59754
36306
75566
84403
134067
91303
61142
32735
143791
142638
12435
117436
140089
139584
89739
99671
3110
114762
52572
20538
23677
74825
72868
44188
129335
5083
44964
120160
85462
89652
73204
88803
134175
136070
94173
30797
73616
52406
55110
142899
79894
70146
35362
88538
44468
97478
89096
11104
135718
36201
119605
61011
62958
114975
121879
3310
11473
149848
42457
143398
59643
96810
85814
95916
29041
129639
15406
119243
116345
77968
139884
86177
90955
55956
47443
91477
78143
120372
95442
115510
26720
100845
149402
89866
78902
123527
126449
126418
81623
89967
105637
89603
141458
117535
49072
115365
111335
47286
37046
120714
26
125287
5374
14865
139486
108993
76395
24883
98804
17105
80675
88095
112612
61219
111451
59886
123708
44340
67199
34206
131405
92907
22802
77097
96604
13744
96182
129750
124098
77457
10744
77971
106216
8725
117890
55489
134920
31641
107336
4005
67536
94927
82160
122564
120309
29244
93184
140232
89164
1417
29949
106541
127228
37674
45946
114680
93759
86063
65377
146508
38551
4189
42351
10574
14467
20527
63663
71780
35647
101541
14303
38698
137339
54931
11346
82879
17988
102617
26163
133680
96053
58821
122556
99561
37818
79858
7327
147189
55981
91373
117527
22655
118573
129233
132163
78983
126676
128980
16520
51494
117095
85493
126024
122465
27487
141811
83272
21896
1938
8165
87086
17842
14873
1525
12610
123161
36375
128029
9267
66589
20587
144030
7022
114484
2371
76452
121390
13707
11016
55437
131197
59311
57247
68289
89561
124364
92349
142271
65268
70092
69115
39772
140241
124702
40461
117698
79657
24284
143369
19019
142464
64314
134571
104955
144661
113466
52951
138523
116067
32754
106141
66132
5694
147847
113203
103509
146679
136680
88096
26487
140043
115772
94378
34065
142435
123625
58441
147671
74271
27397
18695
80777
2796
94145
80430
5749
90315
41947
147439
131598
30112
29006
969
134085
107467
107235
66557
109068
147453
3894
29696
86209
87694
3466
7729
36854
147921
94620
85830
113429
142301
732
109211
32871
57108
123508
101621
33750
25908
32215
47834
72567
139104
81003
47184
55701
129081
59096
121723
35462
73379
1173
95776
115075
109371
84313
136577
17632
41072
144076
80081
122446
80687
99770
23397
137525
128180
98243
30557
149337
68417
85334
115215
102037
70257
88860
31624
147571
106283
34427
77204
133654
73961
32155
9322
135463
64930
60749
26807
113879
104233
1389
98185
31366
130838
142708
61881
132330
128992
57259
43213
85188
2480
144187
34111
18341
32915
11620
61215
122458
47095
117684
121873
135305
25869
86183
98186
828
10874
48493
38646
51048
62298
118987
124810
29938
6031
115050
95766
67744
89129
47694
58448
46250
95903
57081
19253
116490
37032
101424
73649
35873
42742
65572
21040
91270
55402
67035
127268
9920
25024
25223
29002
87514
134029
65975
39082
70768
12010
13166
13987
129438
9915
76509
23392
108656
75690
106285
124596
90502
125381
110898
915
77636
54028
137262
18527
46132
36917
139413
57114
111465
52464
21744
25773
143535
134224
66893
4413
82225
68843
15028
6672
40978
48209
139402
108283
62495
13244
125459
98178
88953
122553
110778
98942
9754
125327
21123
132909
49226
41231
73479
97936
59609
101279
117143
98426
58238
148207
83304
70999
61581
130120
134759
41265
61754
146885
17737
27125
72900
148809
119806
121983
66952
38203
97053
144335
64587
128004
60038
101159
21914
72179
2825
141574
84598
101555
51232
69282
29167
147539
68575
76849
36399
29178
146551
87368
24860
120976
67700
45076
82482
56887
80683
99361
91103
122250
26004
91346
5369
142877
93192
83360
149947
28403
1775
65874
43878
86109
38397
47456
56270
110864
105083
126473
42951
36646
92691
113341
104377
15853
131248
81020
123169
91424
28142
88135
67537
33022
35864
64061
149606
56137
133023
84003
123111
140080
6114
119027
30030
38601
26593
45483
80626
47103
75671
113020
130058
1746
142991
114081
119636
6820
67542
66788
34774
72052
66913
127080
70523
103675
7397
97113
88248
3149
23552
80919
135616
44527
19289
108173
84361
13684
98681
120725
2492
105718
8738
135605
109727
101902
98305
3624
14230
28043
15376
87305
3712
87089
30685
130173
50715
144099
135106
26965
65095
16806
91610
142236
137969
132267
19546
47018
58110
40308
22047
143863
18914
97645
18958
22831
60809
125815
119883
25918
50140
99069
112450
90630
134830
87468
94947
61875
7788
91924
97278
34107
40144
146689
111502
37973
83149
89258
104521
137842
24011
73428
108853
45733
48883
144082
88165
70979
22045
107846
123635
109168
29433
47053
48532
63162
25449
67888
116699
140010
29757
17520
131925
40038
103875
133586
138178
28210
110345
133598
123756
3308
37565
129328
133307
111732
107414
49219
145579
22873
100500
5591
12132
23616
24212
6193
133477
130966
136779
110668
71084
9703
131378
17684
23132
148109
38928
79060
332
8533
112059
126261
20129
98086
76553
4712
18368
63889
52361
114584
119055
24002
64925
96667
64208
16231
76526
130580
110037
120851
112372
90083
52336
17349
7677
3448
104411
95704
50823
44303
105928
28502
136477
24602
33314
126923
77200
124775
49252
11256
20199
44249
126372
134227
21421
137318
60320
28580
93142
85435
24916
144837
136527
14387
24529
111994
144514
17593
116364
108379
32089
89621
85177
40636
141901
74565
20138
79809
5140
122716
42802
73738
133315
119204
17837
114722
64279
11894
141531
69501
114388
125434
30772
115809
149146
149383
51157
91732
105711
28566
114013
7239
35493
44056
111863
35548
10047
25559
91904
27472
83831
106770
41175
128037
140025
144060
46775
59157
127476
110015
125211
75975
91116
145229
149053
34537
145002
112524
95790
55254
56512
111930
103546
140680
42088
45494
70199
21315
15376
28880
140670
143270
19759
134760
101535
57934
59580
46241
125160
127926
64843
90513
80494
138790
96684
98135
106377
85455
115311
31364
127630
87757
1500
26820
122368
129780
149655
78511
77902
30621
70100
99469
25645
145884
79357
136106
24616
128592
39496
67503
127886
128126
106335
131647
31602
103919
92056
30901
66800
96250
24990
75828
69860
112579
107369
94187
124879
47684
5357
103634
113692
122114
21700
93804
100053
83684
81846
125249
147422
13452
80199
114995
31268
147639
47807
94221
70963
95550
7339
70608
109442
65906
139605
102147
106769
95010
99496
64866
74056
3789
108447
120498
12522
35295
42452
5887
65239
131680
66499
42649
56867
88228
44606
75783
72223
24283
138477
109229
46312
91442
107287
22081
133988
103045
3721
103383
70054
89423
96164
42537
76737
19929
91817
130194
82454
118123
41144
98758
132464
104330
18506
77454
1227
74776
106961
124716
52733
20460
20813
11089
149014
96232
86653
127374
69431
101299
84473
113279
120250
87683
103248
107949
81325
119105
5247
127117
44976
51358
71074
103246
102753
112930
70678
2586
28215
96747
92224
86539
66029
56871
69941
99881
84559
51070
72389
106548
100343
37338
20077
110837
91996
124616
19705
76441
60575
31062
86593
145388
112103
70978
51947
52852
21000
95356
41033
76957
7740
130641
29042
37660
15596
103625
16414
14955
60072
129672
101614
124013
90891
46199
100986
112554
97613
39618
45741
11451
114337
40498
74445
131479
95237
148655
53459
25318
41816
101686
40770
140816
122220
10046
75791
77399
38187
18515
96481
7460
16314
141589
85546
129569
87980
145404
53901
90302
141627
134186
89944
141043
109891
117871
25295
106250
141515
25059
149885
58284
57742
9987
129583
78137
17278
122844
144267
21640
78992
138508
44120
104998
93282
119236
138280
142012
115136
112674
38743
68444
109509
84631
147861
131102
117838
136305
64458
58713
81348
22644
109806
100316
135398
40104
43148
119402
107583
88184
116593
98880
130262
27409
122561
2500
144599
78570
55530
62929
3009
107534
8969
136668
104580
82365
74182
8631
68260
41013
32999
95836
19785
119046
91734
129743
60495
40732
35764
30561
44853
107302
117810
1912
126692
137124
147863
24652
60530
109320
132617
41720
70592
6600
29115
31712
61615
94657
1033
1843
104895
80222
48811
134107
25293
127141
112738
55603
56168
59819
124757
36669
145615
105336
149154
67092
39757
94764
20924
88334
100078
799
1738
69167
43477
20017
7738
115595
109373
63499
138289
44867
7265
95828
57628
42146
110958
37086
55658
19106
53207
1027
99498
13519
138147
26463
4389
2186
20984
123094
149342
73834
64606
35112
43890
110532
147629
4137
117436
117399
108030
34607
92863
124046
79720
141536
20677
94128
29124
63793
124156
111168
75742
80782
96277
128089
57462
22521
24101
20312
125589
72791
82690
20995
15184
128722
126715
104533
111877
143240
95587
82777
94454
75950
131691
149528
82136
53902
108540
89067
114224
74615
120532
3522
34558
90146
14718
59228
114129
105703
14979
133234
34041
71146
146242
105248
137089
15211
45677
31745
1500
48458
99733
22659
134278
35282
8647
51839
89780
70473
19969
1426
110672
136023
78295
130179
106014
53834
137191
82884
13553
23086
86511
90853
47846
30942
7623
72076
98347
113602
60945
56986
58083
61369
15614
149525
54247
4828
46380
133568
65247
28575
26298
59565
149124
30983
19052
21472
138879
67849
20797
118762
82666
29055
120332
61976
97554
134744
141080
100865
132763
61934
111609
81149
19750
49702
18056
108242
66303
14925
60848
101427
80766
146947
46829
82229
12770
19894
38679
85043
147424
132461
52853
72416
84621
47465
31517
125766
53823
541
138648
56611
110965
76143
104657
141894
22882
33773
111018
69021
72307
111984
104604
61893
148159
101476
88168
20473
134781
148104
113980
7374
23969
27307
12635
92731
55655
74367
39918
39859
29710
49040
125780
12359
21339
98985
119625
116412
133948
92746
42867
115740
10154
103520
132450
36380
35476
118390
28871
69180
15865
147983
102578
12419
74710
42659
116168
123022
86718
18396
106302
49462
123199
107688
29698
6967
60518
134948
23581
1015
94431
714
123217
14579
133446
41093
559
120824
144494
35101
146282
92536
129689
3822
121654
3191
33963
83364
144411
73712
88173
91799
140140
92570
21999
36109
87008
93811
59971
112439
81658
100539
19129
7928
14779
47897
71536
132611
4365
124480
23263
22343
76062
6562
43065
60977
641
80394
99073
39470
149674
80155
80940
135404
100695
47466
66773
84566
43891
96870
27562
121486
33321
115011
41336
35731
82444
105852
77575
86964
37093
93077
82716
116524
12597
93766
27758
139199
10528
15318
119265
84630
94690
146724
63051
43980
81001
73863
90296
124730
71576
103218
92153
84982
76391
39547
99900
91956
128190
1962
40486
21418
147990
101075
75956
33810
96750
98756
73735
123109
38585
99508
29941
76710
110317
2021
107472
80495
132245
110227
31948
123469
113042
38809
30447
54733
117425
4367
46507
53101
54745
106893
109204
113501
67383
23379
122301
34804
123815
44060
48392
136324
100432
100069
99771
29057
73852
64967
51234
22758
67128
110412
5735
79846
40727
95511
86983
59912
1046
69681
44548
118862
95799
71209
79022
88028
67635
123969
23512
40468
123862
76739
107218
60869
144411
34630
138228
3673
51946
107319
19507
88243
39643
70490
16774
37673
1268
110327
12387
16407
1229
14002
144892
135841
43297
100379
43879
23204
3011
89329
91519
111076
38392
85550
56910
28957
134224
113365
115945
104099
114640
128885
94778
49044
74035
133101
77190
141610
86626
22791
81922
20974
85745
115053
134801
115087
26704
9590
48653
94252
8757
147940
141851
4652
94737
146310
61326
16290
135743
23615
146752
107493
35115
110267
111645
71609
129317
43313
134553
38881
53705
148163
149404
117316
126011
36244
89925
19182
149243
149037
42491
44022
34588
79771
146632
73826
12020
32653
65701
143818
63510
21820
20530
149416
117203
51332
93010
123280
133601
123562
30158
59935
63581
9405
57840
99762
127110
30969
25417
75454
5566
90579
41301
131093
78860
144998
139200
98568
21216
114697
37869
93530
109013
103160
66785
115685
20446
38929
128105
63097
10231
56524
57520
6906
44907
91736
52710
83017
38186
143021
145447
67955
37473
76420
109356
91428
75165
118773
112961
141055
31614
63392
70917
11124
1522
43111
32703
147785
31290
21211
63794
92332
16544
27035
18599
1386
64332
15741
82202
129350
23205
89576
67061
94702
6508
9848
8446
41429
34869
102397
55459
112938
80621
127224
114904
9312
123370
64180
69499
117272
136254
124193
107642
148038
134417
77738
146348
63014
116759
126671
50598
147832
68502
96943
143289
27162
68564
89019
138625
5047
2496
40894
60736
132563
101038
140897
45709
6148
26157
118348
24872
67565
21218
19970
8931
92496
30169
43252
5348
128234
10883
9547
67771
77326
145697
34775
32909
119816
4855
15788
94014
130108
73413
81183
117907
94950
73417
75464
108390
101430
144471
144823
132541
109503
40226
140504
116883
104570
45004
145885
75264
136726
69505
99120
129985
133
105175
7511
101554
11515
132638
85074
28441
74353
141886
23784
32844
4264
35789
39818
116482
74083
25011
61449
102719
137986
130164
39595
90773
84781
72842
135428
57249
418
51181
130578
48507
113618
43933
15551
55604
57668
5546
47842
27176
83503
42371
79176
93363
89350
47971
99714
47232
43167
104655
49757
80649
6024
135563
1195
639
70806
139030
61100
124510
73901
22571
47369
21833
29100
51561
127571
135677
59714
47260
98461
119165
63891
107727
94705
18716
68906
117215
24298
42008
25480
9920
39429
123575
139071
78797
116910
99600
41881
30245
101465
15461
8158
114805
129129
143317
17087
53234
46544
11593
39415
29068
99997
107364
123585
68037
71987
88875
68384
140441
89499
108531
91987
95122
39211
93913
61704
17056
89935
102565
77030
14912
54444
134143
11250
2053
83913
8497
13415
140893
85843
9034
147889
30319
47957
81991
90903
3439
3973
102917
76360
128483
55930
109467
114665
73634
86249
37932
147558
134569
75830
143540
115938
31005
59413
115831
52719
80112
54537
102456
6888
87648
63801
132638
10363
39103
112089
65340
117065
21508
142739
110462
10265
76509
21110
34819
79851
145974
105625
19324
116603
16287
65521
99895
15862
34468
25233
125254
80512
132425
70472
25653
29976
140271
147515
24672
103000
130477
29379
93455
68913
53153
4222
44033
114610
143604
12387
122557
96059
53748
110361
35843
127245
116905
83145
70555
66477
98108
21365
86036
91352
127500
100271
43450
80422
28015
214
72851
8552
123067
33238
43678
39130
52151
16525
3622
130345
138264
111518
30490
33812
4117
39936
82097
91632
81940
126220
8134
40228
128565
48873
79404
132081
9551
130870
9742
114894
27208
105459
106097
94145
121373
62133
48118
16829
105765
137271
96904
20705
55264
63074
117714
25615
47809
8474
131091
56779
88136
117356
138447
113411
78201
143165
84561
73123
118697
81982
30265
36958
141462
43871
101141
61725
90472
31203
29493
148842
979
60759
37160
51875
61976
95071
82857
147952
33925
134593
79424
98809
37873
66138
47756
36332
84613
65096
109688
51454
133713
72529
148714
138803
52106
21417
59997
127655
31895
20311
116303
25830
124297
118642
43614
69732
23310
212
142960
140388
76208
37635
5680
44658
119974
78608
74936
102699
120940
123145
34874
75063
73847
99647
48959
72537
42948
19828
36609
25966
96709
39431
97548
11089
74607
21434
70871
9059
32800
21434
66578
113467
107411
110216
7968
146871
91200
2126
19880
9080
139590
54166
91590
36681
86782
109073
39655
32505
89320
27022
4035
102689
66548
97787
10284
45835
120569
81922
62705
12822
85360
10869
50703
72955
111093
35288
37246
74090
50934
41802
78668
59129
42413
89755
130788
66399
28071
79232
5587
17174
94635
126399
120889
104574
90391
55973
54490
17559
29471
142560
5814
86505
126911
7052
105633
84129
92942
17818
52828
105516
128623
107398
2138
98164
38623
96821
10105
145661
33286
3139
26914
114022
6940
54541
137320
107931
100403
109014
123365
18016
52102
1821
80128
85013
23586
38330
43828
143970
64482
9349
86628
110077
122569
14367
78250
130999
51321
78704
248
53929
38915
46463
35421
43942
46508
13907
138746
139034
14092
122833
69684
56538
105880
138881
55160
90843
123970
113804
58524
90958
87264
71609
91130
57975
111055
92094
32539
133462
120553
56429
88908
63959
119677
25714
118840
83136
124863
4557
90539
126364
34588
130149
104516
128465
16740
41327
28925
45
12801
142239
56124
14447
120293
112851
104194
22278
72229
101518
43723
106507
58001
30308
53736
93075
81608
141830
14784
91180
146237
22217
38411
100079
101126
3995
16033
114699
82859
65127
130325
61230
66001
131617
95145
43350
22485
76136
13828
17058
77608
128849
46117
43336
100123
105211
94178
112815
135505
12270
9359
39391
35308
87719
64937
123798
144038
50290
94141
30453
72029
76813
49161
116165
85764
111275
140797
37489
113420
27156
26250
146370
92486
62989
22597
21429
17611
46969
83111
42985
22825
19907
70670
148760
92316
66232
72603
39408
146866
129814
148190
31663
105841
8316
67555
18279
129068
129535
18758
91436
82325
127949
64275
51879
87828
92255
24949
39768
33903
145719
74149
93671
95339
40098
14064
125886
112251
111623
46691
121026
147585
69082
54755
142521
42358
99996
84463
57353
69483
69375
87922
141301
74613
42715
62472
126438
63337
104904
108915
112774
47106
861
70757
143583
127675
53690
25651
103408
68047
77854
88189
50148
13411
109533
33001
78217
117701
84184
143723
17204
13206
118516
21457
92435
92774
24805
77480
97152
109848
141464
25304
52430
45692
120573
123354
104634
105773
119804
18546
143080
141177
26507
108259
1342
92145
108378
90066
97352
11555
93574
138325
134827
128355
34205
129917
146368
2499
108238
23370
123498
13607
57038
18837
115295
118811
17470
111460
120895
45876
128045
143448
12537
66192
111743
46450
139277
20792
126831
105780
127806
50280
71271
19894
6119
85704
129891
130021
146085
144441
62141
35778
68255
51544
137212
65790
80096
126887
6087
21751
137783
129112
79937
131409
78550
125941
66268
44928
125689
86637
31041
5113
24705
16757
41879
11738
147370
78228
23096
148407
53317
14318
8059
91264
58657
88082
76026
128944
97573
79813
27061
112468
64935
96153
13656
43714
109301
67327
46829
101567
86205
78469
26696
76784
110515
101735
2420
54033
101822
29746
62807
1826
51959
148773
135807
61377
116601
82992
140325
112302
61353
137744
28984
59456
15750
3828
40889
9431
115836
22549
80257
119914
20310
81237
17134
39611
140445
78905
24364
38392
126551
708
16782
63711
88915
113058
134835
3004
26384
147150
89536
10195
119889
130962
33951
93289
29416
68040
146164
126621
90603
130834
115167
130200
104243
63936
11285
93639
98537
48414
11870
111612
39224
72030
32448
135989
146712
72053
53163
88028
133325
86345
36957
121027
3074
7605
137797
115480
137166
2068
26066
28146
41529
35625
93063
126723
32137
131551
97319
76163
148830
142658
42760
12929
141519
37035
42667
75856
1230
107610
77050
94909
13643
143347
88344
30573
106266
146123
41299
121064
48791
103323
136788
43598
68468
22230
126435
29473
4082
124930
91966
68646
4448
32030
13902
43042
135486
84526
83475
83025
139060
21453
148168
15972
38052
68491
47336
38922
121741
90160
101745
56454
122293
125302
124809
44177
97339
12426
122532
134505
26524
134342
84375
4608
132645
111054
19935
76072
84181
90301
53437
9460
50453
108285
84892
146089
148306
126538
38415
123242
23889
127831
45159
1859
73266
148964
28267
108849
75222
27510
125040
46031
28511
98195
17434
50892
24392
691
131952
65911
97387
108595
74976
105988
14755
9727
27695
26833
149532
69863
11128
112943
85150
13173
37684
53355
128702
102377
96374
124328
44989
25557
38994
115205
118636
96278
68777
90251
32923
28933
59035
68802
30086
132169
101317
73048
109019
105947
28433
4778
90051
91340
26643
53848
68522
21641
51894
28783
60121
129378
115597
19610
124161
132942
100313
71123
4936
135074
15397
116790
110508
39781
78488
76267
1866
61959
67607
43967
63211
23846
127634
71105
37353
105105
1431
54234
137990
18246
138928
40309
124525
30603
74843
55221
148162
29097
109444
140854
60218
23063
109403
96725
65207
1995
71925
42122
94090
126056
123775
117083
52050
109334
64176
67654
82857
112570
110970
72728
118500
143569
98546
19439
68984
113573
119366
61102
6602
53127
123693
144476
7789
23356
121344
4613
144616
90654
23912
141282
108397
119978
142332
50298
126246
83053
87764
114340
1363
75285
138065
69521
1599
58336
72142
68242
42132
142498
117406
89729
10899
74780
86065
86657
30050
31294
62689
139138
46848
34175
139077
952
32444
126531
12668
129289
134305
134717
146971
58169
45284
93656
18167
58142
130967
135330
111189
86247
73788
85796
2307
458
26356
32585
76721
126383
87359
53939
47004
109771
45596
100859
4288
107972
39363
1131
66929
131392
124696
71723
23232
719
104922
85829
8768
34985
64400
24211
28550
132657
140045
31783
112640
34165
83600
102395
111575
370
133565
32250
132405
123287
113979
23327
25413
78274
134250
123480
30894
32620
74977
37617
43085
95784
120116
59097
144368
87135
39719
73691
46891
24935
40918
77980
97699
94674
106624
91185
80632
74921
6650
33705
52944
24532
140974
20447
24705
66020
15707
60779
110809
145997
3581
91392
140432
131995
81269
54672
86417
141485
23362
32079
110800
76585
141269
84388
3434
42776
115697
57428
136706
8968
75817
70510
6395
119701
99436
68232
17652
58726
4864
47231
129781
58635
33156
109059
63495
127711
68456
91208
66476
77765
65094
138670
65092
42318
90373
148982
30222
32190
8761
19548
132220
53538
83301
95299
37945
66953
83311
70144
164
133232
131309
68999
93275
73116
35131
100042
81864
58797
103994
5867
87981
134425
67191
36965
12890
130762
72778
115099
57058
128859
89628
85217
128754
145819
5939
57115
67665
76987
28335
88438
42723
69786
39252
14804
17598
116828
93308
133992
148555
2317
100844
86929
80477
91075
90490
86502
58710
35331
135414
7940
33528
1766
97574
123705
90971
137895
22428
18630
39119
142648
57279
101321
101292
52465
43152
20338
96534
107482
140013
149677
132428
47695
149520
87719
29145
105505
46770
126169
38263
28302
114447
91187
48301
2474
48534
67019
126620
149374
83766
67635
100939
42922
139069
114492
77726
71820
42215
91117
394
18763
10431
36390
73922
55735
38122
123859
86945
117332
126869
90911
15325
24941
17316
112776
11179
202
97308
107722
68732
32580
58753
108871
16549
30734
118669
108769
121565
77888
41739
71188
7529
29607
119330
20445
20094
47143
19075
52679
120731
113581
19024
40078
149268
54685
144553
23065
111590
77612
64807
22313
124253
83536
36330
90422
147810
55538
129549
120034
127846
121341
36749
41800
84612
48935
133057
66121
3096
30181
118891
144920
148375
25401
31153
144592
145004
131824
45789
27492
137301
90625
88091
116006
40866
56278
146437
128174
28485
22349
24232
95161
14063
119686
19205
32664
85571
77801
6289
65626
66989
88012
36060
54536
111069
30629
32764
39738
81050
136289
62779
94804
124953
41073
101598
133723
69288
144456
23838
35934
137762
33769
34458
134856
90687
120219
111540
113197
97791
98951
103866
85141
67560
100213
21596
113019
66211
28934
131624
135825
62504
145886
56184
36121
55040
138612
100207
125327
1976
143961
23048
93930
12296
89483
105377
68910
3084
42709
31689
12488
19954
109062
30295
2766
66750
120258
97166
125346
141614
17373
113133
136862
114513
11462
118978
56214
107620
58935
63086
98982
14754
94470
31808
102448
36850
60506
30747
89381
141743
147212
47268
111552
45731
129270
16928
81906
55741
92707
137785
55269
27547
13247
100777
123929
135507
118878
101399
83791
79659
118078
126038
97055
61742
51356
59621
59357
26989
35291
28706
74231
83682
29138
95932
34710
102409
21942
77277
137117
34865
53403
83971
7396
114075
133786
74378
91132
58570
8148
45337
13641
3237
28203
68885
40989
33332
76734
138647
77335
15174
129009
83028
4814
64544
129829
120995
1149
77407
38056
101669
104991
149578
128452
63607
74085
78982
87822
60775
91218
16527
113235
15497
116218
69108
40724
128265
40214
103011
45764
32949
132600
21379
108923
134302
85034
44628
137885
144070
141834
127197
22467
4287
50951
74497
82363
111996
10135
57318
90946
17706
120504
105639
43927
95805
91760
80125
148557
108945
115733
123171
92744
33051
37000
89769
6144
27414
82562
73165
54925
115321
26300
73337
58603
81916
14871
55747
139761
14436
76748
34113
146824
71174
9239
60197
37047
35200
145582
112003
15454
21191
33225
12400
58164
78421
67261
70121
57757
53015
140275
89488
25216
3386
57590
21137
79081
32183
96377
147222
51636
35596
131031
6671
85231
118157
47123
78263
46907
51511
93832
105993
143205
43915
105919
99706
4263
55416
69765
137965
24435
141272
137869
38351
85639
49257
61242
9110
3474
87655
11730
11510
97351
61476
4152
58777
136022
94253
49009
70586
43951
135471
84508
16024
14269
90660
11815
84296
116448
104993
3388
106934
140618
130441
44068
90310
81552
14870
74763
46266
118335
80103
49875
61852
76364
143011
61878
34942
88921
2287
69274
138643
140104
88400
51275
128787
139522
71984
52484
86925
55821
114228
36571
66859
80084
120013
14760
140879
109738
148122
92233
2905
26365
38835
71570
20230
66058
70495
23403
114591
118265
133578
147627
114296
25556
135488
112927
112763
146689
30908
140743
126317
128379
95830
77490
117799
139864
72267
111431
148712
11137
58294
68114
60018
136772
27950
119524
62632
148679
42803
82995
114531
44834
84845
76703
42181
73942
3666
79450
45682
113568
106956
93412
70675
90993
22099
31382
78495
100208
60714
57032
12986
20064
135867
87995
67678
103936
120941
57717
69802
15099
98333
18177
94986
8447
135708
41811
48137
37450
146834
149837
73868
131913
133579
58192
140384
147627
98970
109830
139616
20899
59162
104135
87196
128284
57927
146313
49679
41890
129318
135920
63733
33899
29965
118158
34242
88691
112489
90413
99369
74659
116679
18752
12784
24061
14595
59853
107303
69435
94121
148726
99932
27247
29974
135309
56115
147962
78612
72427
76084
77640
54192
131377
22656
28635
78267
43469
74240
135542
97037
108128
114871
70605
82435
68915
4296
58699
73533
88758
97623
98247
2677
134190
16978
90841
117983
115638
108767
3196
2499
59932
102028
96479
88434
2089
88442
121251
91478
130781
7796
32322
76791
47296
13047
82204
79519
141893
114740
115643
102464
135841
41531
143855
91282
140755
138650
10235
106928
46103
28054
60542
5158
116320
139212
96339
24641
16340
117071
83692
98790
90623
86989
53324
51938
97962
116847
12240
136620
27838
107804
60787
99810
83432
65593
51336
24858
115921
106997
138513
146959
59270
116750
46175
46630
73246
130024
51037
49339
85618
102435
95935
143815
71505
2410
62483
6984
52434
109127
82259
99393
25748
8867
5480
81022
102974
89128
2708
113729
112904
37268
60520
81080
85072
18744
11948
143928
70630
8683
112120
70107
66492
57283
69130
113195
29780
135580
39083
132731
100894
38681
66094
80966
21040
31405
78625
84045
137961
125168
30954
47076
116071
117830
70843
60296
1062
60033
16417
96512
84060
83673
16082
61628
2696
122677
21242
89480
135094
133893
47481
130562
124977
20900
94531
88202
8740
6709
132403
10911
60250
11899
42128
109704
85947
96086
104122
53926
28974
128995
144227
45874
103548
1122
126143
92265
133567
145426
70609
123683
104630
20908
43749
14198
94048
70333
12715
101016
37472
24537
87013
131182
59139
118465
65791
78749
118018
40370
135517
52833
100929
142358
23033
10966
43391
24791
36001
128430
91329
128530
109436
18890
125044
29720
42492
77945
41369
111314
59813
8749
10135
94400
23868
19778
12392
88142
53578
40669
2596
25426
142029
28573
1871
79215
120328
125610
92068
133269
43200
124458
21650
64824
41864
70602
37825
139637
41697
148953
5691
30639
3233
3709
37710
78341
92404
99195
85510
29193
58246
36648
7875
17950
98544
146457
35022
55861
95370
115297
16126
75977
70293
93176
113825
100116
11760
110199
27555
2308
111402
35409
90471
138952
72847
58408
20096
102736
142505
3967
84800
95548
107507
79252
102371
22632
128694
80241
71613
48706
115885
122603
142738
17041
50863
126204
37669
30941
36391
121800
64296
92629
7548
114597
67662
66677
8465
94695
83437
55948
26872
12982
134825
7652
82983
31857
19185
119308
73082
121638
102621
78391
123338
144296
23355
44465
105313
67774
105896
142481
12050
12346
94435
53000
138176
108033
31604
49693
131554
92425
133687
31996
65638
100449
62901
105473
19863
5677
109361
126289
26661
21202
99526
3911
20135
104280
126891
116534
29155
123992
68713
92286
75542
73795
116620
109803
43084
31840
149896
148036
36582
74810
131170
29482
94919
32761
9712
86363
145161
98655
116739
3962
55377
37441
94926
96757
31467
144364
17832
42778
40666
125174
77033
132316
146854
17700
92689
84856
54410
95159
21848
32858
59389
47917
143971
41099
132318
71412
111640
85573
38268
32296
139269
128006
92247
84762
12747
87418
22688
9287
131404
119614
76463
137095
35761
49904
61583
112940
97669
139248
29037
118427
129497
127533
90926
18966
79453
41029
101004
34991
143579
28222
71485
105067
33571
106693
136830
67901
19972
131828
129177
48848
58842
22205
72472
135840
136504
37343
103375
139861
31563
11421
79658
145760
105276
134667
120467
43631
139111
73020
4109
21467
82027
139737
20790
94617
142357
7072
62229
78349
22407
32722
4302
88209
22298
124561
37397
31923
143550
5716
123647
116438
79849
105992
24711
129590
80075
124317
114544
44512
2396
127475
50468
107070
127281
79808
5846
125912
22915
9507
56249
122667
119211
116689
76935
106989
44398
71176
1164
67071
115017
114289
64456
59722
25836
143233
82073
58796
149706
5630
40470
127088
133173
133203
105886
105207
38117
75185
70426
120532
83102
81415
122064
101258
87058
24025
5546
106890
34398
37340
64286
82993
83876
2174
109428
1348
15092
51616
126849
144617
84457
48142
89177
42119
76758
15618
65784
30654
46758
101435
16926
130152
103037
41238
74315
138814
144763
53080
122616
126893
81568
61897
48948
104903
123554
29481
38192
60268
5268
139065
797
115049
92581
85998
31354
109299
38330
136897
68053
148729
93624
34954
92281
46790
61147
46382
5246
10914
49803
27066
82464
40451
72148
148946
108235
133708
95960
15292
133339
2975
136262
53805
66652
131095
128176
141457
63607
67196
95298
134739
57760
79764
91050
17500
385
22527
120470
100372
58270
70452
90129
79671
73278
103033
98212
144998
117604
27910
62088
64553
36519
5508
2568
119964
141987
21542
106165
87893
24779
130453
109201
39589
127779
103671
52409
120218
35786
41363
141098
81566
20047
92673
87507
127964
10068
61987
13318
54643
113462
21095
54120
113288
45722
137006
16495
122749
64439
112787
119387
68803
113820
68135
9621
35953
106422
71
136719
52809
103019
56945
70663
33390
28169
71125
50888
79240
131747
135220
57444
16744
132254
141320
66202
14690
65765
24595
132818
35723
91755
118888
123580
147926
132757
71144
138314
8771
70256
111871
69348
142016
31820
70109
39717
73859
66604
68867
19146
148468
125440
28401
131259
104087
146402
104302
138413
9453
107466
96488
138900
91113
131038
61704
137085
52473
146595
66808
147631
25858
100765
116776
56708
20481
86428
76314
37371
119654
33789
1599
39354
86386
73391
147750
130461
21647
63955
128888
89257
10916
138686
76352
72733
48108
83778
51298
53566
134166
83899
142600
148914
63965
6804
23374
69644
80748
23438
108843
138520
121688
124802
128155
53249
94853
82867
74642
30037
59315
51027
110126
22216
15589
100722
122810
7997
28025
135769
59771
39616
77300
119185
116771
32249
91999
25685
22206
32320
26191
46459
108469
72296
109304
79363
44769
37992
126208
122081
133656
20647
67652
109367
16911
123105
140566
136167
16748
98001
117925
19045
123781
110663
113214
56925
73326
149689
96692
77464
144938
133332
104136
84109
71989
121186
51378
129442
92945
84170
59527
67151
96521
15600
89451
89027
61217
65147
52786
54664
95367
42352
116031
9808
30510
139448
18001
115983
111745
84875
124300
43056
65840
140167
144225
107757
9615
25620
28497
74448
14050
123174
16249
138288
111328
107238
70320
63746
127726
50078
81340
137376
64748
12548
149784
102636
55122
37153
29079
90834
122897
33363
89036
26944
103234
64330
109908
45464
138023
82970
133304
142834
133590
47093
14175
109957
58517
142620
110910
411
58573
127177
131442
140013
11674
76235
129726
14035
102791
55507
136131
29971
83174
109251
9088
75494
100319
147516
100189
88338
88133
125780
129077
107715
130253
92929
108550
111032
122880
143641
127938
23814
76211
45355
106494
125347
15552
130556
112999
99729
122811
94684
96413
106503
103085
2092
112282
122774
21185
104222
147464
69933
147035
104335
126377
24080
36036
119282
97957
137039
120728
48757
12445
62959
44
58209
134813
83705
34191
63725
92029
108680
118880
129433
108196
2411
104332
101901
14682
90405
74847
55607
116708
87047
143891
60704
96240
21799
12900
116922
37742
105418
91578
40703
60106
78244
81234
106282
147895
66828
6277
7785
58574
63267
146315
77451
106546
18616
94391
128908
25726
42183
123376
126268
55350
142796
140125
121054
124886
135023
3700
48037
140983
49012
81110
79168
90353
124419
118293
92839
78440
8140
57078
22354
35540
83038
107024
130198
4896
55036
149556
145237
81305
5103
5811
41925
64124
56942
99537
39231
60734
47782
134652
12638
107198
91721
145384
2180
103473
138781
149899
56523
49785
77478
10306
143330
69535
94882
100
7532
4529
85602
105327
62771
15169
23537
130023
92621
142349
148496
147869
76283
81344
101087
118844
127635
44824
7042
19544
71458
91192
70981
41200
52450
35063
115539
6478
16215
54007
148401
115804
37464
73224
55008
119405
367
114087
78793
134699
55682
71489
60233
110824
47337
94893
121126
43235
59805
70881
13801
2076
140023
128051
17119
28236
10211
129282
62928
49090
4476
25522
21496
31376
137963
35959
26072
116258
38278
65999
61232
140346
141234
63271
24454
115493
37372
51535
112214
135848
138523
130906
78279
45085
45082
47787
131232
59924
113025
31742
130669
3414
100124
81285
149163
26678
123641
131159
32719
51577
13985
83917
107418
148244
17577
19549
146207
95770
122595
33058
111483
7526
71025
40482
91785
26085
139322
52659
58319
81537
106690
121230
89509
55623
40171
85694
23636
114756
111029
34671
1278
32997
52466
74782
63801
127430
50325
17840
145955
95004
148708
67245
87219
132740
3107
21072
9106
12451
71766
47658
56888
32125
101253
35475
59766
33600
36131
25033
122554
63656
87342
54650
61560
87824
104482
142023
112930
97688
110500
98939
113051
134594
22553
49971
2722
6607
91490
25750
58017
85548
114391
132158
45463
134373
115420
99963
98668
111138
21535
65271
73854
65049
94790
92678
145769
136487
13981
56383
100172
122265
12178
110791
110213
116170
61159
118682
38550
21143
69539
30414
71274
71104
96722
124014
30541
64495
93309
127446
117232
5748
83032
90211
85794
70546
62559
24230
53500
101527
110079
70955
32122
110518
97825
69595
19265
8149
95956
136435
86939
17945
91188
30903
101314
75441
20517
19584
131205
141166
128063
139070
81727
143271
65747
26128
102285
55913
127643
89282
128359
29187
54189
101906
62862
39902
60512
14334
113922
16668
35927
86350
94049
7715
121439
43095
66082
13445
60724
34006
138007
64246
98550
10037
146935
25515
137805
28220
27803
79354
138168
99962
79689
83001
147089
116866
143127
119220
46467
119246
134688
51113
73695
95421
7334
28726
91195
129449
112403
21957
2220
92730
47812
116562
72977
19256
82161
2613
124795
11704
127636
119177
131272
130088
87293
133361
138586
109260
48274
27730
17868
40698
56981
40119
125778
106826
97142
27255
133205
84764
76618
99567
89083
27654
31714
74554
8813
92896
42051
39360
52676
65613
69326
30828
128017
141453
75895
51125
77225
95638
143942
43376
14530
101559
68076
15621
79271
71845
83290
61855
33345
69867
26434
17486
64196
101944
62814
33221
96185
138472
21548
22871
119617
33468
137701
46061
116720
21340
41128
92067
101502
88047
76013
9817
141627
117307
83746
36085
82251
79734
119453
98271
29866
23760
102960
2004
10569
4018
60143
120020
14822
145321
19195
21198
53632
36648
16043
45051
149041
41843
23696
143980
59635
111140
99884
99761
88948
70665
97133
28261
120564
35718
85200
61967
39459
21171
120701
128551
127248
97570
39104
3148
97814
75801
118159
5840
23550
117929
93242
88869
32696
149411
36275
147963
29197
29874
11334
118253
140758
55808
82001
124625
78862
30499
102284
140286
100018
37569
1649
103307
117502
42733
135915
116361
55272
63286
115180
54920
109456
127003
16871
68172
97997
114307
123657
3395
65301
78939
124165
33575
40054
2027
118313
43802
22226
81824
72848
57360
93324
18143
36165
54420
26257
63332
63754
26683
106090
149698
88661
17605
81856
14440
10141
145786
89041
133998
90532
24452
110385
76148
89773
85025
90839
114286
88348
11912
140671
76308
35361
109408
41061
39462
101834
134369
50399
57637
136957
41562
39202
6253
121657
137484
5016
37824
87825
93821
16479
102957
134975
125945
125170
131608
51957
78259
23030
39404
119095
125953
106737
84565
50563
123944
44573
122435
31071
118957
66104
62151
5482
55588
95925
138383
36374
66071
53005
60389
5314
75087
11075
17026
70051
41675
63640
121476
127507
68354
2124
17048
19499
100150
7973
91317
88488
30386
56451
71666
82254
52757
104169
132372
104160
6921
71213
16262
81248
87530
132433
25349
66169
21497
54547
15179
87329
133351
24114
22308
94074
148103
133379
102788
11903
85988
147493
135757
60811
81487
52933
66829
142823
106486
57361
112842
43893
48938
58703
88406
105242
29075
72889
58243
73721
124542
108263
134022
19245
45929
15793
121422
139323
31717
50186
12309
79726
27318
130497
99789
42165
60490
62965
106763
125182
37146
85378
142444
113423
52093
58219
57446
104421
91412
124768
55232
36906
112587
128094
55331
124665
40997
46652
29838
129206
100364
138397
109909
118807
59564
65916
123156
135783
67075
37693
21523
34307
64651
137169
148164
69439
94497
72853
75953
98968
132511
70581
62058
109605
86712
8395
91114
12358
51255
103928
29878
90664
102998
31321
139551
22304
32715
128797
60826
140456
138546
30923
142561
85538
47987
86272
22102
38591
119036
45870
47671
61761
88686
83578
42889
98278
24023
109448
77731
12409
20263
96473
78173
282
143110
92759
140092
70891
56005
40427
26146
119514
63621
17420
106949
131959
53434
117422
28176
13599
4061
41959
87559
33142
144677
15951
113277
127086
63281
23836
61031
137860
101883
88234
69286
46851
131370
112817
80624
18578
109814
4863
20229
37287
56447
106771
5568
120880
18885
142600
39086
130574
16237
84337
39032
33619
134349
26633
82699
149675
137276
80594
44932
49930
19016
137425
12130
96372
4188
135981
90385
130642
107867
2482
87156
80140
37747
123610
98870
138891
4399
59600
17990
127712
19087
65540
67262
75284
96556
106172
113348
67342
26267
44476
86180
120958
26135
59546
69170
107416
143253
54122
120095
58804
9611
12112
42052
94661
4906
12177
101691
27231
3141
93343
81661
101653
122666
20346
93718
101397
33967
77822
62552
38313
67970
142952
51339
144600
99651
139923
126964
96879
91540
98833
36279
59214
18287
23650
55721
114086
78088
9775
10904
23641
2295
102289
8808
138834
99627
17571
119336
844
134359
19012
73486
64931
99278
50841
7889
48213
96668
9947
90651
90848
101626
146767
132322
17952
7212
30781
126967
85627
53678
94578
45857
117957
73049
111845
18595
15885
120049
54073
117531
149220
83515
144731
145965
8569
50027
82183
119642
102717
100013
132374
19983
30582
20182
126813
385
6486
25877
136930
12961
9360
38191
124999
110682
31816
58433
85720
90831
54527
117633
19509
49998
52892
84500
130769
11428
56745
79754
91585
76280
74573
35179
15504
125881
23444
40143
117445
72181
93348
79700
131096
18882
56467
12388
15432
121271
141666
101944
35751
27924
23085
65874
140166
1901
114317
126608
103790
97584
56700
27158
23416
39346
46122
23347
19565
34831
133415
67286
128668
40252
94698
72266
117600
118550
63314
84737
71993
64866
108116
7440
99599
22516
8262
129411
81293
110863
137356
130069
117894
4874
99475
64654
125299
64303
83137
120163
99794
149611
58440
89107
6424
109388
29982
147939
100217
54953
122074
107191
118438
18642
134550
81054
55324
7530
120858
65150
22110
53906
28318
44307
17893
22977
90914
56081
116797
42275
48380
17932
7505
46126
38708
63029
139559
41550
110975
114208
32743
147609
115699
76917
130961
38970
78761
132229
117249
114314
48711
109802
93319
29569
19522
43708
117014
75979
117861
65435
148524
128940
122470
42842
128399
68439
97310
96715
29931
22898
73538
125204
114110
131401
92575
140054
109325
145538
133974
11915
85709
30608
78701
127495
70273
113540
97371
5496
8138
19687
82448
54782
87322
65144
54619
144672
44105
142909
91118
122072
6111
46366
91921
49108
103827
59667
37619
61492
67303
106097
18598
129897
51885
64676
22108
142947
102270
8616
50112
9333
48110
17305
32192
49084
63023
108208
145600
51775
129839
97641
50198
69992
144003
57912
13353
14978
145532
56920
88284
1127
79221
13892
128278
54991
32756
66608
54670
46326
145001
60443
37733
8688
149192
949
15560
75745
65660
19983
123212
64655
111456
108980
89534
124365
47984
145770
79980
15382
13833
141079
4384
138144
49798
139262
72661
130305
60360
118904
132362
30262
14141
49539
124833
20068
83742
79718
113286
89808
68093
131550
72969
84774
66160
130982
10399
55423
149353
124051
141993
94357
97010
80913
123328
56714
785
20808
122923
42620
49178
34581
36702
72129
131496
53730
117617
124628
63145
141070
44931
130112
8733
107381
22001
39807
114954
87292
45670
99284
98055
7253
76080
46228
108636
64036
16189
5231
108433
129001
42724
93914
15124
139492
41390
30572
48724
81282
71234
133897
14791
58104
66828
122448
1732
95496
61859
128412
126255
148843
3929
68694
112913
91009
21156
96011
122356
65536
69867
95697
46206
68214
17311
37208
30245
72207
26544
81667
40100
46346
19152
44194
60878
108978
96829
113333
22723
105380
66396
3069
61067
106196
86007
78429
132950
76898
25536
129441
21912
94985
76608
95043
132824
104600
13391
136474
84776
147511
50621
38709
128168
23803
120868
93124
39693
120739
68789
36501
107475
64241
56581
125889
116767
40266
446
52080
8167
73009
91154
116524
101966
8152
146002
70276
107969
90954
63055
89485
42596
66938
10846
63997
1990
132947
101573
97054
18919
143366
132382
59536
26763
75587
50990
148147
46660
130327
83273
138880
17566
94249
98515
148264
147215
65426
148748
55633
133322
31311
95877
66036
130749
45921
120068
66002
85671
22967
126156
113538
76953
107141
96889
2113
24731
54428
140395
130387
149726
100885
36524
49131
6013
26924
133951
73464
133885
127139
103100
3404
147741
114025
54577
87929
1650
115289
135566
26552
116363
2529
106429
69189
124786
30859
73076
22447
140932
56472
98887
20643
86984
22448
100611
103272
141727
62530
71198
54945
38893
106822
18178
117765
42676
27636
102978
44803
86093
148956
99108
49450
173
33515
44440
105125
97873
102460
91666
65223
148124
11531
95192
84632
96673
26616
8866
5542
9918
116826
94220
131573
67521
78403
53913
13494
2779
143933
60908
89577
14731
115810
34795
34064
73914
147501
39436
28891
47367
65131
81673
68149
53661
85358
128099
19153
33053
5282
12885
11950
10131
18290
28533
95912
101663
77924
68584
71771
9326
30830
119483
17469
104809
46451
121890
31279
111524
75824
92888
82220
118593
15240
45927
92178
108358
32645
7459
118864
3584
22190
24653
79120
101716
16311
119037
15146
50574
128965
13720
78112
120474
126989
101959
109372
90079
14656
105986
27169
33042
106916
7666
145544
98321
24446
23253
6875
13103
125179
11816
5968
19316
117909
13038
136786
140111
143235
102268
30947
100614
35262
16922
91899
134862
92140
2282
89527
34036
4295
91990
84916
57005
34735
44103
66764
23738
120202
37622
30102
2454
139422
76915
4560
68631
122574
111235
30869
92350
117283
99299
121501
103579
27462
131212
58279
122965
11757
140039
34919
34590
130202
110517
45127
106115
11512
50702
110241
91617
127099
67746
48158
47105
49953
66452
45524
125943
94354
134401
55326
13898
138869
117721
51770
101601
142719
38696
4193
29300
123483
47656
36469
99688
79865
11694
93465
134665
111825
85220
141508
17226
97437
92874
47967
127825
123466
121121
16964
128686
90883
70894
138802
80974
35740
39185
94692
121992
129291
87235
9443
24180
35525
10395
122857
36421
127544
19810
17534
119663
89960
67093
128390
94972
56542
1588
75490
80119
97559
1155
97332
31340
142458
43453
33202
106221
27752
119156
103875
139291
89277
105523
119491
11069
43480
37165
61394
112410
91375
84312
139011
12204
141066
142170
30611
118863
96991
89810
17334
63644
1185
9426
114005
53712
4285
102795
98132
56717
32507
40639
135749
129288
21879
47407
91211
38949
78005
74920
67735
97379
10570
60566
14298
34988
24515
137344
91153
113728
114510
21668
8706
144340
34914
121085
87427
144420
36360
107690
91312
19199
20903
47585
141767
13571
10178
120273
49499
146524
146676
52239
13749
64712
66111
63433
8923
51607
149444
69906
42501
24608
135187
37520
52646
125078
101816
84929
79938
46765
124782
105128
116710
86884
45338
91053
97419
75153
44812
61362
113266
60049
92520
104203
134915
83827
67500
113739
7608
146217
94125
103066
10085
110428
66365
87425
52365
91363
638
106195
41080
137273
67539
134275
114949
141510
67606
81640
64571
86044
106639
140390
115567
80251
11348
98763
57386
33205
41236
50032
24871
120240
87038
10800
8420
65945
82154
40939
113124
72386
99333
117715
109289
15416
5334
8502
50051
33185
74228
86336
69853
102908
54932
23740
11021
121760
110396
122194
7361
32587
77419
7316
90015
130652
33220
11777
15703
106311
77891
75236
7007
76485
24033
23351
63658
27992
26721
38496
148377
4312
87416
16436
149916
124200
52723
74984
145337
11468
93014
78149
108027
10498
46655
73662
23278
88473
95092
83762
95734
1977
23921
98742
123927
124453
131890
55733
127682
34092
46743
55410
88428
78196
14229
97194
110770
59320
11789
28724
67054
5201
139224
143628
120221
60005
123131
46259
26369
115715
105205
114056
75758
95249
146352
30542
124474
130974
129327
41165
135097
34023
59541
96636
128953
92468
120704
74168
440
61273
144119
146248
79800
135156
48745
70695
123110
10541
121484
112891
89651
87171
77512
23905
97801
97074
126018
69822
106818
35568
2859
45262
48777
96385
71921
111580
110112
55903
117147
86419
122718
66004
29692
108717
53606
63379
5446
93385
148266
96575
92964
142634
1349
60540
2014
109677
149869
124764
113308
121544
131032
22884
120132
141284
93433
14839
98613
107881
71659
18364
125277
52194
110270
32846
104877
58630
149854
52043
283
121017
63838
25637
39508
78435
101632
42476
867
106855
15153
122968
59297
34629
119506
114335
77057
121836
69399
13767
130524
25221
76980
129929
146863
32312
14180
73082
78462
109474
75485
31325
129852
35960
149767
50950
7711
70117
113028
137360
28125
74446
47764
46597
95458
69665
56725
39296
18023
35758
95757
133158
27887
100029
97667
1012
59989
120821
73527
68536
123922
55647
45625
25842
108831
4438
97825
95659
67322
49004
81240
131471
13230
36273
14482
11880
8747
115028
143407
103519
144228
39725
49151
13035
51646
34885
147077
144066
72830
84560
126423
64006
98593
99788
2830
107264
9441
98511
47318
27789
62727
100100
90043
102136
130039
90765
76650
2541
124470
147774
90087
40774
135993
46020
98400
144713
130979
134824
38592
138036
70898
86614
126453
46902
130662
145066
75770
55594
5747
18040
55662
5086
16210
111578
145263
24417
98744
57020
115784
83865
47202
49500
102834
29517
32181
115081
119976
13369
17708
21071
61736
96611
76304
141277
76451
63204
85873
45447
140952
55727
128830
133320
144365
25597
8661
77972
54029
79355
87754
87162
106960
82759
93389
31878
59554
74988
14693
125205
104617
133358
48364
131679
15983
95916
135279
33157
79137
61034
99914
23788
98227
32278
28558
23109
147819
146322
104958
31180
17675
113981
124637
147202
87673
99454
114940
26937
3188
1105
10906
96416
100149
68747
129356
29179
83921
55912
8953
147330
94381
42891
68442
112376
82648
48991
112565
92095
141017
66633
35418
53247
131247
38995
110319
34712
98737
74774
33757
141996
70789
107338
58388
113486
138838
6949
85235
97048
141828
118469
92124
144450
56074
17709
148113
141352
32388
87882
100436
39653
79337
49113
94265
141993
65175
137566
111049
45677
148101
92328
26769
117256
43526
73065
5300
147111
67334
40209
128275
28040
52488
144316
127426
86397
27860
70698
40210
82542
114193
128485
36336
81280
5744
139271
18360
7004
103065
14709
56314
14602
74933
139411
103571
34294
146804
52222
89695
121673
55290
101557
35245
94027
128246
11550
134445
5112
116570
1989
43104
127068
81613
38497
12856
126394
113538
2928
70302
24243
89835
50289
59312
94789
15870
125595
78218
45047
28494
143358
93438
72054
103619
45257
88138
66560
6132
62013
75326
108713
27146
111003
50305
104120
38932
40614
130608
58252
146219
62999
29849
65526
44181
42057
8046
117863
116706
53774
26079
73703
77382
72281
125130
128856
37119
46352
88483
125263
145796
82243
36935
106288
27107
98420
24784
103082
140456
1993
71910
128774
122002
123176
118911
6203
68776
120793
105998
52513
23214
30521
27234
110094
65576
82835
62413
102421
101698
133927
46570
135858
128002
148331
47885
77873
28702
124908
19463
121063
119092
109873
35004
49247
40779
113160
39844
114625
127579
104161
71988
148413
141194
59302
71366
117928
81489
61526
12912
42931
103174
70163
48603
17794
103135
146468
71179
55790
104627
139677
82396
33239
4387
27257
63008
46890
11672
143891
1924
83161
61244
80554
7198
105497
36969
83811
10580
49950
145091
28720
21405
69486
132027
48782
18566
77160
31728
149106
61251
55789
58203
105883
10573
2977
90424
28305
90039
110411
108257
75081
142788
23680
3526
79715
42346
23008
124534
10965
76356
114140
60645
1144
143544
76808
57798
3882
94117
83212
75748
41992
68525
108745
1162
140358
66556
96866
95926
104692
110312
14119
31538
132930
134689
24599
107297
11416
4207
22399
16178
22584
91438
90555
46115
48091
133630
142933
135042
67036
3770
117235
89750
108981
81869
143997
146877
87085
87919
129872
131340
38827
22761
124068
18495
107658
81034
116499
134951
117981
94363
6064
115201
69568
88058
140217
62656
63181
87764
51528
19159
106847
18122
54246
37508
21633
5058
55047
12990
96122
3387
71612
36578
146292
50935
53265
58859
92660
145635
138421
47755
148923
2743
108231
87976
61414
77051
79113
49962
141067
6832
122254
77374
12467
39064
131646
130031
83347
42209
100021
43484
21875
143210
141302
30758
62374
13706
127417
84173
26511
46828
52365
87969
34404
142733
104775
50116
41876
110418
6773
43322
21297
22541
69578
65266
18706
90695
68888
58272
124778
76771
10606
137317
9171
41019
128423
101965
145569
86923
21281
17547
147665
125342
28627
101884
92125
60112
29771
35918
103028
129966
50102
118148
133964
11552
149786
73005
90399
137572
95073
144005
138209
93356
103933
144973
102473
97182
80642
14633
24734
66141
119077
28627
138324
144101
138398
57272
88776
110509
53430
7197
8439
110144
102206
115929
66480
138737
146785
45117
87334
35074
91518
117279
136454
117941
53964
17143
89776
140555
136991
46375
94202
140854
140065
135629
124371
67761
1235
140922
6445
77767
47129
39106
39800
106113
124968
104546
34353
12399
120787
99162
43883
94699
34499
130244
10325
78723
136292
73970
14645
111337
143205
112497
21586
56174
48733
14502
14712
95435
148803
17570
60756
40544
4280
149000
18797
103921
136265
5468
92835
32966
57209
57982
136708
25496
139553
131217
97861
29928
77800
26162
8815
136785
85198
96287
103327
101622
140040
51922
122657
25676
31310
4053
136025
36470
64289
58588
147320
109878
110618
13511
139978
87633
73424
137666
42148
21643
10980
30368
6420
40326
60230
42641
145991
90447
36180
8287
76106
59647
69670
57972
70087
6398
710
54493
51299
33936
48075
107912
81989
136329
63663
64720
73430
35273
102618
51634
57061
114122
35070
8411
55714
65032
83134
39007
34003
45482
124494
24241
125624
45655
64415
2681
143417
7032
57295
19730
68988
99851
49667
81806
129088
146335
147686
96544
133816
6483
58799
68203
90970
30000
21486
39121
73343
97247
12495
112023
28011
67858
107614
21989
108080
148477
83298
46661
123904
16124
140753
45814
25063
144343
23865
49483
143265
46713
95657
48771
3095
110981
57845
48815
48761
16355
12348
56552
79490
121343
35643
50455
26310
6205
58813
97176
5797
135068
35172
111996
35680
75681
132965
77413
31254
62486
88200
98097
100490
86028
58238
125864
44403
127273
146892
30695
137444
86935
22872
115898
79746
39774
34897
66922
31345
73991
123266
11425
119477
130729
128710
3800
36264
57359
48388
113781
23101
56408
126981
70297
64521
8600
127841
102805
110433
30948
12887
15370
137327
18501
32364
127402
89528
126830
50368
27036
20806
59551
55430
5465
17316
72788
133571
55683
86596
90971
128703
61062
1121
95002
135033
48202
120994
32684
75174
90636
118853
51415
28007
142986
32286
58701
129005
122492
77794
67457
68080
30007
143840
91493
101788
137619
128547
48839
140769
27881
37844
92331
25739
138572
146644
111005
33324
65195
6833
136257
108030
99047
4793
72325
130259
98562
37937
88319
13913
100882
149977
2812
69640
79462
40830
37914
95261
58889
13053
24160
77627
2054
17020
78332
115030
128508
104477
124909
134615
127227
95999
81827
129478
9852
17973
101092
81490
93842
109410
91738
96619
63809
56389
133445
112885
35467
104091
88016
100599
21204
122278
77327
123851
52637
133171
122571
3119
142209
79134
82844
85223
115171
50038
109237
69620
58410
130557
82878
93546
35406
50694
80408
86703
114683
87982
14556
98180
14889
13795
55065
66420
56183
26414
81473
119145
123745
78282
118432
41866
10284
89986
24270
28764
17710
123178
108763
107945
26059
104682
88893
121973
109298
109032
4156
45212
115421
125915
106117
92283
32511
69613
57041
51302
146047
40926
5023
30069
66517
80290
5163
13631
136030
19246
119854
132020
34977
76396
144349
8065
121632
123510
93418
110380
41143
6332
44692
125649
36925
113157
82072
6723
105188
61800
70723
36562
89293
19872
10272
32142
76750
79447
3423
94172
1171
10817
90094
50054
16944
143152
143413
54656
79740
118412
143126
18905
34996
74349
70689
108273
27909
131616
140948
16562
134258
49466
29225
52099
5235
75368
13805
136515
9399
1251
89103
72706
43410
87190
65783
85862
2558
50685
53490
81971
3494
32699
72628
36066
22883
115792
11172
4669
97566
52449
68120
4525
126445
132503
84179
101480
42137
42360
19088
140285
127739
25717
65093
88311
62071
97898
93027
135660
53087
94826
83414
22555
28148
98560
93351
134409
108573
18450
62218
131880
76337
105900
92203
34626
83774
56545
86561
129818
57392
96029
147490
83624
59741
11914
55572
68155
81704
83955
6973
17522
109952
65020
143542
58778
145114
126432
83784
20332
47637
144342
86261
108476
95130
110750
23390
83954
133878
65485
100745
93065
28020
38948
58764
146975
149888
28461
120321
6981
41063
25152
124224
63862
132634
78073
121925
119398
31668
117459
128488
138907
84763
114637
122043
61851
91078
73870
7080
67406
51725
27086
142014
125084
56473
6212
49017
133799
42366
137994
111333
38380
77227
73168
31126
65090
147893
63803
97888
135649
39741
69143
16634
100323
27742
99943
106445
140980
41701
108716
20942
52864
99240
97830
58044
76862
228
9076
143914
7189
108205
136033
51088
96482
54495
72624
39951
87519
107737
142340
126092
1187
127187
83228
70055
26447
83223
130634
33421
79551
85563
30272
35287
56971
3512
20465
60507
6040
24389
110739
3531
39929
18812
35799
129315
83459
110222
38857
110866
14162
14257
87006
74262
41927
116245
12315
90827
18560
32547
27583
106975
47200
139
113637
144424
140035
102686
148500
91308
30198
2120
117034
75735
96191
47483
7992
100705
116779
137643
24141
64755
15070
74708
86276
93912
26982
11889
8693
99335
81464
75338
136508
11448
105791
60090
110010
49558
87529
7557
65668
18627
109674
123491
32141
48524
129727
95280
46875
112030
133714
122699
22825
120304
46136
108490
57097
77630
20784
92922
3333
74028
21288
87941
38828
76264
78598
44654
46478
38185
60089
35488
133509
31196
61082
134929
37908
1208
53230
104898
130036
37652
31264
132836
49112
127705
149212
56047
60048
88455
130163
53541
49852
32504
87970
74289
126689
54801
132894
8339
13996
88448
47110
138393
69391
11791
29500
18609
39424
55170
103516
49589
119944
68055
99085
5869
122785
130892
110878
74467
4533
49560
114373
80847
28725
100658
132154
50302
57267
35025
10931
102904
28271
84829
31696
11848
43788
57131
119027
71825
79484
31065
107935
16564
109429
37809
37068
22899
54236
56934
63641
85100
143170
55857
48070
3878
71997
131937
77113
147674
46142
38756
89430
36223
6810
84688
98316
9274
19227
37806
73684
63642
15440
53578
94792
27167
5068
76008
30729
110506
98858
148186
74355
91932
117421
19273
98863
7276
67760
2179
75843
46222
71462
39782
85203
105874
42243
33522
138799
116512
114819
77203
35833
46063
115489
37101
57277
86364
23352
53612
93326
124604
149242
106338
121987
143387
10276
67009
55846
33744
118751
60281
145650
133652
88792
93366
45118
77361
29788
25919
82925
32721
20065
149939
61680
105748
134832
66621
108782
44059
91660
40778
35716
21105
38767
56006
97808
828
41389
49464
93907
124019
66649
858
67557
84924
110302
49859
33284
44423
82564
148954
59170
145809
4410
64146
107322
124005
107674
7465
84000
147209
77932
125133
77514
122835
52147
122411
91071
89286
14820
132073
140967
70435
140817
32989
126361
138183
80248
122559
53261
99127
138965
7832
112411
99919
131046
124359
25963
119687
120654
101500
128423
94749
139662
38003
40085
84502
109366
55818
86969
135473
21439
18042
28201
67266
78633
56571
66983
32797
129119
66084
94005
8845
2735
66230
113144
118984
85953
88657
87796
55145
11670
49253
128241
4948
113055
78207
893
131838
136088
112024
36908
17796
23384
8056
2317
111607
73316
11634
46151
48485
16029
97442
118765
136731
88809
148012
125108
124465
105726
75653
94993
116068
107128
12289
26811
2027
106518
97268
70813
9331
73442
84053
60569
61475
8264
91931
131329
125176
97028
77287
43420
98175
126509
32115
83457
137620
64870
97682
67450
23431
122986
86206
95222
84789
87857
110766
88330
62067
81404
142808
80927
38798
17695
79711
119268
74857
149389
15404
16394
116548
284
82849
63156
50485
35346
72970
62644
137303
120071
93080
5944
77955
114415
48446
28026
99036
141146
77296
73910
34196
135571
149846
63595
25130
33957
112516
125356
15029
120209
142434
48610
136592
33059
131147
80086
17325
88052
108783
97925
127541
131044
137616
140594
17472
14106
146493
35423
106252
96423
85648
79356
66179
103306
120318
14662
129865
112744
147302
128209
13498
60378
90834
127422
148136
81318
98906
96628
47109
64620
103662
97399
41374
84535
88232
127349
72904
57553
103598
56352
91786
12500
100753
109084
56343
69893
140502
97228
70002
46307
30367
38193
137692
97488
73139
22465
65371
144587
42794
94371
92979
18240
99146
58868
145713
147717
101867
118462
114555
47219
89479
120838
16645
140531
91639
23858
120423
101036
139706
55640
92041
80439
42635
34050
79918
139030
59263
91063
33037
148092
29306
9483
22373
89987
88230
95688
65357
100646
73325
113648
43003
109020
36158
131160
78971
59745
127023
136652
147848
141057
127911
122133
95107
43751
110999
31786
106831
127031
128946
66591
11073
19487
64517
65900
48122
27181
34741
142465
21100
121730
47159
101846
26302
47905
112343
3449
54606
116087
113885
107763
122343
4474
146835
124805
123513
41330
100821
42234
93528
62565
42056
24659
110048
20432
16656
38572
71387
86043
144653
96837
29968
77904
25366
62944
40759
33882
74798
144733
3118
133491
125270
146119
132810
89591
78477
28118
138367
68594
129777
85146
97546
11316
127564
7123
137985
89125
89753
106874
125370
15217
149024
69049
2194
145203
33318
122207
46941
5914
130224
1464
43528
57333
7486
47733
83587
44728
42539
85607
134017
4497
53864
2904
26154
13413
16778
7279
131033
55017
130494
41807
42389
123343
24144
102582
24297
77251
145353
90585
110656
84209
23821
54097
91091
142629
111395
107098
22188
10176
95601
103708
5507
34725
5397
148862
106687
123058
82561
131549
84602
142293
8081
120224
147136
33322
49660
66986
56812
739
66088
26084
94000
45466
132816
81098
4959
19407
102802
127111
14320
134387
141227
60715
71227
97027
36450
76670
41447
114359
21410
122339
53180
42580
87267
51262
59842
42616
67008
115917
131290
53371
17511
104783
92816
52388
118737
82753
25888
129688
142729
50968
72549
137866
111135
74869
119528
51637
31902
129591
19742
104197
65716
52766
65854
8188
131399
39633
45362
72182
111240
147597
6961
112865
16594
116264
37785
136689
103166
73984
118993
124548
32545
135194
37595
84881
68181
116502
102043
45938
54998
91700
131455
90516
59836
25559
103064
52806
133563
33161
33793
90472
37744
137742
81962
18165
110260
10569
50077
110093
109175
65117
121057
130547
139095
71762
39085
146405
51779
114059
57525
55744
88902
90552
80715
79141
63192
54769
124471
76355
46431
72762
12812
110266
128287
108441
9871
147946
660
93638
135316
36765
34001
38817
89600
85913
83928
9341
2669
106127
146989
23590
124685
59057
38991
117903
39141
42104
41747
61351
30805
66600
25003
95938
149949
136681
24405
48571
54066
40939
70316
24279
38728
98381
48622
20245
98726
144673
73474
123903
119264
146796
4699
28922
84679
92721
37645
1446
30625
82292
128477
135212
112080
141654
63321
136661
139975
56215
132437
47022
112866
39174
102321
42037
15088
113244
128656
117370
135502
28019
61165
67025
51204
127881
120022
74491
27209
26536
79883
59875
63666
100330
111259
115920
105471
35163
43165
60217
129919
96046
4069
74104
105393
42876
27542
575
84898
83790
35999
7759
24572
102440
80020
25701
54728
135243
26533
65062
129928
118020
76944
14625
119051
82957
1923
22585
44320
55214
138470
146787
112333
777
84878
77618
46476
75803
61889
87066
121746
97036
105662
140620
31904
119635
144876
79590
96030
52082
110333
119320
121973
59817
13358
35857
119382
26226
39797
95882
71836
3402
236
112175
53007
101294
134413
115822
67920
50636
65535
69910
69983
84320
54038
138861
130374
82798
89669
138385
38350
82748
17895
18420
14796
63561
80132
132363
130216
9411
70667
26017
127704
38832
143524
118180
120879
74092
4869
111209
132549
102697
138146
128233
105934
75648
67705
75939
130438
11450
41973
16364
8833
44338
25082
22121
4606
11698
133133
23601
55077
107057
51857
140941
70732
93891
7093
101009
43909
41840
8868
61997
79227
77082
40981
53086
48972
113997
80763
144334
1675
107740
54937
135052
124729
129554
9178
26694
15410
56367
19216
86636
99858
131302
105603
71691
53142
9262
125187
8524
50094
16030
143280
20694
109470
62940
106576
56801
133257
97965
46339
111839
75270
148387
41499
49704
100045
148574
94247
122829
96028
122435
110525
93314
58723
94351
115924
65294
137333
67971
138620
106678
59010
55864
49649
111790
86324
124029
149596
54473
109588
12817
108842
132307
127195
108932
123764
35233
23806
20760
92045
11942
125614
28919
41747
35299
20424
27894
2947
43949
126745
56555
73946
46834
102714
72818
90842
54115
113888
63020
46605
71199
25183
63543
121189
148976
135809
111922
103253
102605
1334
89261
125464
59121
148459
81749
127808
98521
141171
14975
7215
38385
115550
23839
95959
5509
54800
96642
108616
23326
124448
121818
19643
149007
39483
131416
89995
117737
112086
143037
130656
114698
99867
119061
2679
43328
41996
35426
79387
30152
84668
69476
44919
145170
79882
69978
65721
71136
121223
74546
99878
148009
125541
91371
28033
131146
56125
19296
144362
28395
51365
133625
19233
133080
140720
58131
82810
102349
2968
103290
7003
13129
116975
12181
7784
126875
54574
53893
139156
53912
25354
121595
14205
62050
83604
78
78720
29648
87744
95751
136619
13137
105137
61338
122706
17327
48975
12710
61552
148699
80244
69985
136094
65902
70278
118842
95072
57516
26829
77252
8296
23679
103105
89862
100320
22023
81995
125381
81832
51288
14702
114172
116646
125603
113181
106394
28289
7165
9153
146314
47280
29266
49820
88720
108967
60047
74466
24825
146656
91677
117489
98352
22919
4447
89617
95922
31260
95402
27661
86585
2557
127357
34512
19599
79800
575
1807
23642
131381
95994
28323
18174
2684
64699
43669
71640
50413
37845
93717
26764
10127
92456
146766
142070
105072
92878
70115
113498
70822
67514
131428
81288
128328
89717
147246
80502
50692
102416
61218
46538
87344
137650
80252
79261
113799
37101
145195
42855
14929
99350
85751
124064
30769
142169
140827
51537
60379
93205
43269
54935
36132
120845
106438
10136
128802
4461
11742
117527
32981
116259
63389
85297
53841
26379
120771
41009
51214
35777
62340
28656
100838
115118
57008
44230
136983
124435
26542
10662
134703
137748
73968
78307
136431
136406
100563
132860
147593
61193
78316
64214
3427
72262
47048
39464
31665
119352
47858
140914
97164
71963
127919
92394
33493
109159
91967
103023
139952
8354
70778
40996
43471
17740
107647
21821
140730
143184
113782
97585
85619
96515
23944
79255
113265
90996
18982
11986
49187
29568
49277
50061
95755
100382
40919
108253
96388
35914
6835
148904
65015
54670
3105
91826
32403
106204
83905
82793
35167
143350
96268
37460
10417
130671
29385
9866
128712
9989
73173
69462
34223
132049
116838
100552
80761
129334
88045
23402
39613
110256
119359
86443
4394
102017
100728
51681
140592
142279
116076
56535
107135
91212
62407
79200
110607
117555
11397
87818
1554
14019
84144
94323
28226
111092
54068
142914
119796
147384
98839
33690
147068
26748
9263
57581
134666
118283
116781
31436
72212
18961
83581
68460
58842
73403
19142
136817
56713
51716
71447
94693
82412
114290
38135
47052
133635
132574
84867
8453
2190
15585
136378
122239
17848
56160
107821
43911
59805
77452
84645
69999
111504
59380
136979
5327
40871
61204
23322
115333
89562
144685
52790
23654
95450
21173
116069
141944
148807
67645
90356
110874
16815
107330
22134
11114
87163
125944
52987
86421
122750
84386
63249
99456
80588
119469
126778
111752
70698
70588
21220
124524
64426
17695
39480
110998
87734
46363
7902
67033
83973
29398
139982
79307
135781
106946
122693
17528
71539
7362
77278
49899
24984
18596
109916
137967
46116
46043
13495
110491
18876
75299
142695
36003
44212
59943
62084
123601
102806
79098
59995
1664
15477
106857
94464
27253
4716
139311
25624
109453
128048
131738
41873
56834
47840
35322
138692
14210
94704
115536
83823
58612
39153
114475
34734
127828
127477
125412
10181
126497
96475
80870
50880
123444
45681
110771
73997
40692
56418
73493
58407
91607
59234
125836
13387
120959
26138
99380
90979
55934
92271
31012
115404
140448
16269
73792
48986
45758
90187
147166
100383
93337
9669
138886
30930
26814
26392
107993
60974
123611
91196
36337
99075
132306
92682
138637
119422
24339
23632
23543
93361
5074
37510
118814
139301
82273
104107
62636
86891
13686
14728
121170
128864
117110
99617
128989
40268
38275
14197
109994
62992
45418
116950
9619
132770
37827
112251
45258
118289
127264
114467
75187
109729
30248
95191
87167
87988
77650
84363
93265
38242
68113
71377
28742
99927
97
106089
95875
101556
102997
69162
105855
125961
72150
148235
26690
113691
10696
101715
2610
13749
146768
48979
70241
63972
110391
52249
63875
21452
96662
70899
77648
4552
65658
12699
41523
149240
110138
143663
38091
83398
41692
107454
19731
55130
119221
78948
54478
75605
117501
142141
32953
40259
92212
84125
30977
15214
57791
66699
135788
23672
70594
21978
134364
45756
101928
39138
56456
42946
39879
70314
122305
110688
118687
133560
88266
10915
16686
142127
138689
59749
67208
88582
47166
137672
88479
28770
123298
101771
93575
89590
127216
24288
87364
52125
26744
8310
25199
104170
510
12147
121832
126821
29417
72364
101386
11381
31696
41296
146027
75805
142476
77615
39732
91385
69977
43581
134746
16011
87779
60419
101418
61537
25195
90530
26242
98529
19903
81381
99277
75180
53504
55913
99467
59947
76549
37487
66435
97246
141826
70900
20657
13721
6462
61339
87787
94553
35257
123224
16838
10288
42545
128450
97338
119577
131932
54515
103219
100356
45245
79489
43857
75963
19160
49526
92619
31013
41210
13211
27190
10166
85929
110842
149645
15869
149047
91046
22772
50080
143567
66412
77581
59701
128139
62489
118487
55514
53325
49003
92396
19555
27709
86467
15874
124852
60991
44372
83461
89636
118732
72369
31153
10292
14774
110035
104875
111086
6085
101591
81273
85176
22734
24979
127400
43754
5259
55313
85687
22194
19521
575
17573
82858
149694
112231
39505
54004
57363
59463
58115
111799
72116
147922
20670
21686
19791
47619
54552
122839
52902
122085
113525
115406
103893
84694
78573
142827
25807
25771
95526
94680
119958
44626
505
17419
55860
23075
113461
89690
86051
108940
808
96685
89852
81200
26744
16001
119891
100753
1315
68186
15319
116923
22345
47768
124920
87898
82019
103151
92734
43596
78195
79597
42373
118692
85244
46400
21981
89567
66148
128293
81465
55292
67380
85956
100579
32607
47999
62508
136896
35053
10683
16341
52595
18775
26672
133593
121209
45584
14077
48760
51219
68109
82344
25790
9838
67951
66389
65112
1893
28200
139920
97579
74281
87737
98924
132692
114054
49381
119306
67309
4342
124252
143825
120177
122912
108835
127171
14870
130552
94198
117847
68982
135686
100209
1584
72196
22586
63676
112070
72830
45090
38375
46401
125674
95825
134181
146666
87106
121945
17485
66002
30028
15402
74643
116044
17361
72823
54360
64099
67160
90314
144515
87716
80215
58281
68138
22941
120432
85111
114687
142172
70120
130733
50852
20267
127627
102267
59322
11607
80446
33986
146887
66917
124416
41694
111921
90692
14713
135657
30020
110492
3305
94633
77719
142910
94964
40791
31856
143602
143403
9999
114130
67519
63197
17375
33200
135209
107805
117533
142470
19603
142340
106261
115956
127887
86844
15131
135141
18448
102523
129846
86376
14918
38130
4026
107174
26138
55027
113017
115371
129413
54549
692
13443
102430
6179
20874
114694
135252
88911
55344
60171
50550
133877
85036
30742
108245
41180
8238
82704
111930
89282
23055
65103
136721
115107
5472
98802
124618
79262
38869
41686
53315
132621
44190
54718
27408
24610
20152
9448
81918
95695
117156
100077
132676
15587
87473
138729
64899
13002
58892
126979
4356
80027
34487
130003
118776
103369
76896
18359
107541
84063
35526
52612
141454
31522
105805
49825
147468
69903
92611
64550
24248
22692
139651
88797
119965
7391
72617
148556
44726
23883
16002
67717
63520
126340
55965
132106
147032
32907
115446
46925
35337
42067
139661
55255
21719
130489
22513
24489
126170
38130
31456
60710
89791
74974
10879
7593
30759
128433
79289
138842
25226
13658
33735
72695
35693
68027
57669
11545
117159
135758
119671
142540
131611
75198
125575
78986
138597
56089
107901
145502
109036
65654
149400
61219
124865
91543
36682
85204
96801
27052
110828
33018
46423
106458
96587
111513
88118
64465
139222
122881
42238
11228
149296
100810
94873
122816
145601
133151
63471
66201
74993
97498
140079
114315
47233
87460
23374
10689
104849
141961
82694
115021
7286
83116
138794
94967
68664
63383
91920
113818
30643
138509
86309
7967
43582
100497
96724
35535
9949
36369
124171
30081
84345
52874
84923
76770
105796
75458
82375
54762
74441
63066
81652
56323
67778
101898
54590
61813
109360
117415
132123
71867
109460
141447
146086
144086
129218
142330
44630
79313
149900
68818
8285
131603
124993
1663
34344
75231
49715
45217
40165
78147
34972
145450
121999
19738
120754
88497
92577
2465
48919
98855
39474
45771
45545
55858
91008
24793
133104
33141
42883
67787
71812
104088
36875
63748
131521
96509
132787
32481
80523
141083
121412
70390
114342
79402
124308
6549
11188
63124
73796
129758
21412
40676
30158
81796
37100
43755
4756
96875
124127
97523
16367
33563
65532
33112
125713
137
104949
113824
111065
132966
132469
45648
37168
98394
33647
34928
2084
121507
14579
75344
111150
118759
70455
81606
120559
55357
61133
121307
41809
52164
149751
3772
69807
137062
82197
67527
16159
141726
100448
12592
140835
9943
148032
115517
69303
111371
74094
139528
7327
83595
92389
89460
1900
139028
113130
70559
68669
60287
133273
130100
33583
63283
139446
143143
57706
57330
18144
99557
46076
19088
136389
48805
116432
81944
127388
34781
119798
125583
6481
24605
147393
21021
67407
92494
41922
116241
53227
29801
31169
61836
29751
64637
136404
135088
6019
2348
76089
93311
46856
17365
71275
75430
43633
21802
145523
36124
125712
91295
27686
110971
934
30409
26951
146296
82574
110861
50487
62969
128609
43501
146899
66806
3571
81666
120125
76151
52849
133672
149766
29158
23649
121311
57243
109263
34728
44468
30331
94805
48685
27829
53898
6834
62022
81433
1626
28453
149388
111967
62409
2574
55356
35151
27616
118183
25708
62049
1711
106882
127742
59171
37494
118517
25143
116400
141267
29243
9229
89503
34289
119860
61443
79402
27494
78310
2750
42419
8782
19500
786
97398
11099
42075
124568
126683
85756
44556
36329
102801
45527
94088
51653
63033
142880
72051
62819
16161
97218
55855
10114
17219
121156
136961
121851
69148
53212
144814
148762
99097
20484
98821
17439
45197
116622
19981
2131
109902
107871
48144
95397
5620
84348
85303
143068
108789
144767
81772
94387
127642
51971
91810
121236
132392
56255
116813
3318
137532
46659
50910
81738
100875
20149
90794
47117
111132
114001
19394
117266
144587
103499
129177
67470
147396
77929
4556
38729
90904
73974
8856
121859
122334
103775
79462
59488
39437
135739
54940
68446
91188
122349
15507
143076
43842
79895
74492
141651
18255
123835
15330
107182
126410
10707
101421
77856
6334
75287
146495
75269
146589
85355
133918
69669
72793
115572
134501
83574
20133
59679
148648
106246
91417
140716
56442
51606
117309
113524
97000
93825
32594
73781
56256
38642
39354
5738
24347
97159
81662
40613
140955
1025
78013
144913
65722
143709
104343
29189
69579
149438
131263
73945
84192
135524
108622
100048
110692
24773
52029
132125
7654
64675
37291
76094
34788
111080
124380
14156
56848
141803
149727
8593
59673
46911
23975
47366
29358
2461
93691
95413
105882
55931
109551
44980
64096
8418
122329
114412
31998
99013
33594
128397
50277
118279
88159
91705
61896
132508
196
395
21812
105371
86379
107022
72371
124762
84032
65674
82366
50480
66636
79909
66745
146133
42904
148111
107320
129744
112898
52558
101454
14271
128619
85471
99663
7610
17597
4385
70238
1677
122005
47307
17652
15763
68322
14356
133107
45286
33625
23881
134425
43965
119780
84191
33342
63466
2729
143804
78979
81584
112902
13844
21399
8527
143155
47713
49344
40024
140004
135222
68598
65107
103300
92216
145249
38878
146260
112381
23455
111156
27124
23671
132038
18834
122412
7965
16583
94939
75468
131311
57123
139894
29470
53071
17045
124668
118722
121590
146033
22782
48330
113563
14080
25312
17077
124132
51533
66170
5575
137060
131330
85049
127127
69965
77266
142906
52366
10546
28544
97629
83320
21679
77145
55896
67199
60496
119279
59912
96143
123142
121882
103805
26209
28384
102583
24325
86753
43819
141488
44706
134534
119474
33952
57953
138760
96766
47194
25078
92235
92187
28188
133818
124577
145457
55380
25600
26677
47874
105039
110402
45210
134170
86635
112065
45389
81173
25749
6898
136520
130843
98323
139525
115871
10091
41347
5014
113099
117229
63706
147986
135478
121926
96982
140928
80380
46089
139025
107105
134668
38505
41123
115231
26978
110857
84848
29434
74880
27479
121567
8127
54323
128210
64817
15985
146775
141379
126326
143563
20505
131562
132628
2836
75590
87109
125064
139632
78354
14687
105971
756
31651
93865
134188
12221
112262
91716
142389
97270
92968
132698
47311
128827
93878
90073
15063
37385
41720
36387
40518
65560
116254
101307
147773
145986
109445
48990
77329
16933
139409
119915
112568
126638
85138
19837
106164
47575
59540
8692
146662
4932
31064
60045
31109
122908
122347
52937
80623
77020
81926
65353
88055
61407
99411
62100
27425
43478
92550
137637
51901
43139
60439
77995
149219
32919
17475
22446
145328
43340
96639
90988
95256
37235
112618
92248
115581
137995
40569
107007
19559
100674
43600
72687
54125
8671
42869
47153
97610
114700
125721
20562
140424
53726
12021
23991
97758
132268
17966
13763
102601
144726
3015
38229
104060
124978
99155
120093
138141
88681
117820
61804
148070
84486
67177
1035
65044
18519
42109
99889
83934
125893
5876
27571
57384
99270
94829
20782
55348
6977
75314
45890
66627
60345
136327
69991
66875
56093
91060
49986
35657
966
147742
38016
50296
76015
58020
147624
72658
122753
26824
34654
52764
38136
119705
37027
79060
142039
129105
32961
113001
146528
36797
76907
82134
116371
88485
69512
30267
40490
52134
77927
79055
75145
73733
98721
101496
121165
115113
33393
88316
39054
93397
5593
84971
123573
9592
83187
121150
28158
3316
92382
64597
63849
68517
12461
122369
144259
86321
102747
59729
26505
21510
35717
268
2709
130812
143556
4444
121219
85793
48246
130245
135635
94272
105984
120336
66182
63776
94669
81212
11327
69710
25203
22031
7082
111898
102348
140653
7827
62708
88657
95919
8798
39248
83637
78638
135960
119725
118141
76879
36237
14689
104491
136013
84826
56338
48830
130156
56053
142576
46609
88413
88958
48338
10344
100023
88300
19920
99722
131037
98759
102317
135966
7820
1421
22975
148800
52455
137240
52018
1091
53478
47187
95392
141558
12382
86477
112998
122538
87502
88781
8368
60313
69050
47009
73992
44130
29365
24257
121265
105670
31399
30106
19555
1891
79621
62235
92849
36364
21793
27244
20645
71401
55748
86432
143670
95437
47641
135172
112289
15180
142573
120411
128147
134840
53420
34941
28173
146575
139177
91344
134854
52875
75970
19479
51053
120030
54735
8381
120217
7443
25930
25873
126848
129165
146782
113490
39490
388
125646
39650
105017
29775
105023
121749
41647
71001
86091
1246
45367
30164
82562
118686
41434
36446
96637
64298
59999
9202
96733
20554
20274
77302
68403
60637
36260
76560
140229
114283
6461
49886
113785
132178
134876
9956
137605
139589
41919
40786
55369
37607
83342
57224
59783
99578
59827
6858
13213
101202
135534
91252
26422
114361
97336
23215
36394
39238
32807
48210
94183
65384
127666
35353
21445
52634
43366
35903
79143
16600
7751
28834
82995
119573
32453
118955
102244
73799
52322
82575
54171
105555
83490
43716
39948
8984
40535
13049
113073
115433
70583
10953
121284
145541
127939
84949
76128
50826
120625
39255
61503
135257
91939
35071
23530
149564
19989
102120
14124
9701
37316
106784
53314
8389
74728
139816
59780
88340
5238
63041
4124
20462
13603
36038
96068
120456
8624
78882
81807
32486
17487
61861
32356
29428
60306
4387
92246
128653
62909
15938
115135
28825
53775
37083
41182
5779
105019
85345
85421
147455
67732
101850
37598
65462
49781
131331
44209
76251
116778
86149
24745
39133
131987
49356
39906
141242
77967
96123
70645
60460
79996
42864
128974
37740
117635
2570
63130
5942
14008
4395
106099
61
108760
10627
118242
123588
64360
99056
45407
32042
32776
91021
99407
148552
75831
80944
127075
112559
102151
81782
95361
5214
57687
96506
8520
65966
24656
5175
128735
77961
96638
128341
25595
133622
89012
147740
101760
4938
136287
119377
121087
89766
86399
94567
12059
52363
141717
12342
115708
111708
26928
131793
26827
103211
73727
52601
61206
111251
97722
99536
66794
57617
130539
102558
55794
141338
28363
98219
149129
4908
48960
31591
26638
19641
140972
82582
51094
124038
5252
6672
67210
120300
127529
82348
31949
59776
128947
83093
4259
1013
141244
118157
127041
141587
37756
116122
111671
85053
73324
11959
57255
125132
126862
100276
112348
106346
72895
78581
14717
90503
60179
119940
4166
54671
105176
48868
77951
60195
24940
62583
20291
39585
73111
38938
33863
88094
87037
148871
43813
66359
77755
36661
5679
112630
29368
62137
120302
125828
19642
86612
36378
116410
17572
65024
112413
28793
108543
118644
145438
116834
71597
118934
30266
86878
20206
78601
108364
62277
70942
8748
104446
17735
81719
94570
18302
76802
126398
32018
140283
133070
64045
23152
34768
84205
53474
92108
94104
64880
66934
39021
2216
25847
149882
48522
14214
50887
23201
56269
3178
78724
133115
107644
25768
84497
148452
124585
113708
41648
5139
31706
36220
45541
129460
102871
140925
89396
53914
81325
25863
80304
97192
143855
85949
66219
124843
18524
125209
89646
35996
115375
27054
127766
42996
143576
93611
20673
71422
44138
88422
52549
39272
5690
102175
127450
91583
91294
110689
57793
82715
116848
125611
26646
141399
39513
7919
45963
48062
18416
147172
42692
94031
117707
52248
83151
80236
17371
57677
59868
32326
47186
140026
110028
99041
136603
43588
127033
147692
89685
10630
56622
28065
142532
37495
136834
82181
86968
37388
98997
103270
129616
18894
20256
95343
100733
118222
102305
102524
124522
118436
23317
25008
90915
79064
138496
54454
112298
29993
94515
115394
7925
104659
103932
25126
95164
47521
70073
75961
25280
23968
97051
119241
84417
26674
91351
25852
43049
130758
70005
136553
79565
29383
61349
57579
142167
57208
74602
17390
74772
14548
132222
112684
11050
46711
113726
40828
144961
72764
111875
32972
83588
79263
146907
140224
54109
53565
137919
30301
145011
2305
126527
136296
56709
88176
114731
68117
35815
149526
107879
101243
90246
44142
145232
124583
95869
81270
93576
71648
122000
61448
49648
133078
123372
63357
84192
49124
123694
99129
76564
58275
8734
140934
85048
103043
100107
26573
8400
46759
71307
49791
36186
59553
22667
122148
143463
123291
68659
115208
115108
101164
109864
86342
110569
16979
46963
22649
9166
57168
137260
32892
26409
60564
130838
23017
13728
77829
148696
32702
61928
144319
132982
44821
5961
28058
73303
18283
138457
37264
99505
141535
129034
106654
81191
44193
17713
32001
94301
129222
32203
149298
120205
51994
7822
73465
84266
47737
16380
5579
17777
50302
23670
118520
23718
78286
19497
82551
40511
104152
77353
145188
31222
82460
96431
89541
7378
83260
12498
127046
85925
107798
23388
133248
64422
33779
83700
25944
86245
28042
28391
463
135519
42015
112368
142393
78361
130863
44250
135224
28821
10926
45844
78398
95726
110480
17559
55371
133150
71094
134446
121922
73504
90376
23743
62501
116608
73092
92083
77417
111021
65641
60790
103596
27946
111459
126050
6817
53082
69321
95051
932
91336
56797
9116
87278
46082
8926
83620
129931
69487
61468
75330
139214
95805
19043
65011
3391
37815
132204
10302
92813
77171
90321
94548
120147
20639
36653
7026
10854
55664
90536
123860
24853
4101
148257
29992
84943
41768
133180
29514
69341
8019
76883
100274
130222
45672
71046
99965
20212
118270
119864
107041
98056
13690
145687
65037
95124
53819
39972
31552
131553
112241
84655
43359
99072
82451
83834
10515
121742
64139
13427
148030
13611
89204
91022
99198
29134
111317
107278
85488
136304
29934
141359
37348
121262
55698
10294
52440
112016
15351
54251
105681
32524
29294
35607
137130
3445
120278
13879
107237
21044
3401
13596
71394
116081
61518
77075
53702
141663
49476
71931
118265
142741
100855
101990
66176
146433
32794
67350
74909
110363
130688
123260
112229
138107
57249
41544
62
113282
18084
17717
105270
18157
24836
19255
96813
53646
59593
42605
25751
140082
109366
48369
1857
61911
53874
75031
96957
78331
133396
26111
42870
107595
93692
92957
77494
144367
136853
136002
10496
64123
142055
12776
40244
142896
51374
122686
4734
93944
106117
81766
52397
6396
134548
46627
129877
96343
102902
122205
22157
110128
142516
54911
28760
183
92962
84945
43744
140974
9630
101224
6647
136004
124498
56479
111304
60505
42924
106200
116106
113078
129782
425
138505
95276
54658
29009
131783
51313
136904
149443
119824
26081
106971
23827
28886
47403
123877
123715
118795
117532
65291
110051
49697
91231
94712
49499
2304
11872
116937
64850
137592
11585
58724
80395
115458
57052
54608
57194
31722
65892
149051
78709
8431
97390
1981
1263
142256
78278
45940
27820
11047
102854
69751
89781
109245
95921
82763
86961
37025
49352
7612
81887
81990
73705
91940
24499
34664
38434
130450
104838
130479
83615
64540
73292
88134
102810
37961
119897
83477
6667
147521
74225
72080
53793
49518
52703
57482
82819
145582
141718
14427
1177
21203
30128
117530
23913
76011
16797
29746
142306
22414
34784
43287
85961
8414
36097
107304
115887
69984
142994
5916
148326
93971
76329
144380
129105
146063
25917
98252
101496
23080
105087
32694
70463
57863
102851
67436
67958
17751
130997
99939
55158
4735
76959
92758
93637
92533
84796
76175
86018
139397
36364
97467
90309
122918
96858
86450
103074
58025
103219
100557
81384
8450
140142
129490
40267
106839
134612
64186
97092
2829
110844
11769
10741
84011
67118
149528
99062
128522
48056
111103
73227
127070
108049
80309
97051
97491
49045
14554
94129
76726
100824
108963
30590
138106
126673
83996
145799
48057
74138
59018
23810
129810
71732
96316
13032
132929
20107
41602
34430
128734
113830
7985
86124
148083
146015
51352
36361
134743
88755
17653
147660
27986
85406
87989
129945
111902
75870
52110
25174
121075
136211
96269
89917
3783
85979
32575
89846
22146
76653
68220
68103
148215
77198
14297
50018
85973
71680
49601
38565
123005
22591
27869
96834
130976
136020
109536
15701
39497
145377
58712
43805
96868
89215
137928
131251
120556
49897
19828
129557
149775
144654
80013
41146
41161
93982
29386
72843
145329
123484
140127
113267
129543
49405
32758
68302
60193
48059
47069
6803
9414
5025
121415
3052
116327
117458
86453
38679
147225
93439
49350
1003
134050
125516
12301
92702
43449
62842
136336
117646
62640
22902
113794
124684
106030
44647
130899
105717
131140
84048
117503
35224
68078
103222
62225
133168
98073
137280
128564
106072
32228
117085
131269
104552
79688
61544
11594
54782
107989
41678
18036
111951
20287
111600
71237
39012
139062
99328
108067
91995
64122
7410
96507
89997
116596
135191
120337
26219
73018
115435
23825
50989
24584
37259
17916
75039
141102
15978
49777
93264
133126
36464
3816
70333
1005
50600
69925
143276
101030
85199
18150
100939
60026
119100
45723
13753
44210
55125
108334
85407
61064
35775
27345
4395
36459
87426
8546
92055
46432
114333
39275
7053
93218
66643
58827
62199
49092
149274
135984
30646
142166
26988
24074
18285
137032
123279
80646
38695
110162
80834
110581
122438
81201
89847
43132
74585
32931
34521
117797
74779
1366
82531
49148
105340
114599
141929
120540
86765
37676
145143
130004
109563
44172
73686
130491
98054
5156
39361
45288
69159
104180
85210
147338
41621
78203
133603
147069
83500
132269
71182
5357
98060
89356
123004
19531
4396
20611
23644
114161
110318
21276
30048
59664
59620
124082
2353
122805
114443
100060
111191
7257
108324
82499
28361
18757
138751
175
112156
18510
96383
121124
12814
33762
99769
117589
15280
56298
28772
116283
33741
61350
116426
123445
126339
115662
114293
124992
64829
77116
128606
22345
11258
149488
18623
30970
98523
26005
36224
119676
56148
28949
90135
114950
93074
112253
19679
129273
100335
145248
45841
78713
76602
75487
86693
46668
29882
96064
12601
117728
19835
96257
20601
148426
97277
82329
111497
50282
44024
66590
39177
53402
56840
75709
70268
97851
40948
105145
124830
68250
54617
38151
145310
8282
45500
50847
121926
75875
47982
45492
17378
117221
103081
88351
34594
16332
148954
87216
54758
38383
47655
64225
110900
48977
97411
31779
371
24337
59492
33195
145855
67742
40794
64436
26608
98842
101825
135726
38886
32905
36870
10128
103109
126784
102418
32973
108875
14697
125890
108005
35805
66788
102008
9298
88612
66289
97284
71644
20889
9834
66943
11304
145828
62265
1488
20205
34378
127708
64710
89881
14338
134509
135
108414
81836
132025
119262
99839
37043
87012
50936
146974
8851
121289
146057
89537
82185
60880
79804
140234
16108
131509
71572
13605
10951
13578
58707
129967
142624
128747
64363
15923
58422
29718
136299
61378
58459
133953
3511
90290
105031
35502
1524
126177
134893
109125
129163
25600
134488
74905
75974
15277
65891
144917
62435
40466
84561
56139
138396
78105
38890
33916
101186
96779
66469
45398
50912
42436
144861
139036
123871
33531
22049
21821
44382
79142
136547
103701
36451
9875
111979
105914
88489
108315
20668
96051
40117
118798
61249
86675
58960
23431
133228
109552
116333
70859
54537
65895
100453
48994
20866
106602
126556
120579
145436
100537
15245
96664
109819
90710
117378
114654
148884
12841
37534
122256
49705
104539
16239
89545
130650
146387
76936
35792
66313
145386
106706
39332
28309
115095
52976
40414
121172
118449
102462
38653
17542
22806
96522
36281
72662
2554
98540
79303
14034
142494
8570
6099
94514
18053
99891
113613
9009
31701
58153
40274
68893
82193
57866
35045
73515
129547
64066
138537
16781
91616
145296
144968
59690
93341
14314
142883
83523
23083
27854
65004
54098
74604
66487
36593
99602
47428
53160
27368
53383
132485
111043
57954
92355
22927
149201
69606
72752
98111
41448
86774
97264
142554
104202
77348
49671
143380
108936
106671
67599
109318
52116
1049
31608
71572
53125
90800
82067
54372
19931
107597
112666
59906
119440
94468
41371
116155
40131
127196
70388
137092
56227
124927
73221
57453
141031
116186
94481
25989
121685
6996
22977
22093
122082
92939
59453
101189
149187
129089
143447
120103
128161
45496
91572
8212
13556
96476
92989
95973
90863
52699
40920
30472
79739
104119
143289
30752
124369
41136
103
147718
88715
14343
71550
74403
146426
138767
78831
138069
94675
29778
143843
13613
137577
127998
96842
99721
27437
96327
79725
60934
33062
66403
139841
53340
144039
93769
111692
85253
114243
146107
140721
112179
66999
107760
63691
91644
135896
61924
15630
97528
97367
21980
2186
98600
145233
143211
47149
41965
101807
28449
30768
148221
119646
26902
109124
44207
85349
27071
21026
141289
92351
7860
8427
65964
113110
93353
19661
49473
36037
139524
25067
40269
33006
69243
84647
41958
128270
33991
123127
50640
22588
70885
127729
87542
71857
108884
82164
119582
91200
101376
41720
90577
75489
87803
125467
122436
89022
84065
20064
75646
56459
26798
35
116012
108646
83196
83035
87374
37279
62240
91720
128160
18335
29533
142341
53881
90057
143644
44940
127055
141795
78763
123366
29079
44224
10667
71000
136372
5073
21683
65812
80110
90338
64538
13853
45434
35721
88224
129564
30899
51892
103215
51845
144870
53528
44948
23190
95881
41707
55904
120809
87391
124280
79164
43343
9539
36073
128883
125353
88262
35399
137129
32445
93895
119866
61598
11118
108886
26998
99576
126230
92455
11851
82693
139930
68957
20920
135896
3778
93807
21635
117408
11197
55534
34724
1197
126323
74351
45095
116504
26613
59331
98208
72697
7491
17683
19658
86115
76282
64663
137477
123001
87702
42364
97755
54323
98625
23462
20938
21447
143582
141837
37844
47607
103943
91339
112654
114213
127892
100535
106712
49916
97168
70870
64520
51803
91730
72620
77633
117197
144136
119482
134368
34701
73231
148858
55136
57075
96690
122407
30691
102442
91463
30898
16725
49025
130151
39795
141568
126186
71583
21064
49188
82734
122939
13286
89933
75336
110280
118153
85227
21373
682
148784
130044
130934
72519
143920
58815
137555
142353
126514
44279
118777
58550
64244
81479
73913
46210
59926
65446
100755
102367
148889
140192
128954
138032
43667
148397
118232
23558
52037
143570
92184
119979
13147
97496
69765
81450
76520
53008
95532
19235
64838
2120
26969
128542
38125
127066
45116
144977
54988
16291
3782
99356
27264
50848
141068
9946
33232
121616
2330
124715
127103
31497
125382
83086
59772
142421
62876
107420
143936
146275
120902
956
135794
120450
49107
118069
116737
37075
73731
141408
83098
139743
63763
54938
62296
57697
5792
118097
97321
16594
51833
10147
65695
87984
138574
110107
31047
23059
85707
124530
84861
94246
136492
43414
126105
142214
89646
113915
112668
97268
84906
9821
57263
17370
54224
139107
76480
74245
147246
147292
72340
139417
64008
37903
42701
128044
9018
20582
30497
131878
127837
81236
149760
101250
3719
71110
61202
49459
88743
126526
33384
88332
144512
124005
93298
109536
139951
51647
76525
131863
41558
95880
41095
80448
19744
28018
39230
149180
64460
14795
29007
63908
31750
43374
95988
96598
51482
47147
65591
12789
70603
17718
109126
104241
118584
114655
127923
59451
2614
51936
61705
55763
115703
142869
125409
37307
93674
87494
47623
107755
99437
64780
52688
107026
124840
126594
44913
15702
115540
104878
15189
940
8130
3929
112440
36057
24339
104178
142148
73387
63631
11105
31469
107682
24326
50803
817
27205
90341
29996
5006
28051
85912
86755
108851
139284
18674
116003
49732
110325
27189
123454
71201
11185
148055
7507
54821
92515
60712
37150
149004
144435
11226
50163
108519
49795
47964
52994
40709
130901
55316
121816
22909
26385
34508
2780
49054
40137
117292
124487
12872
108638
120157
130708
10799
50984
26555
127652
17007
45149
1303
31043
8177
41245
203
60231
105673
110794
10120
24534
61395
134111
49198
28888
26098
108986
113156
113338
111837
26196
73736
24885
125413
131989
34487
111043
51625
72304
7926
107733
147281
75549
414
14345
82745
123358
29712
57463
124249
51093
119267
125054
25049
117796
90380
52476
105010
8113
110261
123908
11966
30396
141232
128581
52970
21116
117318
47763
50311
4129
6164
111317
143229
89587
33303
142201
91788
10459
14934
78619
31771
111625
95850
100261
114119
130084
145995
71863
31356
119505
92919
120017
70716
7439
148603
140514
105799
131696
95435
15197
63166
42511
42413
24302
131555
113784
145733
78873
34501
118088
4439
119616
18146
74773
132992
45848
53568
94065
86054
7476
12630
3033
113723
148940
106768
95038
51536
59920
81457
119357
136014
116517
71924
146779
140011
94375
82901
29140
140297
26797
72725
122232
50137
21752
19938
141487
118748
119089
128534
139685
73941
44222
13640
143612
23282
103535
127945
141699
144048
15257
101077
30151
11105
81818
24732
81567
99892
58241
2856
112505
113774
27668
148390
19422
140811
62262
61984
71773
143490
89497
119802
66742
138813
94206
137043
129505
24318
43834
111462
142000
123772
56090
74465
71304
115319
135098
42353
81642
71328
144078
78273
70031
20410
2678
27197
124425
115290
103753
19978
88925
100979
16800
121240
130320
69065
25115
117819
58309
140294
139286
133756
38267
104362
58015
91376
51009
111963
97970
104573
47997
39526
26796
92297
1784
7077
105093
140645
142935
56960
125288
82682
47422
15789
2950
120153
111856
101464
28965
55250
94377
144334
10505
94891
74055
15559
26621
37042
138092
54282
74898
76879
70328
60130
104365
133595
135553
87702
63857
108678
85095
21122
91715
7183
137450
65666
143412
129525
67060
44653
121067
143348
29367
148359
87035
44530
110495
80324
103157
22272
129446
33789
117320
20864
126785
142418
30913
39291
126705
83120
1728
105227
88318
33355
66521
123741
70621
138725
80471
35608
64607
4199
80922
143580
45957
16446
142395
8580
99569
98345
64881
119015
122561
94232
81781
36383
49157
49120
7373
108616
121580
83400
36703
49427
63306
118902
141669
66748
104240
113009
20797
9361
75237
43694
68028
131175
135443
120757
95236
126829
28187
101211
121551
112968
42831
142939
93181
127901
134385
81126
113088
78736
11092
66269
68765
149735
56179
91678
89416
95781
37523
116782
125821
15622
62683
95066
31374
68423
58334
107880
87613
67972
60691
55153
71453
61692
124357
88127
137553
54359
90750
105490
23908
140699
60605
42854
19890
11996
15539
77514
121938
149906
84503
77747
121390
44122
69870
78089
58397
73318
109008
5605
33809
120175
88365
33509
42089
118215
123653
100378
60025
64385
132131
127456
71114
140198
58821
50045
124831
7310
59307
53332
39793
114711
32541
95752
33648
21035
91686
62813
119389
16300
91635
28785
85839
68904
27308
86946
144328
20570
85346
82370
60133
6885
39883
105878
113753
73332
37294
91792
13859
145154
7765
71485
31926
87595
136048
100930
72492
145158
16818
113938
78776
128779
24015
125637
57050
95229
134861
72174
122995
118698
74765
58277
59905
34441
15818
139993
70858
113579
138660
67545
135572
57340
42886
137896
109527
5242
86707
32486
26350
121407
111821
102041
126825
91675
54258
12740
25656
101488
142785
103985
100420
27069
14966
130685
53048
16284
31642
94770
10722
37450
145557
69114
24337
93273
36805
38047
8571
102093
122664
145465
143093
134169
67928
141813
125641
75645
102915
139287
111550
126426
35766
110326
11668
31687
127441
32208
35610
8547
70423
79863
59978
28792
81529
114824
99187
104931
117915
33796
99535
64909
17824
58016
143913
8977
14015
60485
125422
95835
73211
136992
6862
65554
49703
23135
71628
74197
35957
31886
120932
45869
108285
73463
45550
60892
114298
143158
104333
86778
64976
35404
118190
143098
48167
121504
99363
143606
120649
14744
96169
57899
101183
93109
71691
119699
18622
43642
141513
24701
79831
104867
81810
4726
13848
75127
13994
61856
9702
109745
118874
7837
137145
20504
54814
120933
89659
69251
98242
41989
141814
102875
41900
7321
100318
94566
24205
79353
148617
23815
51826
11187
106759
145545
90048
96001
134334
99563
122480
63046
29756
122454
73751
42737
14797
31771
42314
146440
145215
8476
126781
58490
112658
137690
42447
120062
131631
69257
29469
31884
14179
74935
70210
86384
107421
12424
114703
111650
131982
14410
20022
134917
2540
85390
108252
119193
6076
46482
88722
27756
145756
70726
62933
73137
51544
47389
67182
36996
111404
93089
18694
122548
123335
54648
52866
772
122122
31845
31324
114260
97388
107498
869
44620
84384
106399
118230
146659
122670
142001
147506
2504
146902
107081
18140
66902
38429
62154
131382
147804
93256
105974
6059
149112
126949
83300
85811
53000
4110
9311
30532
5166
2429
94399
133367
74012
32946
86394
127762
143615
100211
48879
74231
48912
67950
127069
37891
78455
138365
107953
75544
87020
102951
136188
5200
90046
120295
94581
73496
130347
117053
11508
14637
105184
41897
95995
83531
105713
26931
149720
35432
125251
19020
146965
69545
85915
97069
146928
25617
90045
114846
129414
25106
4512
148867
61521
38257
23467
149266
82961
99215
53014
41728
93585
29070
14980
97438
24356
51925
33734
30356
67525
98690
81963
58509
40429
140632
44741
104144
91130
128189
132141
101759
44016
61341
42003
24790
93737
62123
930
78384
140483
124861
41806
73155
90955
80978
75007
100118
125206
91634
30847
60068
35029
112085
36790
144992
22917
9199
25938
45345
103553
94992
88785
102653
119543
63829
77672
16095
294
116160
143599
73490
109008
21812
85952
127829
72616
61664
118453
92563
69078
78926
145414
129624
139117
48721
67226
106790
43837
115736
67270
95592
143883
95415
71602
134801
101127
45066
34389
33270
55206
74036
138761
99846
130513
35088
90825
20930
86690
121770
38739
57726
133513
44954
19684
134349
141151
16188
129790
6605
113903
52954
119765
368
15136
148150
58343
146443
55302
146820
89449
106766
25834
104224
10557
113577
86015
107542
21012
125710
11317
132998
5441
49876
10144
85306
111027
82063
10313
9095
69777
84557
37210
99306
24175
46674
118249
69141
68795
123626
35446
31518
103897
88193
98233
60617
149975
123209
15254
9707
24948
86870
111125
126002
42898
61625
138734
86567
80664
13935
38502
107276
94451
120239
81109
95759
6393
78618
13120
126550
126782
73715
52119
22360
61294
109295
128744
90616
146025
97725
89517
85768
33102
51850
112649
10364
125976
121774
142681
75864
91799
79382
87480
13161
44743
140123
146257
2068
130380
384
36157
47292
118492
146135
125810
67273
108891
34906
2035
23714
108821
75406
33173
80855
25568
121544
128899
122825
149657
108150
138975
112134
34983
128314
69812
74838
33014
16206
134246
103338
24448
66432
53390
111464
69101
26345
43331
35323
75060
46422
32742
122596
123029
132998
139844
121572
38011
96260
29038
46264
21460
55905
126357
141451
14841
65973
28534
54864
120404
35408
14454
114343
102451
116596
102274
43304
144487
67713
83589
52767
15909
111655
47678
117565
142714
75402
112034
47156
85515
147648
90352
18741
93132
35362
757
53226
68374
108492
105845
119461
62163
97647
75679
25857
102194
93339
126444
43850
3077
32787
33267
122929
124298
99517
87332
127978
39726
75050
52024
104481
5993
1184
87696
96527
103330
144977
105267
120414
106590
54850
133742
102778
60609
4625
48943
127263
35062
62266
27044
114545
33
53318
26255
145837
126593
31764
100232
131785
133555
51820
612
56194
83194
68264
134990
76880
84483
39921
10045
17055
52182
139959
12709
108751
60623
42876
133001
135128
91066
102890
57621
106815
84605
65948
25458
142185
13239
127574
9659
34539
140165
115042
66185
1735
76739
128376
39300
75340
27928
132504
146341
67953
9435
99067
64223
1029
51838
81432
29278
23258
33043
97085
74207
54268
7245
93057
147786
132863
21462
44783
10532
146798
143714
28221
115587
139256
91087
42367
103893
67847
144240
52703
74448
102928
45048
106431
55359
147134
78028
76312
23861
28877
46461
23197
20198
129629
29236
111199
114027
10180
120165
127077
90003
122909
139439
60106
120920
95779
83732
95719
96567
90965
1409
67719
36796
93152
117933
39586
61931
103545
136575
54564
113358
137833
48509
85118
136280
20743
59984
83545
17960
147589
95624
42244
146059
26064
68244
44963
96990
73157
70916
142545
142250
54859
11739
34025
90213
28120
29165
12189
82679
149840
46447
73798
130798
58054
44412
85894
59631
25943
52681
135667
7223
96013
108250
136977
16485
123083
101644
93255
133038
74975
117585
102279
109602
8767
78303
91359
82740
23459
128159
112447
32834
70770
82012
33104
95410
135470
28311
129269
4707
57451
54986
81558
48516
125005
135231
120567
79004
14992
58429
62970
116182
98165
104667
85900
27346
38559
144888
81538
102278
21409
77478
92140
87259
55213
118307
123433
92845
91769
115132
108860
146267
19789
105273
92998
130600
45321
70951
44886
92551
42461
47012
127163
8829
101471
25647
32273
2334
107137
81848
44014
122656
86639
138409
58194
136937
80056
59891
42368
38230
137756
147805
38516
126023
140867
112667
45834
142187
73803
148017
131372
66228
91855
76605
121520
24207
57715
146646
115141
135852
95172
122701
57776
14432
93011
97950
112599
139611
14526
54689
144018
126793
36292
140116
118911
24391
117583
8458
16946
140507
26389
60252
106864
82248
77439
49011
121278
124648
126932
113454
139544
30820
5439
148916
112123
59068
114911
125484
137261
58387
16173
5486
40068
73213
108037
77181
15224
104270
103618
149654
140484
107744
53344
10279
35136
99878
49239
123048
94895
97031
113203
17638
63040
129792
31386
99631
50999
11949
138607
4748
147591
77623
92724
138154
3535
56912
57391
111590
21745
149642
115520
27038
50770
98311
49567
32225
99480
109117
105202
29781
123359
16135
12008
147534
119742
71435
125216
95535
46695
29797
83146
99183
85525
128025
56029
51633
15912
62953
103474
22637
112728
112572
139392
145079
129736
40570
75097
65055
104430
32388
32916
48187
106702
118187
100418
6912
123192
92787
32491
120705
16032
141530
110473
34780
15594
144871
1
109331
122216
12366
93808
113135
53782
23001
107581
121581
54853
56464
72575
131877
146939
107484
53682
35252
43578
88605
24320
87100
21838
89296
13231
99749
24355
33257
6569
73469
24179
42531
120591
32727
112698
61085
147105
141955
46319
116810
60137
20344
2116
41773
28240
45232
52340
146321
21162
79251
134805
32411
63554
129205
9408
148307
100793
106410
96950
90701
114445
144333
54788
146635
85529
22196
56505
78570
33497
106646
38286
19936
52998
83113
49061
33553
62592
48
96236
29303
149743
81071
21907
22443
88048
66927
79987
8205
105148
53114
122642
84662
37094
37053
64844
9672
28337
118090
884
128146
23221
138994
145167
86025
59069
145139
16291
141979
82043
51831
14660
98378
101413
7648
712
9832
68749
125531
111860
64032
118143
41834
125142
45865
34543
83488
119129
37386
149797
85337
45786
145243
50706
45237
62176
89711
2082
65265
68368
142956
28699
76681
39081
108318
143248
45435
41184
36599
79214
137858
95676
139153
61582
116438
47843
144633
42140
66747
146187
4509
17424
90902
12148
2890
124673
36514
33774
40972
16945
86027
135277
64316
96916
13152
86538
70472
71782
117888
74990
24637
103640
47641
61800
70531
127613
78462
127213
98917
17674
14354
65961
101242
81054
74133
50719
30825
101434
108314
106377
141482
35932
133802
57468
85944
48254
27657
59273
140909
489
13502
149590
95105
124299
59594
89522
129948
73648
113924
105479
129126
29611
104291
79418
144301
101980
68474
124777
106354
46578
4886
5635
145571
75483
127260
138914
106446
114404
131888
126430
136228
110746
29176
106225
90808
148753
79518
107944
47509
93066
58973
137218
114051
111087
53046
94568
59076
19039
4459
12161
48018
7950
143499
65276
43613
124492
41685
40938
112452
84604
130220
32824
133646
6925
69894
130965
85189
55667
2288
11662
129795
64076
128185
21082
112075
27642
27027
3450
140519
72765
123536
71099
96308
124433
129124
102836
125321
137622
55106
25850
90621
36055
145401
16434
61926
26581
61435
133531
22070
72215
77143
72697
149030
24029
28934
61289
9088
135640
93562
107795
84110
73227
16490
31670
116293
136337
84638
141425
70569
135005
94781
93458
144354
53019
79165
132016
52749
141390
49985
66022
113226
33686
55307
18160
148600
53432
81026
86267
58871
10311
59759
90818
18798
89297
132864
98645
76074
120320
48069
23005
140898
1671
62962
146774
48006
96494
118259
33981
20038
25535
95007
101997
61123
85617
146536
90300
83730
42688
63397
93958
99373
101581
118835
15519
31259
30478
28387
57782
121117
88621
1873
15577
69057
42398
37781
119127
92662
115410
82090
70941
123081
91201
16363
47404
57593
73122
142829
92462
93484
129722
23022
13214
107502
49323
129110
10932
32458
114841
65542
15327
14500
78537
46684
71871
66547
116267
21805
9474
44053
106046
118384
133745
75331
30183
74968
147363
23329
63517
93436
49839
70874
42759
39218
23211
72655
75984
58605
78767
14621
37618
144479
139987
45180
3670
6049
19965
25249
97397
138764
38847
107167
48204
52288
50286
92397
36707
53686
29130
93628
87780
17617
61827
73030
19230
22993
75001
144447
80459
38164
91601
6886
58158
19192
3764
39803
139627
62139
36713
54178
1410
107897
118868
69333
86354
85832
194
78762
54200
123184
83217
27951
22914
126176
128289
122620
71743
98843
19619
8853
85254
60050
47785
54878
141703
145963
141138
29638
101598
67434
71877
140793
45676
63431
71402
131781
32144
74636
133788
73443
48287
107659
111374
105958
91410
145092
131886
36808
32736
78048
103878
92917
2069
115985
104248
135078
5054
81893
36217
135521
144168
89294
113172
66527
22444
74026
89978
134073
77139
116487
97114
11536
109083
46620
36124
133993
28772
38688
126281
46778
81194
55131
65833
109753
20253
118512
61307
138603
133427
83518
111902
27727
43851
124571
4864
141029
78857
51347
103624
32479
132743
47202
114438
118696
83304
11655
146445
96549
31736
76516
73570
33639
143805
110881
145552
50441
17461
122830
10829
87434
91815
73478
145313
38062
103413
118533
37461
14220
98343
125588
33138
117601
140916
51573
135902
94868
88194
98222
101319
39070
63263
60504
144278
35435
64443
113608
109857
132841
70274
90388
29811
36365
20153
102097
116788
128917
138131
38366
121815
83933
98796
74456
122610
42017
16439
61506
19207
34493
131586
19574
3030
17388
30914
34827
84413
23655
54312
31351
40931
103355
124924
82510
22022
103939
85614
143755
140658
146489
91777
20400
102128
146257
145741
88132
62792
2528
118082
64497
115568
42009
114245
130292
82778
48776
125796
73972
122819
104996
97619
88282
140624
122338
7343
18377
96070
11082
32288
57171
42156
129343
9286
142575
52903
140490
122778
16511
33921
2010
9290
141823
15116
35627
60257
87279
81638
118474
91736
19996
103949
106085
35155
93860
90406
127610
120636
40829
77834
60672
58092
54107
424
13264
144085
10144
69692
29347
100640
7469
14924
124086
139187
165
55027
63335
117061
104287
106996
23767
13071
88968
57162
96241
120260
4988
13023
88636
106092
80923
78876
43830
8308
109012
4871
84634
95025
99263
109734
100450
40108
19893
91513
48627
70362
75063
95166
35836
54126
82976
137725
105515
74160
103415
31823
142133
69959
7016
41119
105130
87511
101952
47281
87742
70018
8153
22340
122373
29133
129742
119056
4602
11366
78187
37113
31079
36441
114766
122579
38807
74417
124677
125628
88353
26481
54604
19849
21158
6500
46273
6841
13023
87899
112004
39515
139385
12967
47698
79513
100401
128337
37978
113611
21247
148511
47653
35732
136154
45482
100914
131961
104855
63375
943
66787
100443
73058
52824
140034
79479
72774
1022
142336
136203
45649
149816
53954
76142
124444
62639
87596
81605
28584
108902
145241
1066
144885
138676
118710
63595
26976
144221
34552
48544
982
138583
20303
95405
5177
71464
61238
84909
127735
149778
56446
146210
107863
60532
8168
34638
132071
60063
5737
76673
138839
111831
32635
86965
17561
4059
38420
5027
56019
115206
36608
136888
140161
61755
21850
7642
84393
66434
147075
6291
95722
16942
113066
9131
115737
103594
43808
111040
118087
27355
103711
79653
51868
140382
100370
4169
120444
135162
124393
100736
47761
70849
83895
82696
22726
91507
20015
141009
45996
99093
110492
62924
16698
30597
13060
91377
148318
148641
129943
120385
126249
61324
75122
39790
8220
69456
147233
143261
92631
124050
48548
20488
68126
15154
92925
1907
43006
37538
94040
66224
70719
20597
22805
6507
127634
69896
3394
104787
96583
137992
80303
127887
139198
84756
18194
98138
148972
133467
113004
18326
57684
51825
18459
106924
40275
87229
21934
30569
99540
108353
61735
82703
89648
140126
30605
124548
1720
75473
96632
63141
50200
117837
54484
107124
97713
17918
102730
148219
83707
130848
120628
103654
28546
53911
61852
33196
81960
68020
2586
45472
82524
145542
112983
36462
129768
33982
88434
102386
147194
79833
111544
43921
47128
35497
81998
15288
70077
95589
35839
33401
132442
100502
6373
4108
142914
58664
93791
127690
100114
61764
119543
76786
99326
103395
143996
55271
108176
43778
78756
15579
33456
59312
125470
144659
44453
23306
56524
91146
584
91880
37105
49412
686
578
117905
116410
30682
112710
109042
94108
93453
80156
76220
176
85998
129084
55772
49775
80445
82042
103906
53618
137157
24516
142041
5502
129668
133382
1205
146776
63665
108078
143320
89664
47061
39050
14542
144671
99313
53816
73049
131133
91658
60688
87440
25015
3329
82384
34097
114341
114477
141278
101262
9623
149860
78897
73884
98630
94234
8793
6307
47714
3862
94481
68459
93028
136040
52217
84050
53766
32016
39051
77828
58040
105602
66401
45816
104861
140175
2156
31634
4698
12372
133535
16764
6250
86516
28471
38583
101982
102453
27827
88675
124304
79207
110502
91808
99832
42415
126150
146689
74126
125544
125358
2152
33020
23265
89783
138026
93097
51405
77807
81013
38549
48682
60877
4301
98563
114606
24140
101961
62208
89741
114977
63481
4276
55451
143634
54290
107841
38495
33501
7377
108603
128828
23138
109711
99730
144933
111613
31026
70501
98619
101688
92753
57450
120279
118244
29892
57005
4299
26212
140281
85549
90262
121270
71789
109086
67586
83353
140503
48203
64375
69505
34445
77602
135615
18018
2912
49721
104747
37592
34341
81931
40359
29286
45966
116388
7804
38619
68206
60640
14466
118705
601
132441
55141
36008
77015
34315
28563
106042
45990
140417
79254
147321
91111
121618
138370
70214
75259
112195
3969
25991
85743
57085
111210
102878
97323
9417
7670
119876
28057
4831
133717
115760
107865
1475
148431
39559
4278
128276
112628
76073
55450
104938
6998
129895
35137
67789
42993
59888
124576
68068
52405
77505
29502
71834
46036
102926
110617
55282
41770
40413
31085
146919
20050
51908
12256
89142
109851
120778
143769
62756
57382
25151
123011
149723
63660
10936
11687
108659
36096
130868
35255
54863
111050
146838
53950
127083
14613
28816
115672
30182
8697
116574
134885
36601
64372
107656
88099
32311
25225
15260
116460
317
57644
66971
62098
129875
112339
95744
121345
50908
69838
39940
55403
111045
125958
51995
81699
100916
101249
121947
19249
149950
133085
58256
124621
34345
46512
115808
31406
128315
105770
70124
36714
126200
83880
72066
4566
65557
3534
72939
8681
29913
127412
98873
112563
70155
49323
108406
239
108380
93951
93167
126799
19798
63923
44430
99795
21601
71415
90706
836
3286
107631
23559
64662
57124
95032
23683
132159
9586
76403
34145
53356
69553
49145
66586
53633
11836
111411
106232
9486
132702
100140
142091
3491
74268
107604
23922
95140
143071
54723
98043
8425
23920
111542
66246
120952
103238
73989
64530
146333
87623
100574
26944
119117
106973
44970
42132
10585
47467
77396
68031
130035
2025
140101
2965
18728
143972
56484
91269
149401
139757
45976
88306
127832
40804
65738
148669
131734
70809
52372
82319
64468
87633
45386
78369
95290
139473
98279
115399
40176
35765
126316
72020
27500
532
146250
122945
21562
84285
49153
17075
95987
65066
37988
55815
54456
119798
126597
90776
99980
61921
52556
58679
76253
120516
93902
119101
6252
23334
25759
110714
112779
115534
106885
44101
139944
6586
81595
18258
79528
58651
14878
58586
109198
59213
27221
1183
121065
143807
86990
48386
55848
24538
91848
94218
106305
64513
64898
141085
76818
119061
25926
29041
113071
51780
72384
25045
7302
24862
123134
50199
71262
20156
72917
119490
89343
79794
32112
139432
10675
12773
121655
100524
114233
148897
146704
87408
145618
95088
10093
17135
77066
412
95103
149063
49523
125843
134426
27075
135349
47930
6957
111325
45510
57198
93814
99499
116854
65398
34267
72072
63606
126344
134032
146048
48206
77034
126810
29280
18430
97295
132263
51680
85424
49269
114679
98841
101138
131844
63686
105005
38922
34152
128311
77569
116583
103973
135228
84327
134140
572
138952
90859
97777
99572
9559
122588
17372
70912
33516
33464
8810
79434
119004
14658
116997
107386
73270
11666
5875
36766
80243
98784
77065
60770
37651
63240
54539
85135
118001
50560
52801
31515
102383
68408
65950
89149
65288
14135
44115
23171
16430
26097
27601
41023
126060
86608
28857
87651
8257
76963
4761
9455
103899
141999
27516
66260
124468
120534
61712
76684
2666
120216
49591
71117
107153
63780
109603
149253
93036
51154
99405
71655
56458
15755
57256
78224
66418
128058
103295
79651
121475
95226
128409
63461
69121
69410
112476
91747
12126
97068
123846
42114
146900
131282
40837
41860
115350
126212
90672
110835
53150
37250
85662
117090
136850
136545
124687
107570
12452
125186
62654
35499
52402
43683
128318
44534
79804
593
121734
130876
18453
137187
97200
25965
108828
24148
43589
570
7811
135374
66108
6072
93395
43761
98068
105071
13478
138469
120364
16507
122509
99128
124300
142356
12646
75325
62755
117970
18095
88241
142451
52516
141155
17587
31416
44913
68901
23078
44922
131725
113096
8276
40379
76135
88137
77306
66350
127029
109438
21041
115003
45390
67535
75050
109320
3276
62940
36957
68673
63018
75476
116890
27865
110441
142130
49703
83577
56841
23092
74305
88867
85138
67069
3401
98738
52996
112742
122365
110723
72776
101538
89991
109557
63645
37079
135737
11461
36215
72592
73697
126000
50841
34976
124059
65222
75313
116526
64648
28169
110787
104496
11061
8622
130461
147888
131872
31107
4215
127076
78457
24121
29444
95014
52958
135039
57963
108920
45508
45011
24664
86753
59247
113080
53729
117915
55430
13942
81485
55147
45458
74669
43168
16289
47893
31635
24346
11183
73079
24227
105534
69581
67493
27609
37811
76568
135914
121472
84429
106056
102700
65795
90247
43383
46897
71558
107248
115381
123768
32562
49733
32531
146845
115632
4091
61819
13129
25461
19575
99473
63866
2994
112646
73920
38325
149101
58491
35290
112232
140187
3893
106667
65579
14598
56528
2085
126758
11533
44850
91360
29998
38561
108710
105577
95731
121468
47696
27410
88423
112049
123296
47680
81442
113121
134330
53084
66413
84546
121757
96044
50499
85308
87658
5107
10843
113696
29808
27671
133277
55595
74944
30830
22770
51972
19508
66129
29737
107770
94823
102064
136026
52537
96776
40433
96944
35060
34674
144618
69918
36829
110940
42538
80405
82684
56575
86909
120370
146535
47818
47580
139520
84225
3978
3791
83080
129448
92245
60964
135811
105416
102697
55296
86723
23700
144059
147704
35574
21059
67308
119183
70811
26041
113217
128394
17613
89573
85918
148450
67624
63357
105162
120056
87283
37319
29674
115561
75637
17915
140813
45352
12655
103968
144313
7047
20838
1706
40781
30061
129217
87189
77595
50954
136250
38487
130172
3802
48308
138561
92512
82509
33453
130399
6877
86332
135150
14931
48754
119256
140524
92752
10710
24150
5608
8462
61724
92037
76881
117285
88932
21385
115891
61608
61560
114407
44265
127044
123606
129372
141747
55337
60667
67357
91514
116789
86276
104263
24321
48058
140446
126713
121612
26559
142627
99977
7823
145510
51434
139870
27011
104046
37730
70706
76122
21148
123964
36697
21947
85379
137351
75305
101610
144922
41684
44367
80842
115766
2573
117559
72808
141811
44049
117642
136562
5925
13223
95185
45738
104422
143821
66532
49461
114127
53203
112449
125437
100325
58086
52266
5493
55610
102262
117428
132380
55962
26141
96646
35851
88868
33989
73302
2342
77110
145536
14702
146224
80657
97740
39941
120810
14939
144923
8038
48216
21969
4400
44952
116536
71584
28771
106811
92902
110849
81974
2219
71517
27855
79743
31849
80101
66965
26745
37722
2245
5116
80749
60368
147056
146268
46787
75240
83413
91135
44655
85339
96948
25635
19209
107038
54974
117847
96000
124462
62646
112120
98415
143985
44739
33273
26829
108898
17270
112949
86053
4363
59008
6727
109152
109111
9831
122180
128931
78269
124806
145424
149740
111626
93527
114524
6228
125310
44563
93976
94498
48545
83614
11278
100713
55194
73053
107433
26906
131270
73069
80957
104069
41371
74963
111622
32275
58341
138633
88716
143144
114070
8781
128054
16568
61525
115816
65102
18438
72717
148427
38987
100103
139671
130045
86679
54102
137385
6977
50853
39767
51665
19198
39397
102722
44051
130468
79085
78300
20774
117366
15690
35549
126469
25180
33677
126017
22353
116060
49888
116199
76945
12174
56967
125725
138588
30592
997
80135
74531
24841
71940
38061
91025
18860
23211
26158
34062
76970
138828
76113
112963
30713
1078
119668
80821
13797
53826
73898
18049
93386
119155
60514
79678
108472
92869
90680
57653
135230
69493
39323
31253
59207
61271
10665
110797
93775
97398
86629
21342
94012
73806
110742
19317
64656
19525
133176
105158
99377
12043
130306
21693
118266
30474
71426
546
111184
5898
27067
60633
112224
68801
114612
65118
53387
119252
92739
138674
111345
48221
107003
48344
98503
145110
143465
80114
15606
139113
18471
7143
35178
131759
35438
70358
146762
104654
32285
33579
48253
71380
123012
109148
118189
137917
128868
60997
12579
31067
22412
61524
141702
117968
58345
62156
124647
22329
3129
68212
58434
123118
122274
15905
61672
119507
127232
22090
93993
148107
56437
42116
96325
91571
11728
126805
116900
42444
7611
106421
133840
82791
123129
7491
81996
34792
42890
27743
98361
58023
125284
19811
49909
4
86130
134142
38846
27130
110449
87621
717
27797
51512
14968
17958
50248
85613
65937
26556
101494
42539
101160
22943
149023
41951
5065
118302
121445
52008
9293
51442
10584
79066
41668
19097
5855
108824
4066
64005
123961
137675
41530
134537
68830
28827
77605
38539
25911
79358
35719
75540
108295
22149
1171
65353
11639
116262
64696
142813
116228
117736
97101
130597
121512
72280
111897
138891
90439
3853
111423
73911
32786
40527
77751
108421
145181
73149
110312
65033
1118
37977
92780
1017
133270
66144
38365
77872
80120
57737
138966
17474
104599
143092
146833
43296
108673
136664
116952
127968
4239
134179
58271
97739
130214
71520
88761
19622
51814
137882
48147
105466
82072
12614
18422
118677
146724
109815
25697
6781
142334
65313
145045
11936
42597
89325
34226
26109
78140
6807
85520
51736
44554
121849
95592
16516
64282
57492
76040
29701
138442
102069
109824
110020
61109
16179
113598
111772
118867
10826
101583
74252
149213
137122
23202
134780
36867
29518
121028
125521
4133
143416
47361
97425
145610
32096
7982
73556
60357
140804
62294
7270
26096
26466
31693
54953
132413
123121
85638
57783
59194
110737
71544
20705
146116
109361
148263
59796
54457
76836
133553
75767
91433
87509
36525
99835
15256
142055
10567
111001
34843
149353
147667
112720
91368
91470
92737
128251
127982
7881
97032
122116
92136
122678
114393
79140
120352
19006
101467
78975
14460
79989
142220
123221
33561
106981
40311
13325
143979
44071
16336
84752
39399
98851
117582
59842
136075
120703
102154
71053
145271
86680
101015
38038
9227
94480
69791
51042
129370
18733
13963
72213
28782
7622
140963
19570
115977
21408
66049
72100
19901
114738
1302
7522
70006
60694
26908
104188
81133
109149
101976
47668
128719
34209
72705
109591
129487
135129
63578
117556
39881
24888
129851
9421
107746
144508
114822
137423
149609
71676
22168
30465
36613
76326
112657
13316
34784
137691
24868
1839
121290
36508
30672
24445
102257
110753
67409
120812
82708
131026
99908
97560
116145
123716
61693
25335
38030
94211
14074
19307
111129
35000
129141
141592
69528
58480
1156
63577
20204
77565
110334
25232
46799
87039
79629
32692
121212
69088
94070
76864
128575
44839
35100
68574
130016
51590
30567
17847
84179
56582
57312
92305
13692
102567
131894
60585
74970
128012
55073
92687
110091
109347
140168
83172
110701
134254
10625
85951
120495
81883
86654
81015
129183
12189
132694
130735
40651
25534
24669
40501
50124
69905
90994
64677
122162
108204
113037
50023
14594
16957
17017
53181
90343
37026
143561
140921
97617
5034
50371
13493
102683
45979
34366
26700
97018
147688
126209
66008
56035
56727
144667
83312
118417
50328
124340
34394
67367
88512
83772
147182
123383
54299
22756
48744
50045
144272
54173
12029
38406
80879
72023
63529
34241
5659
57415
68300
145904
147365
64444
48875
8615
73571
29666
82238
122737
51526
61375
31128
42087
61533
124709
81398
143584
99257
82647
25363
21818
124404
70112
13535
41658
49190
104558
72390
96269
146734
2737
148909
118207
130750
34062
106045
97912
73047
10268
17343
27038
1098
132013
86525
14687
27287
61643
70120
7427
80577
67146
20444
69772
125802
117357
30506
14563
134219
71594
5283
116304
118781
56244
77953
60785
114713
3922
39095
50393
72087
80182
8575
137634
93120
60384
17065
42767
55771
7216
115530
67472
77085
48640
109637
139097
71229
96997
63726
41042
11740
127191
84863
146361
117350
15678
76985
140603
62011
33210
96148
22112
119612
125972
60507
28735
33498
112665
32177
25468
102537
108621
15537
59239
113349
35575
77349
108166
59676
53667
102898
102727
124870
110819
93817
3896
25507
112841
85499
77061
57309
147346
114048
26876
130560
135178
126790
5518
23990
30441
57815
14624
30109
91501
12118
20715
44111
6545
138315
21928
134023
23408
99204
138603
140681
13008
80260
11375
59640
89938
142681
84487
50162
149568
71724
61015
64718
54829
68699
129984
21265
81086
86024
98191
829
26279
81003
124083
85275
96804
120908
68450
113188
122236
93489
50580
78637
41798
34124
111809
22436
30256
106908
59179
62406
15659
50166
129087
73181
85380
127430
30280
86413
21621
76581
53577
5810
41942
99577
34020
146590
71757
42166
1161
26908
8884
134841
57767
85560
2910
54680
1225
136720
148578
128598
33961
102853
2705
27015
148728
145209
31470
141470
46595
103749
121675
10170
42998
6944
34509
120046
4914
124416
95660
136244
76688
116604
84010
49145
146469
39144
85444
135715
100540
71879
102292
133834
18429
71736
69102
3252
144095
6919
98137
108134
13810
82702
127770
54034
43444
67547
60250
1292
68102
139830
120134
130886
144520
52771
107201
105707
80467
110911
100448
130176
138071
45073
5150
67614
35986
133659
45885
34647
146141
22933
24264
145559
95324
107455
77112
9498
22174
103199
121737
105940
50709
4634
109852
138721
104030
29534
137668
142342
6785
80281
126286
114257
20076
12871
51404
31103
7627
98483
41587
3100
967
38512
34967
8037
88666
12762
27575
16046
39968
126500
125217
124244
89643
16371
136286
122153
109611
91612
22303
100411
128826
148640
58327
105864
145361
81609
140700
113002
141329
48265
119691
145256
14061
68558
35755
146567
29683
1063
55576
20403
42224
60426
145431
39233
37977
35991
47055
55330
117273
134036
49876
83286
60061
31660
139877
9214
56504
62475
68652
30774
66972
110885
78966
13099
111581
145585
37003
148355
69100
115194
97096
56999
64935
113534
76801
94280
54082
131559
87718
87381
65784
55270
1379
141960
29880
29170
15748
99413
59973
97128
133019
84427
80954
56917
146054
132812
69908
108222
61975
73777
41067
37255
115193
52889
64580
18556
40560
95341
38993
89459
37775
136187
56578
59516
102427
117920
122296
44700
121801
52603
1894
43001
104096
43380
77843
3506
62028
72580
41660
103652
125670
118961
26492
48000
149270
147410
89332
90893
100836
43288
140062
92659
80102
112918
15568
97071
105139
89190
93290
70415
59006
27103
65651
46278
142847
25891
98390
90526
139696
8980
105602
102157
100381
142257
145728
67089
1754
112502
56485
47078
53795
10525
103494
11422
118292
65315
52854
56577
55724
14485
13571
127004
36318
73356
5303
35415
125527
82298
6726
99362
125334
121562
39354
16538
46178
76467
49639
41702
7073
120289
129427
25820
23847
110417
72723
5476
92654
105640
30461
29439
125452
87379
71693
31808
97923
116356
124507
11820
80574
71246
70621
20030
94546
48483
30032
139725
84622
9874
34962
144447
85143
68668
73500
46730
2037
102205
103420
50445
67438
61539
86476
70958
92953
86592
87918
7280
41646
101700
8750
39418
130896
60596
134326
34945
56253
132377
88409
59475
103721
98107
110537
114174
16755
29060
98966
111466
74419
131504
14647
92127
121080
136270
48215
83766
3799
86808
44296
12450
107312
78460
3707
83864
50338
107811
13923
25186
76417
125822
4345
124285
57762
100990
17790
21521
67095
50028
125720
101192
105397
1099
80021
126601
60235
128757
85521
42105
25759
83666
8232
137782
17364
23681
11041
144330
109769
82140
109823
145171
40353
36766
138531
41082
22878
74096
13928
132380
135795
137132
53282
36666
142886
106896
115110
55825
10924
20494
128612
49183
22807
16517
148919
58992
146312
130958
62955
58484
125451
57515
109757
70427
62868
142572
139810
69033
117080
18754
86524
32570
146687
126636
114639
87123
148313
141156
53269
51035
112574
60416
117101
108313
87261
71406
85115
139748
147436
101080
134803
90134
87830
7477
53825
22061
107276
95709
136914
96204
8112
7519
143537
149575
7593
101585
23730
10428
62626
9537
118771
7787
41996
83923
111357
125763
14087
144167
97160
117956
945
98339
75966
101404
10520
80406
28507
52665
2380
59434
149477
7600
31511
2562
141569
140533
65101
24700
127842
51172
56631
106823
133422
79785
128504
127223
112941
87497
72818
7045
30324
108370
41540
38339
42214
59939
149043
104962
68651
94321
124200
100206
132932
101620
36502
88393
58144
97727
125478
70191
29977
146160
72786
59084
111691
35862
42382
68831
70976
105996
86532
63174
110892
35993
120843
61100
49546
143059
98796
127770
104384
4901
78470
50932
28035
6269
101924
89308
111756
108026
63596
101828
81732
42416
115297
102510
13315
138443
34181
16230
50658
141206
21080
136610
85666
83441
75521
15553
118819
33929
148421
115544
116106
25748
90216
35875
30177
114210
131604
65836
75820
48778
100899
42690
81569
140354
134264
26336
28802
7795
103293
85557
22409
8939
98853
10059
114742
46648
42489
59226
36866
84875
78712
94638
55118
116814
38528
103895
86617
120618
6853
108728
148255
118787
38007
20052
102573
3326
39060
96745
97974
103371
13832
50292
134626
132219
49849
22476
53455
83198
86759
18580
100471
78327
54694
36820
141199
62768
43285
26941
112483
41397
104418
73613
11126
91271
101712
39343
75118
99386
76865
15489
143035
57210
117877
24523
124656
117493
78428
10405
44522
52695
94058
22952
16517
130150
19023
95681
21450
27623
77223
9312
81235
4030
87230
41440
146883
138053
11572
9860
89638
59708
103319
51004
134211
51513
101064
141546
61044
143354
71581
125942
23698
99459
86544
67605
98300
122706
120531
65257
66665
102605
121244
9423
14845
27635
144686
34322
15567
131148
57334
119942
36948
121243
79819
56412
149108
117638
28013
6374
39418
122032
115761
35376
126087
3975
75674
51043
147824
88163
21955
31633
48728
41449
69246
107461
132940
132572
114455
34742
47371
116811
143689
100294
102932
36795
72601
43810
79509
100979
116666
58907
86669
124153
94018
107078
69778
7231
127272
31863
142968
55818
133955
45569
101804
99249
113516
110369
139712
68322
90478
115899
21676
136275
53899
68620
51784
103463
13328
114761
14114
129677
37191
111162
79656
79731
96439
10510
93291
4924
137630
132881
143304
58180
26450
4478
65013
20881
1496
120354
4641
133031
119575
40731
149693
86081
12538
51492
94074
89693
9222
147174
122584
93633
149934
73946
94460
2544
18559
29943
68280
132671
118282
112869
29309
130293
139178
114533
112858
126097
130083
130560
67408
133941
131971
119239
70092
20783
37857
38996
147674
31074
103791
104660
77456
100850
31151
19417
126470
91083
107143
110504
76941
127929
73206
57006
91345
33544
27436
110373
67041
17788
139149
133561
64336
45109
132793
27495
44976
93184
91971
19168
97927
126872
106659
11433
15966
96077
26743
1672
79360
121159
85055
111126
1269
60200
97443
17292
100898
148786
105977
114976
3850
41389
148114
36510
58775
27112
96995
18889
36067
115278
28338
104147
60035
18751
147326
72791
87841
64755
670
68787
7181
80452
36895
110974
149530
37575
57710
105045
122743
89063
142604
16315
74939
4530
135593
124569
12606
101640
134731
98878
110872
36079
39379
36909
65282
106395
43454
145105
31798
15006
131056
89483
112435
146629
45746
127165
89529
6090
46322
89641
84993
51752
46054
3287
29852
28794
59312
80520
29258
23406
122608
54868
100894
53356
95741
34099
54996
35206
43513
91819
106695
149173
59214
63837
63863
88528
43809
71142
133633
16160
12607
3271
73846
42395
101906
117170
119403
22983
102476
71033
134332
87112
47068
140823
109021
133484
111381
95141
16813
47622
120143
43435
102684
137717
25634
16221
60312
121498
55288
79044
4982
130342
70636
10956
109754
78894
21742
32773
66495
28009
36083
130427
74298
67698
49826
51359
141864
42030
33850
144570
17702
57089
86785
118231
587
5154
112729
7243
145654
127492
7144
126448
39870
28231
40895
73373
145524
60604
1418
16697
126590
21032
99001
76153
73667
793
106724
100560
114280
3306
82408
42046
93990
26057
75816
3991
128781
51541
53173
37703
34891
94810
93639
3566
15994
111589
124973
111557
94876
147153
16308
104036
146478
71149
30619
30209
15102
37952
149440
90174
100296
41970
32428
135461
30976
96818
75703
42697
127659
97800
126738
53643
42919
50126
97313
60521
71532
45297
148347
44837
127105
74761
144275
27611
115286
74151
2040
529
74199
6927
81059
52119
106608
2241
102239
24503
129919
145335
38072
14273
15076
32231
87593
137292
125172
9795
119794
26599
29761
142951
112989
16261
82058
5743
10725
73075
89696
131419
102646
127234
24760
48410
3005
131740
48553
86786
111597
137503
105111
138606
40958
52426
25587
9823
38027
9651
100595
72103
2010
47268
81713
88569
63830
37365
146739
48684
81633
122073
35254
15384
56473
114156
80534
31658
147864
128578
113958
63947
42623
37262
50133
51962
38974
60099
71567
18975
52939
124036
36516
127814
104327
82752
128513
31450
8237
117512
41125
51119
4206
83491
131448
41003
139439
70148
135065
146480
133207
81089
76986
140998
10568
96696
95754
118877
24174
33014
88478
27682
116168
43409
106059
52416
78556
147855
74398
47840
85825
75518
37764
71160
70298
54623
133412
64144
4197
133636
64445
145499
36476
85321
147567
83889
88639
111264
147584
126881
92384
100536
15019
66533
28239
70324
40048
63705
32480
85299
121893
101171
25142
139392
76796
144943
15718
121539
147896
78705
103492
134321
9880
21903
92926
73309
64287
127740
109332
39913
148434
23950
85520
49442
56729
24156
47177
57072
26768
512
12616
104652
134727
134769
72585
131403
120636
20366
65629
12006
26710
103002
23361
138287
45365
73698
139267
123164
88763
57830
24925
115856
111854
146044
61913
14753
128836
115994
143017
56666
84512
149321
112317
113232
96988
130732
2270
104414
99690
50431
126140
49729
126483
61022
53756
82552
9842
100985
55666
45617
139013
84741
26416
4805
18934
141162
54238
65389
149569
76594
16587
67996
70642
31827
5123
42799
85192
116045
104722
69291
21682
23979
14066
52008
116328
17401
60983
107205
55784
115121
133633
12934
78661
112031
36544
111635
88311
132353
108993
39753
37116
15232
107701
89306
107269
101302
84286
108886
94806
148749
47496
122500
132748
115792
18964
126206
38979
68522
79737
8613
107157
23764
71484
138297
92043
53994
97578
107495
147623
20801
6847
84
126113
128080
117052
117524
87574
112828
96663
137673
42266
75851
33948
70370
71574
45665
121896
85527
114319
17866
29289
119354
727
59342
72046
11793
36191
102165
31247
12166
147613
14853
145699
91333
85670
123906
49241
71189
79258
40062
24159
11797
137895
121149
148675
58183
127680
55555
143600
135861
64508
78262
123249
24249
29071
116375
149681
68812
37200
13574
16048
45717
58411
68002
46301
86306
135028
142249
21820
80270
113054
60537
98085
7596
140647
123786
65448
23554
12042
5985
36350
118591
28806
56645
56894
80515
124936
32817
21992
5726
1413
103912
40538
141389
47917
43430
98116
98632
145859
80337
128655
77860
115793
78639
86140
56724
43512
51205
135521
118184
45539
12995
129416
62678
120985
126067
64361
117111
99550
144013
115303
98258
72750
40541
45454
56574
102579
139154
51335
38157
104159
35124
103005
13539
130595
54592
42510
74504
115678
28969
32571
107676
31923
148214
43286
19321
114176
84652
53790
74487
26100
99297
38517
17679
98956
2898
55773
66217
149971
6392
127277
105541
60525
123211
82317
36472
110134
95147
111533
18835
47172
102515
145403
128935
4259
144847
144429
77355
82184
149603
41069
111343
98475
90812
118176
76968
65949
20333
72172
85787
106867
82217
96126
42094
10235
28406
24698
22562
72010
112504
99936
50135
3965
3859
101498
116417
64504
149431
31019
149142
72217
137128
72993
23239
16553
146003
124292
99024
146881
119873
51142
1783
39351
29748
148796
40409
46706
127447
101472
58451
33128
38111
69948
123503
115999
137678
31330
69227
133440
46773
27971
16528
52619
97975
143297
128713
35494
111265
41930
32638
121207
33090
140361
9248
142592
87943
28629
67340
12067
8441
82660
31305
62614
44857
87580
31679
143247
102872
142215
112153
132385
15217
12510
100437
74638
62288
144642
102566
56759
38228
68828
17272
86498
420
54599
65245
99924
49954
128295
58285
5549
121252
64585
22763
101588
71446
4435
119260
103378
70283
129577
66131
75303
105510
145569
63793
94995
20373
54052
145950
32808
147430
23477
49159
80537
85121
140526
51256
47496
53592
4668
16951
49514
142949
16181
134563
45340
97300
10127
45312
97908
53245
147181
13030
45657
62132
128594
38661
88271
54394
94382
42873
89095
96861
49767
14167
62828
34484
77638
22846
63643
49340
90107
19982
31046
71873
19596
119344
95925
80864
104079
30291
138476
57195
85807
142170
129025
118073
19816
4960
33019
148363
49331
6628
31807
21705
81129
16225
139486
51527
21937
85172
20600
64087
24783
145922
147403
140124
31879
14287
54841
109654
18449
82059
70132
121232
148888
71484
18809
133281
83317
76623
74022
133371
140784
102176
76005
129176
87883
53703
60741
86558
80845
130850
123261
67014
72421
124462
91606
23252
24220
22803
100331
29777
144467
129765
43912
146463
133691
88946
86411
147255
105309
26083
26716
149386
3680
22026
57793
126740
73576
34476
66516
141015
12183
127626
126625
22666
47868
98432
114575
51704
50343
27201
145266
119849
114709
122581
147778
134582
40239
101906
115945
56313
145573
9040
32921
68991
90303
13500
85096
24962
147478
110153
111727
138336
125834
95001
44031
136528
43886
65560
98266
118210
45545
77588
45113
148464
33950
37580
46313
90386
149538
76932
49956
112717
50985
85064
35440
126966
121423
120394
56274
10695
75885
39585
76033
131857
142892
38848
76182
92034
41929
35302
101270
48908
36254
69298
24260
66819
102837
37315
58606
134423
121639
98029
18398
126455
121129
96908
33724
36830
19483
117160
72918
106408
67646
138029
142552
68538
113453
145370
83356
30002
135888
132803
61063
124177
94072
48521
32603
69564
54867
45123
41707
107171
3949
68963
138674
15008
54627
141974
100407
133068
105077
92531
96417
114591
114661
40943
84390
129127
5867
37413
7576
74256
43939
61112
135547
2836
50362
15593
126726
44415
112002
136043
74426
50275
148728
63410
147495
133343
7260
76196
91553
11423
70194
42459
78729
83324
124806
69001
91289
73297
19934
146581
91447
73534
58668
139101
113328
107488
60767
89441
140766
132721
68661
37863
141859
10334
112334
72728
43975
56876
113074
126412
75262
11777
17195
116379
11736
56855
143095
1069
61472
19751
133978
1480
39970
3115
140937
141507
70471
19261
122351
40966
56820
79367
57764
87985
13863
105405
12878
119026
103962
101422
63456
105654
129414
67188
102030
104665
133762
14942
101005
136361
137175
80768
134102
62039
30595
49088
37799
103454
57252
13642
14441
133807
74241
89124
141109
77523
139047
93858
80333
79321
129338
134777
31391
147308
94472
32292
16467
24826
8489
32102
15992
77551
143374
65058
47188
138669
136860
136422
134147
4262
8941
101654
69485
123689
64417
51863
19470
128403
128670
32852
114520
36650
79922
33635
124899
130536
91091
121943
75736
50041
83378
94787
47406
32294
87469
11508
42188
99588
93443
51533
25551
110268
18119
23604
135059
83443
60266
118671
51117
54998
61522
4961
65207
34038
44198
147126
119504
75210
116095
86751
125091
83666
114323
92241
87732
114829
70862
143816
107713
75400
119773
69248
1539
135689
35856
15414
131625
135812
82642
85054
18393
125844
28244
105873
47804
16729
99639
66419
59346
29627
141268
17771
66840
86159
8323
69199
45209
53865
117763
53657
103386
84090
25381
59414
76840
72760
74094
90777
74875
136969
13690
45328
45325
94109
129645
40462
7095
87392
7200
59591
17040
149548
80705
36437
103036
49574
78087
118580
25614
8003
142408
34245
142930
88802
138250
25800
58177
37017
94103
4277
32297
89513
44957
37565
130910
504
112896
35040
19668
63125
49515
123435
104008
94874
76316
62104
102139
908
124941
131855
59498
48099
40679
35388
38871
94682
93704
50716
9047
64800
72403
35977
60104
123441
19912
49234
77703
135785
22415
98768
117885
111889
5559
2604
76978
63380
13847
102606
141641
60428
55405
19834
54572
148588
77529
64425
73593
69754
22824
142590
50417
88198
120066
26935
26446
25896
54053
136646
56784
19248
72286
92087
83502
94412
119318
48484
30626
52386
137403
51365
63722
113452
137809
32704
99737
121442
69627
13363
148097
143528
91349
124396
100700
26963
46735
121176
35218
147949
5784
98309
111066
52145
82809
10486
121617
66229
10255
147723
104829
55751
109979
146288
53873
57010
16342
16223
52193
107540
146278
86094
78840
56529
126724
106821
69170
56378
143422
45680
139541
92685
97609
26774
19506
70910
33518
69662
61516
29032
67338
15069
107861
4103
92560
119444
116657
73218
145472
5868
48847
97078
139750
69923
13741
127371
104065
121846
54253
57611
121402
53867
125603
94584
48090
31035
66386
110831
130993
89968
12053
5161
106323
51279
74430
19831
129211
4380
27993
146210
71439
23283
32343
103254
42630
132766
69817
72495
107236
405
81452
84299
103907
12903
96205
128120
94170
96975
2831
41584
32542
78535
72612
110843
56549
30704
88606
141615
35640
86637
26086
52304
97734
45396
52977
83085
34851
65104
85553
125337
79826
89468
60220
31397
105902
29014
143065
44456
124043
147682
76238
59707
95024
131840
64630
139176
34832
55779
67237
60649
10851
131566
75004
130541
20747
142399
56558
18307
1956
105783
8645
2716
32677
109877
10827
9693
63458
32889
123098
86351
131984
136428
112456
83984
76447
134708
95003
29527
32947
87041
34172
82320
1693
90983
80068
25267
53714
27772
122486
102298
144624
98379
3358
42685
79976
35345
25554
78002
120144
15355
9263
13104
88754
51198
77083
14534
145746
83548
105775
55957
104319
84529
3022
68196
93447
138266
45155
11495
10392
133110
134357
66725
88826
87298
31133
145276
84038
50955
115409
28861
42583
46680
111949
66117
110861
145451
65793
133892
71358
90779
13031
137552
149091
61474
136107
105210
1963
81317
137297
12945
10760
109607
48909
41423
71926
13785
114719
42120
132206
128495
115358
90962
43416
15088
94346
135705
146034
146307
18054
122068
93349
20550
70566
94119
89322
141344
69716
59072
59462
56520
11824
109350
69623
23516
48133
88748
117019
105789
67547
36635
43657
90401
115845
14105
93537
53449
37708
80547
58452
95186
34591
51523
75484
106574
90892
97491
52756
117241
56827
58690
66150
148052
146073
37212
120944
132248
96018
66348
95662
130071
128240
111490
121195
102756
15272
74170
70164
62399
65548
117569
17416
140038
7746
99913
130207
35052
61167
134040
59646
55702
107937
57051
136834
87537
77069
116416
83921
93163
72785
4711
83037
98925
45578
62424
3557
90517
33529
97520
116134
24679
105285
111576
42161
53515
55567
40990
134865
138423
99040
124627
63080
100794
133083
110208
49784
126731
8359
117797
112033
20502
35649
105483
137771
62196
25345
57439
35990
141529
94293
148789
38098
35702
17451
20433
14611
55015
17450
130296
41010
92971
76584
114352
2698
149424
15485
128350
137167
39550
103962
135287
128041
30940
96705
34675
107856
25739
145669
4922
45053
97304
12940
8770
41624
809
9660
51116
49833
129516
122816
62379
115468
4896
40529
92480
123481
80836
62432
71683
3125
146950
45595
100479
59964
52003
85601
94735
63546
122788
118263
53102
112819
66089
38747
98803
22784
29210
134434
100960
39234
53922
32863
127275
139321
23303
58003
148945
49580
78711
28626
101932
12839
37778
79933
128996
2976
82608
112353
114515
144849
12355
100409
30776
31889
4857
78590
26920
46654
81881
18041
64724
134132
140226
20822
33978
108034
131970
67040
46979
97620
71321
25799
148469
134430
78973
125101
65159
34684
70713
117852
49587
120384
22193
32940
18725
41607
51262
17097
48118
10226
78015
40775
11046
70063
39018
84595
139258
124382
117504
144903
66089
38374
68592
54827
68762
250
102329
25519
111141
124058
137039
38199
36561
47944
45127
41304
119395
39386
29094
107980
106661
148283
11167
39838
123727
140252
102914
36733
122416
112042
95619
41692
15767
11385
68435
113781
99906
53662
50662
118948
74463
125630
116896
26773
143751
83939
115459
118605
41915
46467
88424
88165
14115
16563
89599
84031
50690
13351
1124
72689
30206
125438
112387
17357
81414
33598
77991
56946
145473
63922
62888
76275
59569
48693
65319
32053
138516
60753
87694
79324
149981
90196
94010
139232
134586
114046
105753
53832
72348
89958
81160
103966
125693
62027
144425
122337
74335
14035
114302
47669
108924
56414
28382
114641
133932
35106
124643
16150
33825
31318
66259
51130
91769
6339
61261
55924
79256
40904
72686
5359
109141
46720
105217
147987
145410
130444
41084
61237
19595
87003
43466
25201
23260
32268
137996
42975
44377
142274
145836
149436
33480
8334
90737
110116
37916
305
91541
57865
110721
88756
68809
73698
136735
83611
115112
107359
6343
34955
482
29960
37780
21941
81882
148541
103193
29180
30432
146694
95865
96300
64017
148166
79067
50802
60743
37115
3652
23599
142519
94281
102136
19214
18520
79940
137084
46240
135644
6566
95160
64834
3588
40112
59033
23463
97361
126859
149771
48525
10599
21006
72666
7206
137338
116835
119738
90510
111059
115109
62625
37692
133402
15947
24524
120849
102436
39638
112808
19761
48129
115560
34582
7248
11345
1638
62249
109384
76996
124095
12045
37251
118303
76212
33742
136667
103913
1096
54217
89661
139227
126695
11709
5647
91837
50539
42939
144623
72401
141988
135003
135738
20164
77707
143316
25168
85827
55616
149599
101979
46725
53788
9396
61352
108999
33576
24999
68248
14223
20412
95948
22791
32795
97116
126956
135132
90469
141694
48335
70398
41463
46153
21851
116722
102155
108904
89510
95932
87799
43359
93868
105762
133969
49824
125562
63895
14426
85281
102368
123956
80674
26230
132010
118865
82724
78599
143278
79411
87636
136498
51862
37862
125323
63652
35618
64956
105569
13107
130830
126225
101107
105787
23849
57689
133283
119205
112688
36676
71349
124240
133192
22699
98834
101885
17819
134297
83156
139968
22968
8061
99957
18516
38572
96123
49574
6096
80996
107910
14751
99601
44330
27400
8672
132209
69090
72395
60
84636
73625
12970
91743
63873
83277
130381
89617
116849
18418
37685
139495
43552
111060
23443
134815
86157
57936
14815
87215
145404
11659
1265
112692
134514
78715
27084
18121
90257
92873
57127
32134
88865
134174
138086
101920
68352
1892
58458
53635
79975
109250
11974
98570
19963
141972
116226
146587
9235
49189
83328
54593
141548
67838
3112
142832
79878
113309
42611
75052
105107
104673
37309
14914
17628
114182
29026
121140
134475
54441
103511
54165
128150
79899
113466
10346
65696
102792
35967
149529
83982
52864
7636
55044
52357
147709
3184
40898
65098
100055
2673
53563
80454
35393
15417
50226
95255
3636
70236
108399
3832
36369
134481
117788
45540
121889
79624
396
31224
41448
92391
101227
116368
97726
38698
109151
92643
65549
61038
136447
27197
48373
84161
78938
5272
60294
129319
66258
109797
78340
44046
145061
15776
122234
12667
71181
70171
6071
105659
40168
127011
63818
113569
63827
149876
25383
40173
75361
41613
74629
128228
81839
139892
121224
103333
110204
72232
103783
38400
127931
65392
146244
27363
57461
90596
26652
23301
114805
75036
125996
129834
104669
51570
83264
118376
3417
19655
35108
70841
103828
79667
128617
34824
123299
43209
81882
87155
21205
85591
61616
60447
138480
120073
67982
129717
128681
143194
92497
104062
93460
82467
117264
43815
31016
12863
56646
55839
137328
16487
120547
39290
53537
47563
98306
77013
116034
124026
57023
95545
23978
5240
82321
37310
38317
109434
77442
105784
149439
88143
95133
12011
7078
17576
145508
143516
87442
72544
142801
83541
35174
43427
149919
128064
106358
107394
1347
97358
139451
41068
64512
88508
62076
97087
124626
53731
103611
1528
67818
14844
67808
100969
99754
70865
103346
107204
91791
102796
93385
146380
124826
1690
69638
41279
117045
94233
10896
49681
33810
43155
18247
143956
30864
17115
107241
107625
39896
38212
79398
45465
24267
49425
109333
8684
15305
18412
99777
97225
78954
137055
7590
26738
40622
81213
29766
75239
95742
55539
125743
79072
30600
137040
143269
22710
67106
54632
55386
55227
139426
71753
132791
35530
82931
112299
9653
93886
30188
21351
107285
16013
29511
54446
92622
94825
69384
91108
147892
27112
143091
20180
146014
60087
7325
70429
64602
83516
3547
87821
58501
122575
134455
113878
113312
48264
67926
26887
25745
5688
44624
136685
123579
129144
142358
107323
56384
119445
119601
110230
78797
77990
107777
126912
116431
38645
112359
137372
92669
28496
497
137184
103501
25444
68165
84716
89851
115289
56860
8485
145614
72721
76587
39371
46505
40126
90107
49568
12993
84758
142617
63903
40513
128070
19733
144567
52429
79905
66653
1040
61032
73041
93388
22680
136189
28449
43330
114556
54281
53236
42020
49179
7371
114595
36054
741
50197
143835
121039
65809
32069
27687
34045
76575
27049
47277
2675
78382
67556
49280
67554
139655
145374
101705
141582
31749
24136
80113
138675
84927
69557
2283
74342
136459
128501
6656
133469
63822
94621
88042
66354
66597
105344
70523
89533
104601
133350
34329
50128
10227
148771
20306
53158
145696
58631
38709
79733
20179
132463
38326
119291
33649
101749
69449
38080
4382
27430
135684
65866
28103
15813
24265
86334
73950
115849
112416
22502
75488
100349
80401
74515
12489
6368
70196
44057
68498
6590
149746
75693
3064
76346
40333
50545
86609
12272
131973
88464
134031
74428
69641
64014
78816
83216
142511
50443
63708
46862
63638
34937
100467
75934
106783
42967
148478
66505
89704
89454
135280
111095
90415
146951
13723
127816
67788
113928
43580
99778
116998
147770
18603
108681
77175
149198
42913
131177
110943
105215
32798
44909
122622
132295
126916
124812
61453
46074
76439
134
54600
20463
27597
65087
148105
77611
56811
119997
29586
63648
79898
64173
108161
49053
128130
136605
44331
27300
108845
64492
54691
129546
33366
124030
85610
136424
94963
36512
137817
53496
140778
78353
110586
16980
91885
123866
72283
101764
134829
97342
67287
101602
138954
109269
138108
69773
127640
131034
106272
50740
144740
43678
69042
145130
120563
99428
125825
149110
1055
30399
102769
100059
136712
120187
75365
16617
69515
65582
78035
114197
31645
42561
145228
56730
99180
30389
62866
118923
53640
112759
72163
95997
108218
117742
111810
129660
90056
149588
62122
58064
143077
3541
144027
103382
149572
142233
149838
54524
31901
66868
20471
34690
10680
56200
100833
91580
64762
64885
100127
93920
111347
108812
106193
115458
18789
16375
99308
17938
18879
106037
145797
6394
17785
108790
22904
35423
127571
35133
77042
85889
126358
40913
22322
95211
149504
146490
116098
124556
128468
30321
143417
31204
33569
14991
78401
90942
111894
48723
90274
75091
120228
60009
33338
118084
4903
140791
141531
75040
45129
23194
124400
10715
148420
109181
70734
13174
145376
104391
22141
29082
88045
95750
47273
77337
126687
140627
118617
115261
63294
41165
134617
22787
87099
12458
94502
137518
50898
75626
149313
9928
72873
148530
45521
110722
138999
125456
26362
110444
4860
4622
11565
74696
53029
46788
57178
100492
19378
89604
37877
56373
51854
70905
21730
27454
46281
57595
138381
80679
112834
99945
109938
2852
117102
111374
129049
91166
34965
113345
43011
59289
42576
86109
53537
66935
138403
45222
99843
114395
87387
100153
66506
129542
109439
67172
53079
89482
135218
119038
2929
146393
54570
19452
26393
75424
78113
138394
37511
144255
73488
35392
28329
4649
116819
22997
8803
116931
47721
38655
109678
132842
68284
124271
84216
98176
9336
30907
49845
16312
138017
149818
54309
5422
64105
104242
45473
43634
88475
23448
131745
83669
14900
38472
118939
82740
6174
38363
21351
32143
12587
28975
61588
48238
78464
127530
69970
95457
89536
74998
54069
31900
127147
44876
8045
141754
62887
15164
72862
2982
46864
116634
15341
17616
1959
33764
64075
19438
138441
135658
132667
89314
129344
39889
16911
63667
86461
116349
921
89098
135341
18185
30017
15021
7012
1091
137683
37852
119632
136253
60731
2329
121046
136419
875
114646
50765
144155
95976
21809
63842
85242
149088
68048
95571
131151
8241
74678
122507
48916
122167
100503
51213
148973
44961
59155
93681
33379
103597
54717
28824
141031
31365
72498
141873
46511
87493
40718
39590
54686
8962
8900
52216
139928
132391
51550
97008
97260
45174
51508
123468
81345
58217
112726
129645
64551
56124
14465
21206
23243
85296
116987
19459
56652
110753
119388
36004
62152
26087
143203
114842
62311
66241
115168
128388
142629
89970
31572
83603
96364
66015
132328
95313
8558
148057
74868
118414
68525
16277
18482
9159
44811
12657
26549
108495
86103
136809
92741
21010
59452
139012
39548
44529
131600
69277
67912
82032
97460
132490
108372
129182
48231
101463
98314
106658
113719
61297
10372
1343
24199
105572
19288
29770
112871
131207
67968
18390
36648
95173
8854
55754
75833
115640
42084
69599
78640
139183
99806
141391
68484
43957
52281
89679
108626
70559
9206
184
76734
122266
59740
132459
4843
32224
145205
7148
114105
2882
19427
67779
37809
36411
89423
9992
127884
76034
50859
81475
122547
102221
135047
54365
20579
145805
35284
93708
24863
46828
75181
120718
116911
147890
111776
3258
27291
38189
103975
36722
144972
59242
4499
74406
97927
119274
44490
131665
23233
11033
60270
43538
88740
149094
40483
49522
116957
134729
73267
9488
54637
54065
70367
11097
56
60330
96010
125425
104872
21824
42182
73707
99237
3544
7037
56060
89969
19820
70184
103755
70812
35143
19899
141625
11814
20997
60696
22267
63366
77584
26120
64959
60134
132594
133950
43795
37052
129938
33959
81652
112820
105760
73692
45243
74192
146549
124408
120744
23948
22769
35913
25618
63213
103999
990
100358
44751
114242
5989
6734
43673
140404
70836
18637
127295
120189
94301
36654
30939
101645
103521
85528
66369
112919
29746
137026
106315
107608
77754
137831
125295
69213
62272
19134
135232
57264
51079
91214
79249
12759
14780
37904
40377
52947
41205
66694
60622
137613
149140
33716
118233
100391
27157
93536
48015
30883
33872
138634
65415
135207
93360
84793
28845
119842
51253
115413
131289
147444
101199
67580
57094
11484
136519
1121
19928
28871
77730
99909
95552
71532
123912
140084
55413
54084
81945
52218
66914
99164
86092
6982
7348
60010
121191
67195
33758
84274
92528
20389
106919
104177
57430
127924
45341
58984
79591
19610
106421
66222
98257
70505
49363
130466
133518
133913
14263
109227
132167
5431
10190
5084
21316
488
141766
30133
50416
51487
9965
69634
102288
117032
97108
145137
35802
68744
114349
24275
147333
108448
128579
126075
73193
74155
92671
46226
97424
116421
118403
64708
42162
36572
64744
41385
9345
59678
127316
98095
119083
100428
58140
25662
17650
66926
15665
128408
146381
3108
60663
68016
143221
10402
83750
108203
80076
33301
81221
5795
63888
147599
72871
79189
133979
117335
23941
90612
9846
69883
72826
121979
76845
95393
63502
78520
55805
70825
4470
23687
50635
69821
27028
40314
129275
23860
69376
54954
30429
148029
116944
22762
31448
134374
116523
1404
8674
129117
75920
103954
103086
4167
148343
67832
140223
121738
117419
127231
100623
43856
75660
93249
79694
146245
50846
101080
87159
26997
147517
26493
91289
13048
89357
8830
51887
124866
78410
21993
43177
94969
48758
57154
40540
51855
133495
94662
7297
56695
106304
24695
70478
141585
86277
7294
112599
77988
6257
98035
81403
55113
132750
83302
104017
61085
144080
100958
38191
104437
82228
110465
13685
114050
3203
52738
52959
133286
60602
37987
91882
13580
21723
144451
26525
37717
6551
50483
83374
106385
17684
101889
119116
137313
142987
28696
89606
83994
16486
133169
7706
93373
56478
101875
72071
79756
139333
29194
126517
31221
112984
122015
10143
130405
12208
71915
27914
98976
92275
70228
78026
24192
34927
77435
39366
9805
15017
50529
148353
121217
34701
2612
9253
113512
45599
46738
40599
135495
92373
23917
76591
112221
4933
100807
24936
131218
136628
145470
83444
86178
101059
99292
42618
52661
70626
108149
127662
483
130701
63167
14429
57017
94440
16058
120485
69861
105842
94765
10119
142227
144229
138433
113383
35082
120478
55915
31888
6454
6089
138143
42440
8142
142281
2857
143434
141000
10278
27150
20261
25742
55249
137562
37567
107009
118078
44767
44888
91113
7761
12684
124566
141189
145440
2897
2260
34085
69402
142717
57147
37317
111811
95212
26295
92826
80612
148262
149453
35852
132697
11504
67405
112062
43676
83362
80278
72811
136556
83804
98771
144248
92650
10222
148892
37600
85497
931
120696
126853
33178
80622
144936
71104
124431
85517
30214
20546
19912
90742
35673
94373
62012
130293
35141
94475
73389
119473
36369
83214
131407
6457
112141
86830
53017
65800
129300
92002
105107
34276
40102
12705
88768
114915
89094
30132
111729
110650
32643
105677
61650
82994
111236
111957
52765
146774
22716
116770
85376
53778
125642
136871
103311
73013
21553
94076
148698
105987
71423
23594
142989
2774
28881
103821
42731
69637
16127
80407
91681
48480
32725
70493
143070
139040
86632
25128
91340
101675
69497
7592
125208
39274
44047
8973
134396
51329
92686
149894
118779
98606
31435
102469
81538
52835
57950
92197
71357
71730
96451
102876
139408
73483
76511
4741
24852
57358
10095
49537
100764
132735
114771
114582
19330
127549
31684
12010
127843
9637
123981
98680
56351
15576
99326
63804
19066
82919
37077
52436
144855
63350
69811
58787
121394
122922
71198
52456
54605
41335
107669
76444
608
17264
27314
85892
86010
147010
83430
10026
82496
107257
118562
84697
129107
44228
148540
111409
6326
92906
148983
52319
31698
120635
51130
121558
58423
55025
45929
101131
98876
31240
142743
113367
17494
9383
147327
138903
90758
135222
17036
66871
76641
76021
137285
104957
4379
132409
67779
4702
96166
90028
112132
127672
126155
132153
120004
2336
130576
51336
35075
118719
122985
136449
127346
107501
50121
34424
118522
14198
134684
88490
4541
91071
142179
136882
41532
96125
22811
144719
67386
44995
18022
103735
44017
26836
118227
97977
114914
57083
54494
125052
91798
144879
123856
103637
15943
104783
9517
68411
126262
109725
123752
32735
13282
34290
37982
13492
32340
19231
19502
144074
62839
52778
140626
14257
17475
71935
20860
21796
93903
104171
110962
15761
4794
32093
51333
96947
31145
99581
145625
48946
131802
45460
38903
27654
40804
137705
147319
47279
78188
100329
144502
106974
11539
131241
44772
106327
6639
15309
81467
33073
14358
48453
55291
123057
115016
115659
1903
19946
40811
26374
89175
114351
135862
61848
66057
49160
87121
77080
9143
53428
124350
134848
38124
63670
3340
125253
35133
31667
20901
130379
116007
137591
142241
38290
32853
109875
77228
58688
49116
41581
46243
83269
89298
145996
111173
129226
132376
68383
82316
43818
128817
96518
135135
125380
133748
10743
38552
97111
5886
122437
106742
140629
56723
110341
93335
7485
71622
96066
91970
56388
76730
81455
42604
23255
129799
61870
2181
13620
52603
126612
21420
107037
117650
100880
127162
70088
129989
72562
21406
9981
75278
140677
147124
38181
132918
54249
30494
102869
149666
108181
37460
7156
15033
136033
94143
133860
101461
98974
60308
129681
94877
69562
2810
76006
135118
68208
113352
78422
133773
24571
38131
6978
29914
61853
129903
126601
119810
138268
146924
47584
9083
59328
18805
144631
79889
57216
4198
67885
137307
22855
122665
82795
20981
10697
41102
59352
73385
124988
34282
47977
37465
8000
28802
103855
110845
1460
10002
3364
146799
44983
95980
41031
78774
144926
101851
19251
71399
45698
27026
41183
99534
50532
120128
87815
54050
51910
113111
103387
84325
143671
56985
60088
134841
79239
87839
27920
16475
29314
53840
144318
126022
136206
12891
96925
29869
30795
99582
56761
88710
31790
87827
118908
126107
18331
53849
51470
104657
54137
15886
28069
13715
131113
31462
69642
11086
88491
24132
33793
123231
48071
49645
36587
121425
78086
801
87389
88613
37363
80439
2251
115275
3846
144103
20155
129083
51050
97447
1382
109565
118534
52254
3825
35235
75318
73645
29083
76976
1003
12851
33634
131281
95769
16495
34262
3483
3775
99896
142517
101295
59085
53676
42710
76268
3769
119571
148566
118062
50403
100444
134575
63411
21972
56067
136016
46091
43590
8088
57469
97103
126992
47558
32238
67077
110891
85734
119012
124142
58530
105604
52631
144310
103659
68148
6879
91555
71712
90776
103575
113809
57478
47884
83983
5063
93399
68512
148620
56051
42008
108727
103797
61136
8512
2408
1804
149244
97082
73346
45239
110252
37653
8092
25981
46637
23054
136736
132386
10112
145778
146302
55383
39045
74449
14736
104774
2628
97939
88927
9168
1078
58954
97097
128537
127
11530
123965
115966
87767
141220
56082
6884
81150
49653
88283
104409
116046
115101
10441
74547
138331
37306
143073
130673
57080
111519
39609
12266
149291
95198
4383
56135
81329
115745
54348
17527
31648
109092
148987
119068
119768
67312
87176
71173
42205
49926
113961
68581
6304
98094
9868
47329
36302
104306
33409
141364
39495
45002
101511
92823
37611
19110
77898
72748
73998
49680
40852
65682
32389
14398
6342
64203
114617
16985
103798
36944
74609
145027
52665
93409
19147
79755
94809
33307
68039
33125
128889
57682
106967
137256
108903
49520
139008
19386
66196
137317
138080
85292
93893
112110
144285
131025
33169
138910
139440
8158
56650
96564
110139
118816
139229
148873
5941
64900
4518
23823
64177
11315
62839
42106
25503
77715
9812
111082
62304
31892
38327
121984
119346
135971
117495
106343
85081
120058
49051
6032
93274
142064
122083
31138
145477
106098
131457
121392
130111
138028
127969
62719
54
144442
526
94517
78404
122323
125351
96558
8591
1822
32417
66205
74156
70379
38126
104554
114723
71813
88031
37124
119184
21107
107914
6611
76304
33048
93432
19990
12595
28699
80327
79806
99783
54833
21614
90994
50616
75350
130321
70452
36644
17477
124285
26803
5281
42053
137137
11107
27720
85305
48319
21935
93928
120977
6610
106388
5515
20883
114042
64854
141237
33436
23569
19108
20147
2523
108261
19804
95544
69738
127370
123078
23906
134935
100673
56474
101732
42888
76728
110840
115374
139850
26260
3470
41288
8777
28518
120195
39674
4446
66448
21763
124997
12349
29831
118928
96248
12426
42789
109920
104790
60781
3435
129977
59200
59713
78367
41199
333
141131
63140
22994
123934
34932
110572
71164
140922
149376
12299
140515
87061
72189
132620
77825
86677
42413
111052
74900
89595
62191
43314
121037
66205
60272
21475
94476
57456
145809
132473
75451
76773
12349
77459
102083
131023
84150
99985
116495
126983
141618
89539
14680
24135
10595
34178
121691
120859
128149
97947
118430
35283
56639
97136
94043
65407
61165
79104
97130
3855
13609
132309
95399
135650
131355
130796
59623
105644
65465
42451
105498
76446
127472
28455
19301
61796
22138
27266
92345
108024
27080
47561
148200
61675
104812
57686
43888
22239
105100
93862
91040
54130
126074
134092
52898
100910
39417
137702
18209
132688
1080
77121
111631
19845
80437
108868
124321
62346
41311
133331
107311
60448
99990
93615
37327
96592
130265
144782
53065
986
64656
15639
90778
44992
117745
141394
134074
40891
23715
22664
68308
62860
75859
144930
66874
44433
13195
52618
6231
7324
7395
114773
110851
76878
110545
69039
49608
93139
85981
31670
77780
49633
17528
97541
18671
133101
64268
95637
138729
126889
106577
67099
149964
94122
64816
108413
146169
1885
63862
98782
28637
38306
28342
17498
21463
38494
58502
59715
4893
35793
53081
14748
43214
132347
15841
59575
5245
120421
13838
25020
24933
77113
138605
129014
135536
94790
22836
105154
54164
53699
41442
30340
95202
101785
121164
11540
41792
121179
1691
133858
4874
18267
7389
121143
84025
118912
112996
48952
114549
23752
81494
3035
83511
95554
39342
68817
129664
105016
35845
70582
54180
54332
51268
17049
33502
65793
22011
147803
127176
37107
84263
45754
15101
115456
14255
109671
132193
69285
24024
114897
56085
143695
80372
39997
90975
20208
81428
12
38020
110176
115111
59902
22327
132985
60768
42796
50057
103457
58730
87842
132666
2781
80569
8341
35026
26848
43729
140545
136409
68240
55713
114144
121975
46253
99
72709
113980
88526
89813
6846
130626
63566
24927
70643
68850
149994
14261
119947
44206
82683
100062
121322
48606
58205
28405
19613
47924
25368
98126
142730
15367
55434
72763
105786
28078
3117
7043
25889
29150
126643
116141
98047
140364
24959
6521
83189
112050
75273
93549
141288
135814
57326
103285
96330
2315
51998
56193
15078
3678
106290
31860
71109
39894
110654
76259
18769
127916
148120
69934
27744
47894
34908
136417
74917
133030
84314
98490
64797
112544
68422
26275
24281
28804
75347
11132
101750
70854
110182
73711
6670
5736
7807
134463
10282
46948
26494
112952
126322
82306
56567
139042
98850
74718
48317
28542
115037
1043
3334
83385
41723
117723
38444
60200
7143
43462
44048
69542
38797
74123
88596
116428
26014
33383
82120
20716
94701
48784
8828
50875
83622
108004
94389
130287
36903
106111
90825
131000
149069
117639
75355
115197
23079
67711
133823
131843
7672
139233
90335
101666
144233
38921
127552
12652
138892
143415
104658
68083
8623
118349
102681
104721
2292
89765
114718
97661
57658
23164
53157
47500
134661
45081
45886
138344
54402
5377
41789
116990
80176
119554
59990
99662
70428
88622
95392
58014
23069
63833
20689
56748
71928
86256
131681
26024
18648
70365
98507
36865
145140
68849
77035
105021
88679
149441
134871
121739
8405
94205
86783
39816
59407
68358
24455
3130
73562
418
13429
28855
67243
118271
12115
88030
144131
48828
132142
59933
128507
96363
116033
85702
69680
69845
137664
146428
105014
50899
86576
63081
68404
101263
61668
85446
14147
104988
10126
116389
32675
59969
52819
124374
33088
11452
65056
103543
106497
48156
74059
25090
5464
39591
125604
37471
83115
47567
133709
85364
24222
106761
68099
65422
9711
122907
146671
148530
61039
80744
106398
78455
60100
69338
59339
34219
67297
144549
142277
72231
12937
48101
32123
50510
133279
83925
3931
100184
144079
138718
91718
105656
94368
97780
109237
147345
92377
17205
82913
22288
13678
81258
7569
85333
149303
73600
1700
102740
66173
136901
140534
87488
26548
127066
38701
1495
126604
120561
63738
138677
4604
70233
130551
45656
46883
58558
135294
54482
46536
137082
64756
132869
112054
72968
78978
124905
90738
14515
94694
18526
23593
141405
41379
46506
85536
50998
39123
94007
145976
18562
65649
130978
58417
122898
22060
32013
102435
136166
8891
50390
94365
71672
39858
95500
27907
42805
65539
35883
18436
48261
22177
45206
18957
66364
15781
44695
39713
125414
130684
134486
87894
52717
50178
47629
60657
110445
27612
24458
126698
55099
41172
93533
140249
42000
105369
5512
91964
38835
74254
125761
74688
64618
76840
88791
14169
58247
50217
128243
130907
103256
119442
78728
135155
148609
13458
81369
36537
50698
44388
93998
10860
36224
30818
98098
2592
59490
62797
138338
60408
98844
36128
38618
124989
91123
368
74169
125095
137278
24770
123692
96163
58537
20060
62658
130371
28417
75757
79390
114150
33527
111806
39164
39722
50043
44080
110133
147399
122235
132312
132448
56673
44370
79698
42409
126182
39105
106065
68060
50017
78895
69119
16886
19091
46454
13790
115776
87282
3416
38958
79011
73329
81068
21275
138563
44540
45165
34318
104703
62724
110244
3735
9526
18
69031
136760
64342
115095
75094
7261
109101
149055
120606
51072
116244
45408
38075
55005
87082
47915
64050
85680
92875
55367
68712
124680
51951
33968
135434
127684
110011
10624
45041
125093
119740
20566
26175
75819
41109
149492
120797
134672
63189
45931
120953
94819
131902
71280
113244
71545
3400
138562
106874
130921
121440
85088
110346
9930
63843
123448
125416
108039
130644
107577
48189
92781
55706
100024
24099
138269
19409
118784
134527
124462
127008
127974
116295
140643
118648
71549
10200
42518
87297
65635
135035
123695
29203
104737
139596
17956
75077
13217
64517
93016
55715
83918
53161
75474
61244
148957
140999
106294
141671
33404
83424
100351
24959
134874
28375
67728
114673
78189
45477
104950
76655
61317
97999
97523
48933
34450
98501
113280
133958
76579
59942
140322
54351
134185
125712
74698
34356
114728
43569
125509
17096
94082
11155
106475
121105
63435
144762
52508
23320
45783
109970
24572
105482
149684
53880
15054
1016
144806
125496
132901
78487
49414
80249
18571
88723
51406
8147
129284
54633
114732
49810
34652
15353
80833
31856
23557
96589
91662
68229
15942
50922
106430
125827
49924
13323
33115
107187
38951
69609
87687
109636
94734
121239
131190
148832
69090
129359
126286
82334
93033
100991
142583
71559
120424
2498
2478
118030
38895
72270
44758
25403
99901
108232
134039
115982
84214
148664
466
62726
102204
120734
33422
3428
51953
58722
149074
960
73228
29111
68403
71040
75561
68572
48773
51240
8642
115116
97594
10780
108031
90222
140550
77107
36979
115518
136727
66273
34697
60693
26484
7744
8060
44090
90475
121374
63771
144464
31076
56938
78055
131775
83408
25034
19627
75669
47794
109951
68083
119779
99108
65410
109929
88397
85272
148371
37253
78627
24189
23272
148984
22921
13983
40179
149679
144958
14175
135234
121913
97363
123831
52438
113357
48160
87793
37142
24444
48470
107939
121981
33205
119270
36312
49184
131771
133902
100927
106126
136183
124495
87610
49937
17106
71156
57481
38595
146860
13236
17560
68489
24481
119362
86573
126151
44371
99109
79078
85237
85311
66203
27965
13197
127049
146596
100832
11367
62184
109587
112235
96167
9132
19084
96944
3397
80861
132014
16682
50841
113535
145050
20510
113689
51394
6786
12877
51478
33112
26913
60163
137183
65303
149131
35959
143423
89400
27244
87649
137126
139710
95249
135556
28713
25299
103509
70331
144176
14015
108424
48800
54790
13671
51491
123106
145634
61606
97158
65277
140671
85004
9462
12636
101830
46280
86059
8245
71108
147165
131452
144162
73670
140498
102656
135395
24811
89409
13809
35501
139441
7515
109537
86152
105552
50471
119767
79738
106205
122525
6171
36477
94645
72331
123746
75580
71498
41149
7303
110290
64907
13895
3814
33956
2463
41001
103097
21215
4841
114468
13198
109834
56122
14400
91869
122997
19902
57300
42808
81262
108577
59112
9381
85697
86958
43768
49333
102290
95199
8466
83456
18927
93102
15374
72102
14205
83810
102101
63957
1631
99645
106970
138847
51471
17766
66154
83346
9226
49826
29688
25380
95482
120051
58514
70638
50614
116263
52940
93430
133766
24567
136403
120769
121931
119552
54733
77519
64379
56846
63317
36706
114877
138290
38664
62531
79061
139001
110616
126577
101600
147664
40017
131928
30103
50795
101798
3016
114857
99706
75167
117407
6495
5245
80015
108050
103881
39815
91961
92375
23797
104887
143591
5135
10539
71302
31822
90730
43151
136856
123282
5019
89011
106774
85887
13866
27490
53458
130816
74829
3155
8174
109297
20564
37734
51688
65083
59998
63539
14774
58147
92150
10976
21819
109214
90128
20467
67205
108736
21980
92243
5937
147397
94709
289
137770
89845
68058
127958
59165
94804
30025
36862
81869
19992
12521
136411
102313
20234
142702
76245
12788
99409
87237
129457
59443
115625
146983
58282
12449
64266
62517
77577
65633
18558
123071
73503
54770
79599
136627
141102
133444
82875
596
64674
122667
107977
139665
110696
104025
103252
29499
38150
144964
97614
2657
99031
103699
25161
86108
125819
35478
19267
32026
41878
45961
126332
126833
102240
20968
100376
93176
29270
9252
69846
29716
15945
118598
25285
10139
8710
97745
54376
74357
53794
86227
129156
17661
128471
126651
85576
80985
61995
303
20744
41427
68898
79185
61673
75844
125530
78142
99451
53664
48405
88614
46057
73196
63542
137126
1975
134372
73724
73797
8890
31984
118248
120607
620
149850
90978
85914
54764
75579
62733
62321
85110
96761
2689
77197
9747
110090
115601
136551
42640
93478
124639
69750
76505
42900
113942
133504
5611
67448
147123
29495
100777
65898
117935
112013
38297
43068
31877
84681
16906
108425
31650
4220
22783
33996
119250
126634
110190
101552
19509
38671
85001
87306
126505
92503
50537
117940
149123
131295
136867
71734
71936
6227
30937
40696
71654
28577
116080
96404
34925
59773
83868
135951
5844
149437
8430
38438
115670
73408
23525
17978
131257
133961
91960
72522
32080
6779
149855
20464
2341
62903
118975
74786
82657
131422
73154
44485
147259
24813
6305
6911
2427
71932
141768
120841
35065
77392
46895
29134
8507
113426
33258
120063
38356
82208
20982
27630
110539
7090
147334
136852
12683
53985
138691
111973
56881
119476
108477
1462
117277
14591
34411
88996
64754
29443
64784
41829
62197
28112
140411
42994
36251
103288
147290
113177
136213
129889
8240
93793
25108
66135
31589
30616
80191
87677
90803
13713
37029
124890
12908
83992
75075
99181
77977
82604
10007
99950
54463
119778
71289
20778
46856
90125
38057
148902
22824
241
87072
60285
7291
25000
30657
31477
136303
94589
65592
72669
15928
42300
149083
72404
46148
111993
97597
132851
62551
3273
70325
56252
55170
88560
6290
95371
146223
96726
113830
70400
125050
24234
142534
89811
53210
1662
23633
25537
76596
147095
89960
106150
102677
89185
79655
87733
77576
76617
64952
45631
96765
105042
71121
83568
105664
132334
43729
9970
144796
43986
98377
131203
128062
87713
47437
5938
62506
108003
132680
31758
101526
83391
88188
124096
94942
29505
68801
101617
91110
14716
117492
143324
58837
38426
127872
15276
27160
90204
46261
124195
147220
89930
93992
46045
65215
130998
112720
22044
108856
65522
37215
110855
75527
58782
129195
3238
77047
99440
17863
28983
146553
113299
16299
9372
17302
28184
148716
108760
79636
106308
108556
52335
116892
86165
6217
23709
30377
133225
94359
52772
143283
116083
54021
47220
108192
28521
114462
130163
79951
84540
62391
130553
69954
30620
76087
52629
6800
107291
104964
136826
87165
40855
107894
75773
83508
111735
18942
35700
24924
46626
100902
48987
95338
47734
45300
70936
2113
73272
114002
119645
141695
105035
61815
70500
50776
120555
19223
104098
139776
61869
6501
89815
63484
107556
7661
56601
54752
140200
102389
113125
12144
102299
107613
115775
124021
41904
113010
25273
111660
111677
85596
119516
129245
33608
92614
42725
62801
47858
92719
106145
12470
105608
82473
37910
6769
113387
102775
57100
23153
137482
34284
135261
141877
44109
13335
100955
98037
78886
42469
133597
134272
100768
43825
23238
131371
17659
74987
147486
6399
17922
42377
128700
13028
73312
33326
98510
141798
145513
144404
104340
71944
80159
28117
46179
68167
18513
73531
119044
141860
90259
141388
34568
67212
40566
6548
85812
47264
38010
53642
41863
133746
77509
78651
27870
114427
31711
102133
111919
36670
54727
90850
8191
58940
131351
48840
90989
148045
81583
6261
86718
146907
123351
81176
100661
146407
114448
119160
65987
36195
106915
15584
80643
118160
106301
53197
78370
64117
137176
147096
19260
145037
54383
92018
118850
146769
122285
90845
149077
65221
78288
25572
64954
17602
112375
107268
36809
100265
119589
144457
13150
96616
96216
89104
116310
143003
104108
149493
145525
97362
28301
138186
87048
50782
70890
48973
34661
21943
44047
8018
26466
147831
145421
38531
15113
70011
146447
67663
67875
27462
26846
73187
143523
4868
147183
50722
138079
20929
59026
41424
120012
106381
123088
58244
18748
104063
66455
25945
74050
58287
103654
113927
116397
134205
93526
79366
119719
119790
144021
22200
118528
4403
100926
90566
121829
69256
3236
134020
83683
65210
115936
87729
5840
52432
18644
15035
118894
40583
47493
39017
60282
78686
4273
65744
49590
20669
93435
43785
37171
79941
79080
87057
131760
35099
69877
129033
140029
107928
105891
125901
112753
114941
17927
18269
143887
49685
108634
130097
55834
83021
119081
48504
102608
108581
54471
148088
45706
92488
23044
37580
70797
15223
28383
124351
148290
70823
74134
115623
7773
122441
130177
20525
78624
30097
92916
46569
42844
27531
110211
61656
58374
99167
68010
55486
51295
119911
117612
42524
79904
80428
104172
27921
131841
39097
72112
12670
68509
90416
46441
131317
12507
60477
128275
124664
118821
112639
117993
93829
132936
120864
71034
111553
27081
28488
129835
75412
53511
104108
144828
89037
106931
141169
72305
50522
68510
114670
105131
12340
122040
65685
39175
22625
70687
47618
148134
27967
59350
61948
146133
89877
113500
36303
116825
58679
10043
128512
73760
70651
53004
122843
104022
80929
131721
124620
129196
76366
56406
66723
47096
31626
68036
13473
75214
121143
107785
26947
342
128017
141131
130288
16888
89758
130783
113310
128256
87963
147014
127580
60468
36881
91503
51351
29304
94359
63273
135546
83619
40380
90753
142875
143847
116685
47098
84942
129093
19340
72608
135851
42964
125661
128933
139509
14317
109777
92883
102968
123049
112315
38502
29870
12526
58438
12182
136832
95038
137220
148662
2537
115775
33386
108016
28312
68608
107139
18181
89198
81482
123968
126273
96907
52172
38811
97322
49199
19229
37761
65048
112877
113904
115246
37181
113095
147357
51266
101471
135437
15540
113384
128148
147768
113170
11679
129422
34948
40385
16758
149936
2916
7705
87385
11261
96712
80228
36371
71743
38983
7584
57732
4534
88346
28947
22620
124594
34030
126521
100312
109402
83084
30139
135733
71006
83713
63648
147693
31281
101829
57974
37663
80362
33678
41218
36368
91471
56911
70312
4975
12344
77134
125938
42782
143774
106448
4411
146572
131569
142545
58422
13771
89927
29705
25510
133483
14799
36565
90228
75933
21207
64290
137347
133952
73339
37554
30929
69022
16709
49646
131475
65359
129787
117300
120586
10865
131099
7187
101066
34278
122111
46837
15717
68702
53354
7450
13909
118125
36413
110639
128476
36761
28025
72974
105500
90892
48450
67112
117181
14308
43875
88065
79535
6251
149405
109155
38713
18244
81730
71605
145825
85374
144415
42306
130612
110377
96025
56364
85280
63744
78274
121011
141752
98973
64645
6884
60944
28733
127593
17125
65613
4112
58800
62385
62226
122752
9304
89299
30094
67657
57696
22973
123227
132512
22873
123037
141581
149164
3565
61812
137279
123038
63068
136639
94068
40891
100774
26142
47870
19151
81036
70868
95503
108415
25501
84239
134589
5656
132120
91951
81389
94080
42732
59486
147993
64485
89682
38717
80521
140575
147358
109061
73480
96353
146780
2641
97724
63606
1286
57084
8510
1355
30503
69055
25555
59063
145518
59552
89856
28640
52202
18463
38536
50094
68421
149004
54915
95884
14971
83974
117058
51285
142499
133392
116967
106376
124951
22853
31549
10855
87045
147031
116939
73580
108974
136041
56543
142463
61116
32850
127733
29675
5118
53624
107851
126442
48415
50499
97112
76607
10807
251
39196
79628
108323
86230
124801
54482
149807
128961
96040
130470
66919
59870
1784
77558
93041
120377
112097
12622
100168
117192
136502
48496
10922
148616
17095
41541
18340
76820
57750
103562
115423
2623
44279
83305
17784
148685
27970
145382
120793
3189
134520
129773
55589
139781
78519
11273
46496
148928
87360
118009
27149
5307
14365
124372
122316
5331
14851
135575
23053
100312
75740
22840
128426
72591
29376
22350
135312
109643
96890
25778
92770
115666
41975
133106
65430
85020
122247
53219
23056
145700
128077
9652
98701
142202
135853
2821
62712
76041
103883
111486
21813
48907
121320
84928
45845
100792
127574
8965
59889
107602
81886
87114
83403
24894
57550
101930
1299
51380
102575
122115
120158
33132
57003
43517
109782
136118
93442
20231
75398
32109
111218
5684
96908
49220
92515
51516
18787
83494
60650
19027
102749
109029
3528
99730
99570
100578
138067
97759
139805
10201
4899
34310
63548
8495
5243
39444
51196
38021
90323
117038
87977
104233
88014
64354
101383
36835
136047
41765
13529
101575
104301
34137
138282
95696
106900
66959
4863
4348
133650
112300
133592
8080
113065
43408
62755
70015
82258
117725
138666
102885
31257
141975
39867
59449
148786
5483
133800
72881
149621
113679
3430
101305
103715
68017
97869
24206
50053
107729
34519
74692
13986
35192
80372
50826
7446
81541
93817
18076
47475
93923
44487
33643
139893
123778
145562
73275
81064
105375
35552
147202
37767
44141
30696
131202
82502
72555
31716
68169
13639
146826
113995
124613
4803
4609
79003
137350
108820
24685
136054
35265
61052
74516
61712
103207
80181
19988
86623
145744
143366
103008
47530
44244
11013
140851
34050
32103
31038
134194
24589
2102
112296
91159
4008
28535
136898
21582
66337
56002
142454
69951
98296
47229
17121
149189
106607
7443
47673
144559
66262
140274
137887
57679
130988
44498
19915
146092
98575
147476
54534
69035
106235
29420
147642
25055
110432
123500
116322
145109
6187
120509
45194
45523
46199
56774
37968
67363
40356
67357
86001
141187
68487
85544
108338
16023
149902
37340
53334
146677
95347
103586
120602
74726
16358
98992
98470
15118
27418
26959
67726
6452
10658
88510
122591
117456
133008
101473
128613
116999
107148
118684
132080
4770
120192
18977
82904
50594
3381
138022
8607
39138
110619
69667
57334
71983
80330
50182
23006
61786
41979
27123
91338
146906
141327
114559
22815
90179
89340
76552
23104
13722
68637
30690
114204
70925
29402
52760
34840
74749
144860
90964
103860
64822
141160
42920
71147
80942
103995
100330
72212
14958
91955
25307
11455
82236
44549
113441
139854
25921
108339
58322
123607
102119
46789
4203
481
134083
135344
111010
54607
88608
98264
46571
48174
118569
39168
8741
109867
78181
14677
80503
10792
70243
3056
40399
132173
16816
3232
2809
49770
60102
108679
129122
128774
125082
149932
122882
37746
18365
109761
104929
59636
83742
80955
109434
33887
68094
94914
69743
93872
86366
10572
60236
145875
22151
16144
51402
99812
57141
92025
148130
51305
67903
16421
124118
44977
42600
108949
133090
38576
143991
126892
108002
113641
10371
12093
53846
36033
145586
72659
101453
8317
37387
82477
16630
59495
52257
91914
139465
94925
67989
135756
2606
39759
63756
121078
19717
63541
9600
17682
14824
103803
123473
123101
44543
89338
8282
124402
70784
112680
62691
126288
54035
49061
143554
139971
115847
54346
34225
36581
56949
75552
126198
22383
85126
43207
136187
102741
127813
59925
17009
130586
147090
57292
83695
83256
148950
116462
117982
30356
130941
21906
35356
55137
128232
1930
2456
39854
126048
98260
135433
117712
107819
15648
84765
48267
10853
122434
76416
148921
52570
70385
84468
146195
84227
109121
67569
77887
36125
102985
87861
136523
85215
49490
131476
15090
68662
116964
7889
125759
110814
126098
23500
59399
140355
106389
47656
132978
4760
86704
138782
136517
123640
90330
119261
137700
115230
61069
3739
65942
133570
139644
88603
47364
31982
130872
44566
47054
124360
122314
105949
43368
91319
122684
136590
35107
121125
28319
85971
94391
90436
14583
26303
139519
117404
58430
149559
94353
123450
61618
19359
108780
101435
131168
26584
107643
24008
61360
124633
107622
24235
99123
863
112313
97240
2798
104221
78573
88632
32557
127731
67841
5293
41664
59332
31773
105180
89402
52681
82314
112959
52836
104769
126217
91035
21088
141870
19271
81829
6110
24936
33339
24327
103214
55049
40586
138772
24684
96617
79765
34480
134172
64466
124144
26618
120665
26760
60702
138418
144147
138331
18908
143378
137061
118744
34969
16039
103955
85142
92593
41194
42075
39536
24266
7857
49712
119724
30162
87535
75459
8328
103335
99262
56455
111972
87594
68481
100401
134333
57578
138213
4875
48217
88158
23482
21083
46425
88534
93700
110694
124789
135880
132133
45185
34596
1463
18870
54133
10285
120114
119240
136931
21728
1815
143883
76277
78880
128151
91030
144112
69937
136626
8363
28798
99802
30507
122930
26468
72515
27837
79422
121653
106994
13576
15522
12133
146897
60442
70674
121940
138659
89476
110463
9694
127156
6999
68680
109207
131665
30009
18305
53070
79458
90922
33995
73010
134745
112132
90252
360
52098
109552
64374
130625
53118
77724
103938
140777
101478
7859
36169
130836
4581
112590
37015
65161
23722
15095
39448
60616
98326
106765
33631
96414
52680
130866
68316
73107
147737
60682
141286
50018
60812
129995
138478
104545
67676
6496
120911
130522
51249
120340
74587
62851
31753
54018
129271
60081
45195
141397
73601
68905
149496
68018
99759
270
65416
27010
32994
121202
64256
14514
78471
19774
117088
70590
144184
90485
36752
18718
62177
22611
62821
146144
54564
130334
98142
125764
131326
74817
97227
135955
131689
84590
101089
54450
128618
112304
139674
45937
58018
29061
40626
80479
130037
3766
22317
118408
90285
16259
72097
12038
55007
93103
20614
128865
71638
20917
109034
103817
122372
147923
9212
81842
18354
117675
116901
143479
41736
45927
13180
55847
148282
29555
138519
26143
33777
6406
26637
127229
103223
25131
142334
1775
142856
4160
52323
91119
84990
100689
2943
58887
26566
148812
49999
80524
19453
78549
102894
86303
42242
92975
29164
98474
53994
145515
24500
33524
46940
67588
55341
86142
77824
135445
54157
5536
124080
135451
125638
93944
76411
10671
55190
145443
12602
33464
99112
105038
45221
23940
101326
104683
85230
11491
138416
119305
137580
63168
112788
70453
39021
68210
61707
100395
76955
40276
119359
102577
135676
109001
70189
100567
41260
66945
51562
32676
73952
67685
137301
78949
112643
77501
105875
63025
94445
65078
67530
98160
136815
8530
54546
69010
146082
63808
29480
112239
34176
124237
39696
8626
110919
114833
30890
30547
60322
95942
123208
47431
68348
130451
48576
40223
56950
41390
87244
94016
134263
72436
43291
51685
15495
58344
80683
65233
61559
29651
18930
22765
142221
123312
25757
28952
70574
77027
37738
63218
31531
57562
62930
2424
94776
127488
57481
130227
73028
56734
106057
16853
123649
138529
45974
6917
117448
71205
48243
11568
135073
123622
127753
85292
34221
107893
80743
7561
5041
34958
148926
40924
42532
18508
38849
16603
70026
88852
84667
114164
31976
142523
27175
53125
99186
40234
39108
124942
53304
29333
114790
19490
35339
104076
65606
77036
78597
111499
118708
93130
19092
90540
16888
131819
11280
1904
139383
65069
14342
127124
114162
114620
95720
125345
49181
119064
6131
129658
135527
72376
64826
98788
148193
138511
44314
95808
113156
109265
102016
54326
131400
12543
21455
78522
8158
148179
113630
27033
11035
115021
11398
133668
33179
77418
129572
117463
67725
125656
71748
70783
65381
19999
75806
139825
39887
100908
54172
49409
40283
146123
73360
72751
29854
114931
9147
144312
47421
92161
73668
40362
17270
88721
25316
38673
40103
7499
6255
93933
114744
59560
4374
68591
4371
60057
15324
108818
57725
73682
84790
76300
83099
14128
44507
130862
86615
37241
121953
135500
130240
15310
94191
40092
93584
97125
50852
84329
30445
69023
145972
116126
17877
16998
9677
39447
57905
31897
88956
120620
39350
14119
69513
81401
25702
26130
148720
128217
58201
146873
78761
85006
17657
77275
111026
14049
141308
7414
39095
89360
143500
112936
128165
11238
22233
47689
36179
27746
108742
32476
77556
92076
147486
138241
126591
106171
81816
52413
7757
133554
16571
123656
89718
42543
132912
96484
68531
40187
11524
109328
53687
82524
105443
80503
131238
8255
37287
111636
27690
121030
112750
37197
5449
111734
32854
58097
597
17691
23526
46976
89437
21758
143534
38834
78413
37497
10728
42932
87262
106955
33707
133861
12546
149366
35351
113857
149034
101831
28755
44008
13204
116201
13900
118890
78684
87407
129394
147947
39832
135595
21349
122031
58164
113746
8978
55491
96600
38825
65933
110529
8369
72532
80469
5710
109731
20437
20110
38448
3046
75883
17463
4648
7891
66417
66617
126760
86152
127479
73791
32519
117322
118579
113476
29206
138319
148312
139695
65704
92052
48092
106231
95464
124131
107002
46062
72866
59764
53933
26383
116150
92615
78730
7346
54067
132379
72574
52111
139962
14362
60538
119667
121466
16976
71379
142288
91395
118856
125605
47979
125928
27792
99289
135879
121025
146716
101968
148332
35281
31600
73615
41503
49275
16279
81314
117345
6382
53132
133688
573
7863
97656
102820
136058
33215
43518
2208
115153
121281
118657
144041
121192
65483
102379
47302
56811
24310
14217
128455
145655
67355
116509
33414
113434
42519
38407
28126
99439
25158
79322
47445
24494
50387
67400
53984
114606
86464
67474
59638
95240
63416
144510
100804
122127
11922
14571
122200
119872
145826
32104
102142
79480
63951
133987
9660
118613
75082
40647
114368
127419
148930
35035
55499
24585
67143
67013
72927
108333
65021
34944
70548
60748
134136
41283
99116
60313
111612
689
25172
130426
12455
59327
64112
78553
63764
92700
28327
82621
26909
106172
79068
118884
134940
121586
122523
20144
136945
75952
3752
62390
553
21619
125068
103613
37861
63138
9313
25154
56455
18817
82907
111484
122357
1597
47102
26981
75629
70506
41671
107951
12991
26520
40009
20739
142524
14099
47919
143375
72408
64638
52951
18924
121076
104867
46717
56292
58604
65884
44666
13540
149717
2049
58161
132754
112485
21062
87701
35937
83452
88796
52175
140576
109122
86880
55716
96953
133718
45552
41456
90580
61110
124996
44297
72540
144213
100026
97288
137351
86175
124407
7319
94840
12778
97602
118007
22926
7753
119869
83643
46573
127283
82113
43108
88207
63658
53872
89892
3441
112303
29016
104967
41408
134959
105923
18052
99068
128001
76066
64940
76183
51909
16076
89348
74490
106436
116500
102459
104118
55796
112537
115455
130180
86383
50091
31115
132228
145174
96076
31255
53670
21511
87608
145867
89805
144774
67180
91653
96979
91816
22028
91532
60144
71157
103947
108770
114616
105427
55945
122171
97587
25774
102651
66666
60765
69258
27008
18602
86128
85114
28958
114149
73963
100374
63897
110412
145067
102391
104740
68727
62714
102366
80739
77631
83952
69685
129551
27393
70017
131916
147237
121519
80851
17359
83383
124352
59144
147093
140482
13624
48999
123639
130816
112452
115164
4366
145017
106685
75808
123107
31122
85851
28929
42757
147878
149001
113282
40002
11000
98006
142591
63596
148424
82449
759
106833
54870
18191
54699
72935
144194
72285
99427
39636
116301
90522
1062
124572
34970
47936
55963
14267
84254
120259
53899
14442
146177
42925
92175
138354
76969
74743
80045
62276
139234
98929
43443
9395
62880
66693
127868
53597
87749
104612
57772
98948
78922
27286
109480
113033
103892
109017
113552
53136
52395
94348
71904
33470
132914
33854
106461
122253
100830
43567
49562
110219
45895
51337
19279
87746
129193
108967
49932
141649
416
122499
91850
61551
76995
72411
70394
119983
24065
66209
108908
11220
67489
68469
87906
29549
66240
26168
11371
149344
57851
648
54144
19608
6405
126785
134315
111334
31761
21864
32129
74029
133820
16768
82573
10598
81122
64893
95725
43713
123620
26546
143716
102318
95176
135167
116043
16611
26434
132664
95037
16837
11553
96517
26448
13555
78721
90377
94595
121704
97686
121308
87127
149320
116305
138759
24145
17249
122051
76627
106397
122692
81993
137699
130721
148044
119278
113083
77044
23941
23268
6018
132663
60653
65869
87150
12176
82720
70042
144348
131946
77255
33585
139695
143998
134346
61037
14526
119993
70097
78294
101513
35475
6474
10382
17014
49507
69844
126305
7951
138854
135497
68523
58741
61757
122288
61438
101936
57400
137066
31755
1125
100441
13912
30283
60456
24696
43206
64210
120407
90613
10470
82732
40815
69072
54597
21266
110675
142463
119413
81013
78379
11765
72168
7266
98325
116053
83060
101832
60169
9358
143292
70440
70505
40056
49283
81402
113422
26693
52923
94259
117661
5696
14025
29841
129120
74420
16851
46443
149622
62020
88741
45552
95555
85434
107265
130075
82688
20037
103477
25469
116302
121200
74059
134084
69735
32420
37285
147229
5999
38246
753
1220
95528
24032
16533
104669
113002
68997
62952
114329
7914
70345
35738
15726
34636
76774
91232
9883
74015
93947
143442
106856
25007
23884
131320
62912
38362
65820
133882
143014
101128
45992
57404
57569
123089
17265
128997
99656
108090
128334
61480
54279
25347
124461
31066
8086
55098
128303
61651
41022
76192
20223
51754
124441
43402
23039
87529
88142
60174
90855
120255
50676
126529
45055
59560
100
45298
28357
108705
37393
113154
146051
115960
3339
128097
51078
31464
49174
42378
60889
73200
70299
145181
13162
27759
70685
50781
46710
12453
6438
119934
73230
125376
121364
21685
28687
62486
56424
129007
63350
143605
111750
102294
25855
94066
44404
33401
68960
87184
63610
42392
61043
43255
47556
43552
94647
73518
133577
83154
20530
64641
92035
16415
41102
105772
57549
116939
146862
70037
136117
40066
104022
27615
138696
35324
25670
8068
117328
139859
74666
42977
133669
133308
24143
62118
42022
132418
143325
120596
66826
111063
56657
80389
68104
65753
143796
22252
20112
110073
119927
105095
40524
39441
128667
130897
993
56062
129122
53407
19100
130160
74434
141970
6209
136566
134641
46853
138542
142601
8874
33965
80802
68340
105617
125538
85348
37227
72462
52271
96184
83233
4178
31300
58994
130664
105222
6473
23494
60073
47109
68496
108806
79212
32984
5134
111674
100650
134903
2238
109638
88419
93133
130570
110541
107888
38309
25979
125807
43565
112336
116929
139407
131847
115711
100274
5110
107243
107666
86048
37573
104357
97658
142208
127534
67681
37741
102305
10975
107450
46732
85056
123568
51346
36094
140993
10729
56511
32195
71880
58632
81106
146484
23429
778
149141
41451
140874
131292
145214
107071
76155
56534
8049
129324
21273
93049
38756
2065
22704
77417
51455
109968
32181
146110
81496
108819
116306
69261
119489
96508
17275
98188
134593
14292
112634
18409
123181
115000
142175
125478
50815
71407
146035
9646
31540
41661
84666
56179
46793
78400
72991
143373
16755
8504
117049
111857
14709
109867
64559
54269
93906
93334
72082
13011
24066
15671
50232
3605
105449
90065
145237
6054
20572
94447
69588
100988
11021
103059
119703
70136
124089
84276
67189
16350
16295
25892
68678
7962
354
106435
109514
53114
14363
3396
113400
48687
34033
55156
6235
125147
73006
71465
137443
121408
47246
125818
120355
93420
92101
124170
147080
13545
44784
4584
32563
142661
114629
46501
13094
104883
49566
74627
35230
11383
67812
93950
111250
100402
25439
21178
114968
24079
12625
146211
86611
60337
85657
11387
70824
147658
32436
25906
102629
87786
52394
129932
125849
96526
127669
60201
124820
52754
36027
143642
68541
43035
86144
15228
31885
58650
26247
149241
55976
120777
63435
79891
130200
57385
135255
87436
91998
144430
107040
80582
51792
132277
26975
2431
124903
30436
71436
34264
127251
86641
113806
99474
63664
69107
54360
134515
7883
37260
77401
37366
40485
58407
97203
144813
8038
115668
145732
46437
41953
135865
4740
132003
6449
118286
58612
36837
24713
53878
104229
112936
145675
29695
16540
2545
113710
61068
137703
118815
82568
35690
27871
110069
31883
118506
130588
144770
83919
75751
112664
3784
29067
4373
143054
50503
19967
88043
58954
122996
92046
138556
54288
10606
66401
69632
124533
73792
123582
90264
58731
31653
76998
116440
73624
3637
45001
17067
82602
76993
119878
39307
146100
149460
60513
99816
149637
139172
134949
4496
134629
18257
6527
17397
82767
130863
125992
41767
90501
3563
72888
46558
105116
76547
105584
148767
120492
50352
44195
54642
8816
70906
79128
39593
104454
58974
33253
53059
27225
12468
3210
17593
74822
45172
23989
108512
18233
126623
126668
2861
116213
147285
57729
106939
84112
92672
142307
72663
38710
146441
49379
114768
93688
34199
120066
67807
101929
131344
125503
74771
37430
59404
14729
87946
67553
20860
38294
84571
42108
12996
120893
80392
13570
44427
49837
21857
143356
55486
145375
100362
31312
118074
14880
8694
51210
82779
30191
101262
8204
35964
67544
139497
110225
54946
136333
29100
61306
54603
56636
107797
130087
54754
106755
64494
74640
31235
27463
50643
58852
53104
135722
4110
30624
62907
64223
74793
100065
62838
69355
73068
14705
110340
34296
1865
129200
14278
100104
64723
137845
13560
88469
130694
92953
149719
60690
55980
27592
144150
85963
40025
37076
87750
12333
83043
12230
5017
89565
144207
100623
78006
30766
89802
89162
5265
4560
135226
89999
134121
111201
24996
72369
4548
5619
96596
37269
99753
112691
4206
119935
18085
99597
45894
119016
3454
65399
9762
26722
115700
116451
107553
22374
88592
37821
91841
8656
15736
109695
139265
132525
55812
83062
31492
121685
64207
140657
135295
124827
45163
75446
33673
35636
112324
71437
117123
145593
54563
130196
143023
149924
11688
36210
4558
115092
41364
75106
106860
93974
18249
12661
14136
97772
50076
74388
51883
109617
63488
62442
24973
71633
15948
42426
37831
102767
140392
138938
28796
148711
138087
59523
47247
149023
133443
38089
72205
133243
71972
110850
84255
91205
22918
50891
112349
103236
113477
93178
19136
135331
24006
11123
72033
10256
73696
26371
8269
131592
57501
104744
66861
127531
17382
85120
70736
90094
10077
123207
26020
10050
22777
54658
108948
137504
102865
642
105470
142660
6837
69740
122713
72632
30406
123278
142907
133890
141541
134178
34332
31120
8149
13298
105087
140669
144895
3774
2064
54349
81370
95286
26176
139855
125618
33514
122575
126227
24332
33516
114597
35792
69751
118360
75998
99533
28415
69371
99469
136172
123812
57021
90662
81530
42940
50360
135354
41694
132813
63710
125120
145073
5492
52496
69506
101123
90019
62158
26498
47601
58359
147364
96452
145849
33805
60493
6987
60065
84442
24010
110470
56547
78896
71927
7350
85474
46455
41432
125076
6776
26602
131107
6908
59738
119060
139211
33540
5976
121216
122287
49884
37111
90100
144768
145926
112244
55488
102018
137243
98235
93061
139029
19307
44225
113187
107255
93398
132135
108388
133895
99416
112847
60686
112473
9348
113969
46949
55291
110600
99435
98734
131926
56260
144812
93051
41908
61633
93621
27076
94568
90897
38534
41945
9923
51189
62566
100460
18902
18976
69172
143913
98101
99915
143005
63628
27174
128125
47811
59915
79210
116047
16163
66942
58365
114584
75102
73399
8309
3029
45582
121537
120002
68392
86764
102478
80549
93064
63475
67565
33827
132724
23538
34636
129325
121574
135735
79730
99084
31093
107446
142793
88858
1878
66432
14490
19461
51504
104494
122513
43739
86590
77337
42535
72727
26342
24624
69926
91936
20460
13968
100495
126637
93047
68709
57746
118457
81114
45089
41228
142766
138452
27684
106357
2363
124825
113191
128428
129706
100281
82814
68894
62251
7107
84310
118976
49423
148697
51605
134828
23286
121260
82541
131233
94510
23667
84912
66256
77222
105302
37467
89176
115499
42175
143984
72197
85817
3309
103274
6512
92534
47531
47539
85465
85122
64064
42480
82687
86760
87606
15859
26668
122650
22829
142133
77340
68146
48076
4600
95452
32601
139275
65964
63031
78204
47140
38261
68456
130429
130398
275
50313
137280
83254
64178
56832
92470
44673
143876
92210
74342
142042
63611
19022
91239
87043
44723
78940
103218
135028
46624
110583
92448
110503
43993
108422
41803
142988
59134
45779
33145
7731
137158
29779
117067
58224
113895
116828
145920
11094
14503
57822
143457
115529
16393
38365
111566
93096
31456
129811
76061
79722
50919
7695
39183
144939
68079
123799
108705
146747
66447
140260
147242
41021
18856
137422
142975
62074
26438
101403
72867
62720
93805
1590
3851
9640
387
96620
121285
63998
129107
23237
149893
126264
62101
1290
27748
111263
142851
2071
32269
148675
71290
49309
48205
73987
8924
128840
17707
123550
127185
55574
122159
141751
123535
11239
53609
61730
107175
61952
72518
120333
66408
6323
47546
130880
108841
149720
74784
137321
55050
100688
54402
51509
145507
115834
4376
87356
37332
66892
72099
17937
132230
47335
121309
41313
50339
67936
19041
32020
30551
16062
108541
104238
139479
117990
65801
20743
94977
132715
44872
114911
130911
84273
44536
57926
105253
72499
124571
126318
22124
89300
112204
107573
142693
123723
19521
340
119186
20687
59793
80853
65396
77055
71442
66107
93833
84951
136309
134637
136924
68317
29186
62534
31563
84403
135907
120577
14374
141111
96608
61366
17229
125324
22418
128782
119358
133267
146362
104741
77257
144626
147975
542
137003
67295
71842
100161
14103
49676
1168
1948
64733
116832
44744
27229
66500
98292
33971
23681
69225
121023
64333
128360
41563
47204
41912
42636
63890
18757
149111
112647
130959
13936
119404
51505
73653
117297
10489
99507
34090
73322
72600
48980
69205
87169
136801
149586
138630
2231
116326
55942
31961
93544
107221
76162
85883
47122
12736
143154
57217
98452
80485
111659
128346
71726
109154
86238
17070
44260
35238
107400
74524
117429
118711
45725
47869
105545
84802
113760
71694
78078
20277
10427
25609
10472
149068
97514
113194
114816
93320
111711
20145
115141
28470
66900
147636
28113
4655
95127
113757
14670
24560
26898
73147
13551
97142
77585
145738
3804
47010
129073
5102
130914
72849
99227
1736
115633
20113
32091
28291
34727
15881
74266
128327
125559
53167
140605
108699
36778
45219
132487
117109
123926
123869
68867
28046
99331
52379
73719
123834
133898
129389
65721
49941
62937
129164
83792
1038
39166
69986
142190
72824
121490
21949
23926
83998
123885
126706
24194
91335
26137
20023
61964
63538
104937
88764
103019
125343
140459
69234
117939
113722
118509
129232
26399
125972
111602
103927
25094
29988
107670
95466
122724
75450
26473
68806
90184
31720
63463
126476
80722
71494
45806
131188
50604
18204
127958
111200
56570
65029
96773
119426
84495
116616
7210
60303
95478
97892
16347
17585
127269
59266
130124
61887
114913
114006
90783
34611
55792
34913
108864
68237
130131
129212
147681
66579
58264
107075
38254
17581
140158
85273
65612
49902
102405
23799
109280
55678
2505
33523
114963
106405
6118
89081
131181
66323
69699
96537
141049
54883
113258
87663
135087
17923
137602
149585
119178
53885
89701
23461
101251
137386
65998
19283
63048
24139
134228
115261
134961
127460
35514
5960
52210
42259
10309
55108
112069
76668
115830
62440
75157
84288
64603
31628
68287
22764
107397
104129
87128
126841
60671
80794
35126
87914
27402
79972
123072
1949
68115
58422
66377
2575
121096
131209
27657
89951
107277
53979
84988
84397
7983
30816
84830
16822
101614
34806
148053
131590
20893
3307
55725
91186
28822
53604
140376
122143
112615
108507
117452
133008
71443
27375
90941
130969
98957
93979
116674
8200
49640
49511
54791
60894
120067
64804
150000
6306
26229
97860
58317
10933
107019
54117
34510
30553
101823
129261
69300
111117
127348
138095
118442
107409
60656
31053
27230
45549
53831
30584
26045
30206
45729
54662
139402
50199
40772
2280
91001
109096
86287
85503
123913
109931
22401
107940
140763
29241
125868
106276
117480
29957
52017
27573
12875
18721
113508
21130
119702
88457
105481
15697
62525
23598
127851
68839
61555
34426
132445
74214
131809
21888
85410
100421
13112
118845
39525
78672
68373
97743
23245
56310
48434
11610
87076
50750
70692
115870
139072
112532
379
115301
34301
13269
40809
68383
85481
83150
68782
75571
67303
118967
65432
2272
37746
13367
123841
120274
111477
68138
132939
149805
11355
57647
61871
34373
36616
107263
137985
14570
67236
112772
5903
18985
11625
143174
64457
44694
5204
123570
138912
145667
128629
6654
46158
1388
83985
4645
50267
11642
117259
93358
113210
4937
101848
93977
143052
74683
129993
97410
147588
6462
142305
122804
23309
19775
100190
12508
125794
136021
87781
36841
138293
83967
1985
84735
39558
136335
141704
46416
11972
105049
126104
85747
42938
134080
89217
142894
56411
132749
73276
129534
31063
12293
74685
30430
62450
17911
112798
122960
12836
48694
51314
120459
81104
45713
71315
23457
94858
41993
17496
102420
34894
20872
56883
113876
123902
131151
49358
54219
59682
100064
104184
19552
96381
70814
36998
42857
140639
135446
126132
105110
67938
95029
56584
99391
111548
67105
92092
127060
49982
8003
95067
133049
99911
8448
92123
92095
125161
87078
80689
40851
58959
108909
8396
103963
48517
56208
68443
127546
91064
52553
24401
94379
86216
84277
55732
81630
67455
82719
99376
67252
36834
80352
127426
114966
52544
61720
40824
131852
27786
86006
138308
62035
26684
42832
120729
17890
4445
40202
133995
43398
41251
34950
62897
135329
125658
126392
54391
60183
110531
136233
138275
142203
39532
43624
12139
56798
44934
30502
91191
80825
39114
101111
14568
65330
93730
97423
134909
20496
126752
25333
88022
17435
122128
15786
55285
6230
130992
94982
92882
98826
87499
47948
77880
83888
80402
121178
5013
111523
115503
103046
35760
4590
33949
67601
130401
138787
51742
116874
63493
28002
97882
108183
109188
61314
76409
102246
78889
93162
133664
26883
5092
49042
90459
9480
93509
32265
62954
94873
16531
72176
71791
84449
104415
8629
39760
77409
144689
115212
20194
71566
88242
105199
225
3156
68454
56070
49917
122078
111511
30031
69862
137079
132995
101408
67065
52883
11170
10418
135569
22601
81871
149504
19440
107917
93720
93251
217
85540
40548
42050
19421
68799
52407
27118
86890
21652
97211
42092
105932
4614
146204
108990
140650
22888
58546
67611
47471
143477
96319
132102
24895
2922
43569
110466
46984
17221
62651
143969
88009
19131
54649
66236
130195
97214
139872
63828
70202
62637
1044
122046
49675
63629
78478
90679
78408
87666
84864
72747
60673
27543
128663
97748
118663
32
56668
133757
73177
95200
16081
80336
19475
43877
123455
130924
131106
95821
91253
132196
97244
38909
143868
68019
56593
113219
84937
124667
134104
95303
146094
113762
53001
97794
33589
144215
139438
19906
54601
32830
142074
97509
101002
12406
22838
41356
38749
136236
73636
8932
138873
81853
88940
24506
94655
149540
34915
50830
98197
41255
111784
125877
137417
16127
61203
80062
112523
7359
120768
131597
63406
21991
27757
5394
110789
99491
98642
65262
24105
60742
18951
36147
385
120999
62914
55842
5386
102528
15427
90855
22813
79665
25947
140015
94951
88257
139652
128603
45306
68796
47822
530
37117
90583
91941
124202
28976
17446
6620
82022
6737
144906
110301
29796
1674
105326
129865
3315
34285
15182
121692
1516
40227
28234
6302
115660
103180
19114
112768
62757
71319
143503
37469
24682
121296
54419
45490
31117
47653
121993
29003
65624
124941
2744
112487
128510
19333
69867
127558
107076
30790
121256
100858
23914
17734
74638
98333
31987
101765
18988
99433
14372
149800
30281
133971
106006
13402
6150
19015
39840
116424
139197
109906
28587
76657
88930
136339
74172
136874
53479
90233
18895
25817
94392
35395
67253
99422
70672
86773
140314
121470
119727
36485
129531
39996
83853
14312
10861
26460
14613
7735
7697
89046
121197
125747
17736
65962
14823
44815
98134
28912
77906
65075
37730
134795
7006
80360
19696
98959
20425
120574
25849
69856
120592
148328
31837
49744
130686
70598
32085
147649
32306
141015
134356
73103
48584
149601
124519
97864
57911
99947
97230
128793
133733
124053
94041
14475
14888
21282
69443
124851
149935
117275
73306
82077
88590
10434
137632
109933
119259
147782
61024
43266
58790
94251
137597
8499
1511
126090
52385
103718
136433
17656
21792
28093
13780
113319
80123
107427
105892
129732
139410
102597
14339
1814
58873
19604
29200
87375
32750
44846
9768
54476
103197
96782
112165
38213
134780
22600
45572
62130
101993
87309
45895
81535
67924
96318
20343
129379
121106
16403
149998
10895
120568
124813
72391
35068
27902
125576
5915
92263
68847
108911
106514
119143
69260
11626
135870
67958
38524
103752
72657
130809
148756
11746
149277
54538
59384
22544
17235
21042
142911
83446
114590
82104
84499
129952
130751
37462
30405
97306
98579
56907
101329
108079
15110
47494
2870
29984
52511
139188
48673
100186
32332
84720
7774
68183
19950
14569
17860
132923
149204
1946
140940
73289
136868
31987
49334
63391
121996
129833
119609
60055
32886
133621
30836
126693
74962
74959
97906
131231
131653
5299
101482
127285
109642
69544
63469
34913
11847
130584
33512
7620
120032
98144
62677
111846
111446
31393
12385
76181
74207
13121
123638
42599
111899
73033
137652
30595
58477
61211
52857
82387
18893
142012
136606
104493
35970
102746
126765
80644
103831
46580
38258
119427
43221
95609
36134
20578
124245
143141
3701
87555
38789
1533
122059
13892
115418
117247
15216
95928
17483
35697
99190
86003
24498
2496
122173
71238
68268
13711
72858
28002
16047
77914
137463
109731
128936
34545
12327
32764
78984
10394
112038
83809
59124
32586
25696
40278
43423
106232
80191
93219
40391
91916
6078
94575
140021
48879
62397
81244
126524
97908
80795
145460
77283
14415
14732
134555
89195
9595
87575
91674
8455
138115
15759
104134
13476
85928
77912
102072
55349
101325
102242
62847
20875
24486
126367
118092
126146
31708
7625
115453
90366
127285
71490
88668
84701
38808
6560
97189
19683
79279
27927
39013
76037
67421
126348
79369
90428
26182
85439
115968
124259
78060
23446
131120
106610
86477
143483
90421
97575
114270
95797
114145
72714
106526
24082
134930
98410
80769
90549
30036
56112
138757
40072
22226
65676
133163
134061
94458
92636
100296
147864
39289
103863
7523
72590
34541
23023
113647
73742
97900
94539
141427
59790
52565
134058
144500
18743
288
43478
93917
84788
97320
9501
33007
90668
86897
96014
99285
54127
109087
67131
3507
64288
34794
28454
137676
148922
54798
116858
120183
95939
7247
64732
43774
28670
67966
17452
113987
101618
88594
24815
67079
42245
33978
53946
32523
100848
96600
30669
96084
144394
134596
33718
32427
143403
33397
29339
89444
108445
93464
127375
60130
136005
50963
120549
6840
19432
104864
23937
5768
24388
144947
143024
21497
19282
131519
104070
97996
107512
108830
17526
94137
58942
89959
120016
138915
31622
38788
73546
128759
95798
12268
43016
133362
21347
79900
16798
82890
92098
51735
147694
4870
110587
93651
55323
111312
65885
124412
78796
16495
19967
1274
129221
71500
87268
22344
70932
62824
23723
77746
97901
135364
41418
101122
92997
106809
143753
77697
139303
6950
50113
139964
148410
70960
22924
69608
56238
54374
88166
64786
122489
118182
137440
11665
62409
85180
102253
38621
58528
83172
138392
79116
72305
96376
119125
51212
144061
113766
47027
29430
55471
5083
48291
104453
108449
113494
81255
108597
57884
109310
76941
65917
56797
8387
4244
97543
116082
99755
109
120688
71384
79373
48089
49171
103976
76408
15001
143683
91473
65799
131454
132374
122560
51254
873
20143
79747
84733
36645
116402
120900
117546
30433
36557
28927
149162
40031
107094
82040
2602
132678
75944
50723
90806
70684
12401
61727
63338
139812
134221
112850
105607
107906
82589
140705
145186
104369
71200
80639
116404
92206
72032
24961
134121
80806
39001
35951
34160
117028
19326
70039
29595
68140
125546
3637
77437
30932
108959
68836
10233
75224
50119
148525
123766
80398
22150
60116
104476
127744
79097
89865
47189
111485
96230
20079
93115
42837
72972
125304
113122
102691
41324
118346
83285
90363
8676
85012
98058
34616
71171
22208
53095
109702
102879
47446
73872
5485
41261
149020
33087
119932
3824
9297
59613
117821
30891
1863
110142
79526
131424
72580
120236
74505
118951
121783
24069
136725
105488
133566
138680
5730
43244
147702
131660
120269
93446
98577
16765
67026
124901
101949
45246
118111
78371
30359
1962
50130
149557
115895
69888
124075
55971
106406
121226
697
35754
146247
55079
95577
77642
50734
38965
142823
147296
25286
18424
98209
109522
60044
108446
34240
97628
33610
22797
27392
51967
21291
29879
38901
134896
118574
27779
138432
142828
137106
116056
128307
61540
43001
48816
2216
18898
96421
40890
63027
21625
25604
138156
131574
134766
65217
80023
69546
121538
130767
140198
4135
90104
146760
32935
82741
22504
59426
44191
60157
122174
2314
91569
96234
52720
10085
27884
118044
80951
67980
41219
28414
32883
43872
128773
17193
108317
59782
46161
92318
42825
144822
23266
91037
90220
16157
5470
102996
26853
128264
118492
39892
115229
95091
88684
30755
59219
123137
120113
12052
84720
52657
128580
141642
10305
131950
75834
118581
122806
21783
9627
28147
36409
108106
25814
119264
131856
73812
78003
123670
33387
118385
93525
59732
71821
146356
62599
67021
123805
102488
43080
118188
109624
37014
71784
43607
39461
63732
48020
40618
118899
146986
134405
32635
100239
130092
108815
64295
737
31811
103356
116308
102527
34967
103083
27505
98907
14797
41263
125289
8330
113673
74177
58248
139452
51673
108085
61336
82952
129755
5549
128866
128660
146538
123106
14434
53691
62528
53668
53781
139716
149779
48324
144772
51101
132439
82334
89135
22433
95342
104057
103352
146722
22611
80358
95758
96811
28370
35309
84220
73950
117808
111609
119707
2946
36382
20395
585
82087
133847
109564
51765
45687
1205
10761
136186
49586
66643
92086
75899
137304
36186
95901
69509
10410
103397
4651
68665
48882
141609
117151
58525
46409
66419
63203
79955
52503
112988
39941
5383
58474
3815
102586
47408
72685
74053
16477
75720
48141
15971
37247
78296
12903
80368
26983
69866
40791
148394
65961
120131
91619
49204
34549
66315
64752
120062
117768
43951
13807
79038
35551
113543
85062
129586
33247
20280
83051
103513
131593
46952
136294
80399
102140
118424
132226
44003
83279
127135
97128
36652
128859
132644
57689
133109
20531
49870
135071
108739
148206
49787
18939
80308
22999
6997
2650
98574
117575
1724
50258
115314
65067
4879
133780
9267
23793
123431
138346
103471
73216
115705
46009
38064
106018
113874
120418
140164
37671
35102
146364
134295
127804
85861
137570
24048
10714
24806
90126
70022
96839
99658
29896
107778
117099
42507
62212
15176
70781
35178
135931
122222
46107
128502
110347
86033
106888
37283
34702
111952
4921
108257
143284
113343
15283
6186
102477
87
46629
71639
83323
63207
9167
66896
131491
88919
95664
112507
148252
52872
75657
55991
65018
144017
20853
109353
12292
40212
18112
124212
3578
132191
122118
56094
7932
1362
90721
124938
105275
131627
7311
110348
1130
12113
116016
58041
129140
106866
22513
130048
61384
145217
6812
89131
59162
36262
37103
9910
51136
133711
99959
55273
139202
7370
125242
77946
73745
143277
36426
140812
13096
141401
75532
16378
111616
89632
27666
47939
98781
36183
131480
47878
100283
82929
47190
135416
127172
107975
6691
66524
93076
38378
26292
26897
74684
94428
40715
134792
24743
123744
26071
24565
108536
122977
135228
59017
129638
114387
100905
123137
129988
22834
21565
65395
24892
12078
109322
103393
18470
135860
39542
110532
94101
85724
92038
15790
50518
28352
123087
62623
12581
31306
109480
144888
14759
130372
6115
139719
70271
117869
84293
95163
85328
38943
71500
104560
13932
35154
61719
37090
38805
26479
29763
20197
3413
134771
53553
148048
55544
100959
48688
62723
101137
112386
19732
125115
32336
125563
57818
37248
33245
64747
91036
31773
122161
108450
53768
93316
27232
117528
5554
78280
14198
53148
48898
129710
104019
3495
143980
54047
31587
40534
35742
128273
69357
132506
33960
64435
55958
91711
108919
45960
114869
49293
75954
140464
50364
60375
49100
69703
81607
73341
112882
57122
19418
58909
26358
137925
51100
35532
139179
143994
60825
124552
142069
65970
105661
105650
139642
145243
63432
82071
30380
109822
95181
71554
147874
27937
107052
62037
132452
83535
3786
28000
82470
8651
75038
38437
8564
76437
127648
54770
72835
11532
82533
36912
45592
122991
78628
95757
96319
120434
41433
139813
97032
60401
34929
73245
27362
57395
122603
115350
64902
125740
64903
54512
50685
113485
124938
104984
15340
95519
73182
117291
5450
108280
146423
7159
145082
89740
96383
73021
3118
51678
68296
92868
101392
65354
83861
120268
31052
16403
27391
8220
45534
71219
87210
22779
50828
60409
60556
59054
41140
114710
79773
118897
75028
123916
278
106353
59966
39500
21788
134775
47005
45955
108442
33973
19578
110967
127975
94056
90357
47105
106713
147037
68798
84658
59480
62371
64664
41209
89159
7664
6048
26633
79423
144595
112843
64779
2167
146429
136923
105770
98078
21677
19558
99548
144665
115273
40514
28684
109358
124375
65304
140192
65957
75229
108614
43766
68303
18070
108092
110078
79124
141749
20160
40778
20706
38300
59248
98582
2853
81371
30168
16351
57930
86934
113496
2974
144074
36473
82865
72790
121101
122001
6522
133609
139213
134274
72716
19054
63287
142067
25084
124181
31855
143961
59750
77926
10901
55280
79784
77483
134054
105476
36919
65600
134643
59169
76858
135865
97497
71580
148859
142367
69502
56276
131493
84477
127950
16754
56707
21390
11602
147837
141341
68945
65669
11901
136426
4351
69215
99821
73895
73096
131484
141633
22539
106136
29232
66274
44251
40467
29316
47007
96312
132432
61221
50142
147757
140944
39116
81294
21062
20828
136558
76462
89639
29622
99382
145127
21077
139119
94168
134497
75493
62223
114284
38055
41431
88520
82667
20003
26266
25590
15855
140387
88617
144840
4436
77559
71207
98622
20657
66188
123061
139552
8101
105311
140438
96389
132758
104642
40718
13950
118523
139013
107582
86949
12428
88879
96092
113852
112136
121479
27490
130034
90098
78951
126757
143420
68021
82008
50900
111790
49644
86735
3243
87976
34653
6345
131800
124737
56623
137517
19456
88276
143740
124203
51118
115155
132643
17894
33362
104191
29175
16694
62036
89762
83339
47759
68191
140872
98664
20155
61264
66511
28974
95489
32500
96407
123498
127897
4861
67256
123363
122919
93105
95806
20577
1112
23399
54659
79847
51697
99294
89889
147690
123524
74543
35226
20070
40332
104500
46943
7773
72997
147199
115127
37509
121877
17728
84040
109613
51610
70629
39256
148704
72552
134768
51909
16901
148310
140927
43891
4012
90604
90778
101438
89196
52861
3121
113413
87679
48371
68073
141196
106623
142512
33198
21241
104767
143408
70714
141688
148929
15474
12889
74394
64152
115463
3042
58647
82061
111803
46395
82498
91680
69349
123880
82144
55617
61083
112973
104551
103876
50884
39708
83418
29301
83593
72724
113116
67288
58895
144788
55638
31428
127339
63032
103038
112487
141773
116452
108778
66908
62853
93689
144690
23565
26486
30257
77545
119414
47308
140727
21847
38902
113864
114200
26341
58009
17091
147063
94160
21020
28268
65317
6934
100956
136561
31400
77150
89837
103072
114099
135215
138653
136065
144391
79238
43092
761
137578
127406
116568
3116
90285
34295
81819
144262
101578
85972
118285
54609
2707
11644
45334
64473
25324
138896
132200
24640
146711
95517
5215
107808
26732
60669
62631
61419
26051
103834
85445
5427
143402
21373
33932
13439
1016
119428
83185
140931
131219
26464
44903
137428
145478
129837
126817
11996
30223
50981
91446
3384
14579
10727
72208
28575
77632
142317
100897
61940
133012
33500
72850
59844
102384
121482
10346
128213
22243
68245
11169
75164
76640
61591
115644
147175
147465
17152
94196
71703
148971
38603
16018
82423
136723
14501
28925
54984
69092
79645
40203
82494
7185
65542
102264
85087
28571
122442
96504
42633
43928
33059
15997
112555
146625
13738
84794
133330
24217
92940
84133
46693
15192
8654
29326
25725
129083
126327
13607
30945
49746
80728
103104
16981
75720
85609
98727
147720
15791
83586
128415
108424
92728
134620
61408
40859
141
25971
29905
52482
85212
137481
129532
77560
36615
135499
10165
15411
149236
146542
37979
136214
74290
73523
5703
85828
30466
95788
60309
130352
6994
22127
102958
71258
55483
120816
42672
119086
147680
98725
106133
112607
147420
35928
105649
1435
131951
105220
9335
4708
58698
48595
104374
8526
112482
145355
107030
92970
56783
96522
37425
109378
123153
58486
6636
142311
13961
104852
51548
32461
81257
22729
138916
74917
61332
90932
51593
32387
142363
19602
141224
54860
140820
2195
109306
131463
119074
126820
27090
41056
44805
55414
37008
45068
31495
123273
25867
6423
70994
61140
127717
21722
142844
49438
73037
46564
54862
112174
31940
25237
52341
69307
118194
20451
44169
140780
149423
21713
73067
23059
143169
96258
125275
40088
103059
5021
64923
70893
147222
21905
42028
109685
101865
89334
821
37117
88617
30247
67855
118503
127235
139237
46886
44722
115496
99261
4217
116801
51032
128013
44337
32284
59910
80317
40390
56304
26832
3861
89177
2813
2704
1917
34573
65401
29481
54357
121981
69973
61797
102065
67490
66722
46255
88396
27817
10878
82110
41248
37609
147071
89464
102862
94563
143375
131402
10877
141970
7075
21913
34730
1884
111584
59744
16004
31320
92215
123408
63867
12650
22420
29561
101847
48759
131107
94214
50177
80601
54904
145306
105406
131610
116260
94126
76490
133181
75193
146069
105287
99034
97412
37425
108115
8669
130134
63669
133175
137950
40571
94495
70897
20383
106515
107771
88183
34750
33056
76790
74554
44971
22580
1196
82107
35452
145715
74560
43339
15394
10903
105777
28659
20583
21865
69477
30402
125117
137720
132581
148977
102772
117572
120974
96873
91437
52120
123393
37406
101339
97920
123063
8553
28094
80255
148285
46048
40916
127602
66939
32547
58720
38582
39930
5592
78248
65703
94936
2129
134639
115732
31573
10564
135535
65039
15694
67149
81862
85474
61776
44829
1967
82780
74902
74706
119216
220
126616
72006
91915
65596
83987
67394
89581
1114
143744
104008
139995
116409
123876
36559
53143
133041
101758
112237
7002
2403
46165
146406
98224
34623
48422
115106
39932
40200
147246
19938
86486
71870
92597
37465
94185
128482
110539
23657
59590
74738
46201
45107
108345
39810
113395
8139
41243
127908
92991
21564
41230
110687
34834
89117
30876
83497
7562
138486
109539
105870
81361
90553
35216
24683
145873
26320
128516
113894
106543
90930
10118
93378
109074
74453
37452
61192
91365
44806
10751
142027
139837
135474
105982
52338
21451
149943
45710
66278
6769
105855
55461
110772
145239
103783
33438
63444
2356
5961
137698
18155
90433
139879
52212
43682
26996
49459
63052
13260
81094
108817
80811
23108
149475
20529
146952
142713
81202
29103
148290
93356
121767
85037
42769
55414
127893
133665
91163
79727
64855
149348
34855
65692
919
149756
131803
47451
99081
96886
75392
129361
24554
148004
2992
131834
109304
32468
102390
44506
131367
53733
2620
95904
90265
47922
109594
70653
120155
69793
55497
46301
91379
16726
60226
109814
131256
56469
23644
768
97444
135326
67323
5986
39623
50519
21298
43500
146215
41186
64453
110381
136045
123315
98982
8318
372
73455
57958
73160
85706
92100
105757
53607
4673
23045
138753
110448
1328
88597
77216
34690
74480
90544
114538
92775
134736
98990
8086
10973
55907
25769
22198
31401
86472
97271
7337
38514
107959
2951
5597
78362
68716
49123
37193
22547
148100
58948
24868
13006
5562
118985
42288
125033
98034
100966
39676
130891
95497
92993
39714
24019
59518
75124
26930
20222
25677
40640
42184
56247
99095
30459
9855
22969
143294
128121
25976
20972
95392
81136
33606
42772
105630
70075
80516
135805
73161
110199
45587
97538
8034
119875
19402
7464
146878
28030
18564
15836
59689
94819
72396
3799
19759
90909
52019
123809
67094
95913
34174
39428
48586
28062
31321
77599
24301
126070
96958
132175
142478
124871
149009
34757
60984
59415
149873
62070
140507
135612
108786
10621
94798
121183
97819
66156
59446
146917
6942
88304
58416
113886
29277
67517
52891
109450
113751
11404
100698
47767
66225
109131
70844
55561
15795
40194
62228
10592
94754
64102
67203
137645
121265
85877
63782
68046
99836
67695
5645
19006
59829
130517
110934
44513
2372
57688
5183
112105
91350
146658
102161
46604
26597
9864
111303
1905
67334
47586
125501
36347
62775
97650
137727
41515
138467
29106
74371
114948
71548
54469
11174
45183
127128
113264
37661
145580
95627
80050
42254
13636
107780
142090
142032
113745
6238
53878
60844
132883
88429
10628
140488
102301
44291
120590
33813
31643
134322
104390
64390
113720
25519
114711
8238
106214
64788
12561
105688
89424
44146
92818
81488
78106
146783
88270
118179
118333
114576
51948
32498
110726
107628
95670
8583
26247
79789
139520
13582
42261
65972
106369
106142
146337
52297
18760
141539
56127
5198
133967
85521
123522
17078
76925
134829
115881
46081
75823
108385
12415
63405
137962
42236
31292
87281
60199
26817
85398
23660
35829
28199
22931
144445
148860
90175
148370
10254
122789
81731
32687
1201
132722
38829
63876
77017
118525
128876
44448
1471
16400
851
89057
106201
29824
41698
85509
114030
77129
118010
25257
109960
142732
72944
138800
87811
142675
5213
12383
9803
34405
6038
56226
82689
96713
92807
55996
114692
111547
54823
114811
56263
97198
20493
134483
94870
146513
116914
2597
109746
129958
63321
5718
70149
138090
35410
7493
123509
142594
137050
68271
93502
271
78284
122108
66397
79349
24351
121626
120283
101420
76650
86561
146815
89378
85427
80412
50591
134852
102346
140369
94092
65328
8238
57406
105274
33671
64728
66294
38304
89322
31994
17310
36944
83124
113575
104123
148048
27094
108411
133110
109412
93962
125192
55809
148813
146568
99414
11148
85258
79502
97633
87647
149963
127129
66261
53199
15980
126158
72153
18790
38388
510
67680
137561
123344
26225
81024
62848
102963
45538
69651
15203
79906
104254
76502
94029
99410
147760
48494
113690
22202
36209
28519
121033
125830
13063
75672
84973
102364
51348
55
36747
9625
119986
75288
110587
143119
134985
2139
103468
36415
149111
41585
47985
143281
30540
40320
37866
58818
143864
60652
18419
19693
7864
31557
116096
127293
141395
32256
149395
6903
108732
2222
57402
10693
8592
89656
48899
45595
134523
105221
1801
63954
97946
140162
109163
114064
16752
4897
140518
93137
48384
86289
62640
49074
46557
74908
16960
89060
20685
124015
63488
56925
91796
96111
139131
85995
140662
114357
108337
59348
87180
17090
3250
132852
148678
92701
105198
57719
86943
19737
34628
138037
112407
138889
131169
69084
120048
67242
114786
50990
85553
127909
147751
20257
27681
138219
22276
125495
70052
10737
60086
69150
96583
115710
94483
59864
125519
3455
137173
72652
15587
60040
40140
27582
102913
53890
58465
94527
11259
34059
64302
57045
21445
57852
136920
55501
34739
146089
149933
5975
110834
62087
74891
93412
34643
147008
146186
145761
62193
12955
132145
30710
53374
126170
149228
57233
15861
145566
35788
126095
102015
83207
113975
66193
96242
138406
19336
146154
68690
109856
87142
50207
125827
123549
61386
25935
72758
7726
107845
141328
14745
22027
90055
137875
46282
19057
13337
12117
24012
117326
59285
53694
114362
125023
14212
198
27692
133916
54152
19803
78276
34742
41292
68585
112087
118649
117193
79568
137308
129999
99641
138369
75628
54409
54200
125221
93195
132764
16088
141902
132355
6971
18464
123952
37240
87051
145172
9927
137394
63000
108330
134241
96538
148787
145449
16306
66018
111525
125569
59105
542
114918
136390
46584
84317
65111
142071
135014
28849
62511
87833
33842
14007
62521
122067
49621
39707
33371
11090
90682
53582
45019
102502
15375
147160
135216
74088
76482
33600
62287
24634
118079
79406
21608
11808
126480
27830
90784
131889
23391
149988
131833
21784
149582
9565
112825
81511
84482
46471
16539
108834
32159
38300
112515
95888
8020
15705
147323
103969
12758
146481
132033
76524
149232
15041
96115
38022
73268
123987
97106
141326
148608
101042
15153
138765
4936
119920
54971
53492
48820
25656
3047
34818
2930
122014
146802
73514
109838
107086
130774
83213
11899
23271
108662
36610
11070
39960
106146
5913
135268
148447
102972
110638
138126
77689
73162
27502
136008
101574
90207
35170
5726
116074
27960
40199
122509
48708
36486
16221
17869
24709
99825
63668
56192
75261
46380
41492
53313
90638
66181
27082
69985
91137
15976
133209
75471
99351
133476
104939
96799
121125
118337
84208
81619
120781
69132
128564
99188
15622
29101
39758
41588
40110
59780
31512
107829
137977
76454
84960
81206
33881
55618
24738
70151
30732
36864
19887
76793
30410
27618
118464
110482
24377
119030
9795
97238
25872
8861
47582
135630
80661
95489
133698
34237
3617
43396
131357
132223
141063
13519
40488
27282
149223
88389
34090
102518
126515
19382
144784
125396
133326
60881
72172
123387
22489
124980
147409
119884
42316
47295
112026
131607
108122
113860
102347
110657
128812
145302
106293
94429
78810
11310
142321
125004
139946
66794
17149
127307
53990
101316
120579
65350
40704
110894
42940
57047
120402
149845
5420
72854
72755
146236
20332
71596
55753
226
137437
51813
139529
116945
100263
132998
122306
54746
126373
121292
140113
25804
98088
114394
110990
92200
22180
22877
29377
53376
120646
20500
58477
43971
142425
133331
33465
123860
105059
121375
18550
146401
720
23751
63570
121308
107724
49284
66306
34731
14337
140886
26178
74400
144744
46134
35739
103848
44114
61826
135725
49263
142584
11414
43477
122875
125649
97538
147833
7784
104772
108155
122998
22536
46171
53162
22429
31562
113478
40456
146148
131226
34883
34531
80420
70403
56681
37416
79277
54794
144035
141559
95137
73598
53264
146681
101842
79905
143590
129027
67947
104200
2776
63970
117561
121083
138355
19531
27347
33690
127137
69495
4865
91534
41726
73754
32913
17111
47816
3313
97492
87702
36081
32140
112397
14890
126386
17112
87227
69896
64297
85401
76968
18437
12154
4125
9918
92030
85792
70305
111007
56489
12980
91823
21779
139026
39482
25808
28543
138288
112146
88616
78710
52593
105943
106299
125248
84235
118873
91314
132996
52124
27624
55502
108767
10831
130877
61277
123636
117901
57698
52639
73262
98338
147706
42514
36303
27923
143318
14781
115553
135670
27953
11980
28939
53094
122358
7150
72408
123753
115939
113720
134271
126751
31739
32056
131336
93135
143729
124258
34488
11403
49871
139354
48107
76559
9636
113866
78552
147644
66881
65138
100924
38638
56521
72038
127045
145923
22633
121886
105133
50493
38981
41112
110887
26497
145462
47802
102247
121615
104796
114867
29104
10527
89025
141903
12665
120447
132613
115851
78420
97890
139801
58954
70901
149573
81723
70591
78559
132685
17643
83206
143813
50694
138662
84457
10450
79491
123917
68176
135448
54571
38107
29596
20223
60815
125680
71729
111225
88088
73101
16716
106192
129142
107539
18212
20598
145858
147825
63457
95841
96016
62633
49302
131661
107021
95146
133364
29968
87543
105142
144042
100856
127987
61389
24968
141182
131374
136194
55571
90933
32972
118871
144064
61759
124467
148822
32622
48772
13374
105634
58551
98651
40040
24513
90964
114896
11101
119433
56611
7693
100252
98840
135650
56428
96106
7818
87443
138522
85495
77962
48810
99467
111077
100685
25091
3973
71523
24892
36600
113081
1378
23768
93737
113841
114229
89874
58058
50558
126750
20922
112414
116558
89405
113746
17803
44891
144434
36299
115861
111989
19227
108547
103538
106252
51693
8344
138254
148140
36799
55774
126193
25949
7136
107328
34138
115970
127688
79473
53193
109488
13628
94075
121332
78865
18115
10840
69422
92107
94103
39954
54004
55208
48094
67959
82500
74694
286
25089
16677
33083
110877
109264
94157
83182
48657
147270
6384
72428
115965
90624
3070
1367
2749
26746
124566
129312
139374
82906
12081
10677
87101
71651
13616
63479
123760
63883
63095
50155
39314
73606
126952
70187
52501
39621
20722
14686
95009
124293
57397
50444
50233
93002
100236
10359
98905
62760
101416
138724
51704
90326
94818
137074
132354
124456
94570
34881
139272
79508
123514
74691
19105
110281
120156
116708
89015
127018
21540
70836
29584
4862
40648
101043
90894
10810
131711
10197
36171
42934
54479
4063
54678
45533
144125
30240
92532
21185
147091
101900
148498
121404
37609
140468
16283
38039
92410
102845
93486
88358
42227
15182
35208
122376
58717
147143
121934
100001
91245
117182
107988
112438
12249
114017
103367
31415
27770
59152
35247
92040
15161
28398
83916
38618
13405
127774
147505
49874
36782
99635
52638
101448
97430
136212
123402
61391
143842
34500
41388
107051
44394
114970
33110
100668
29856
120954
31775
19090
91866
98484
129824
46284
141570
103551
99660
33681
28007
25832
63831
104145
90080
39128
95632
75515
147283
116852
64767
133170
142138
125733
90165
51819
103587
115813
35919
44503
108785
76011
134390
127246
51300
89342
59444
91981
62109
143145
114784
7921
12314
34772
136946
149107
61960
56857
58742
65189
107857
45110
48783
23207
80218
26753
82625
101510
1197
24942
17769
141299
22225
107095
70113
97099
34805
49351
43234
102559
27116
92843
98770
76569
84137
13622
124062
123447
27420
56248
9320
109771
106937
97704
143009
10100
127720
3068
78706
86809
13750
140046
104028
87402
64990
123235
100938
132378
42838
145853
138180
20027
108826
6713
68837
40254
80673
57341
118127
79455
34168
137398
116287
91064
115671
145577
135479
58953
21834
81628
69728
135967
85628
129855
58613
78759
49696
80568
123659
5757
79522
26714
69174
77008
149025
109413
110086
45459
82049
34473
33905
127434
128053
39195
58268
19345
51914
13777
124207
64325
113481
143186
16508
122312
147866
115019
19725
144385
6728
136029
105565
7572
60914
133
79292
27417
60207
147294
1487
98408
66642
49420
95114
73553
45162
57564
136197
32059
27835
43504
74247
140666
141225
54401
72526
36278
37468
113684
47911
100550
137749
116094
141444
118561
71482
143385
131246
16949
141172
61426
65270
46000
92190
145512
23707
86273
124698
21777
67098
21154
59178
9529
144454
15304
133481
15137
126852
79007
23899
103240
4383
124356
23983
76732
69172
119369
52130
20517
42475
67143
119863
96612
139807
141890
112115
128269
137105
92142
149384
87831
138569
1698
42824
5345
142698
57367
141142
73997
29665
9926
32253
85597
37970
142129
113701
94642
70686
40296
5717
64783
146752
65418
29877
75327
58487
104314
5440
63507
126667
116475
49805
139646
17274
98900
88692
21884
81610
115535
85805
40422
5197
77625
14074
119836
49044
28439
142298
2628
86683
16775
133399
100454
112608
55412
20183
49328
112412
71553
26607
141537
72577
70893
41896
76720
117294
43907
85959
102360
48133
62699
140751
33054
53855
27567
165
144347
34688
32548
21824
3186
68062
24710
41862
98620
22731
46858
44547
30226
92793
73787
132502
23631
101571
55827
27990
63774
3760
138566
36708
93406
66163
78149
91652
1003
71758
121995
15303
46501
131960
15806
27524
75043
100253
96559
71926
47772
80210
75928
99763
113940
108900
99027
37341
6623
27896
19376
41203
121600
62746
59786
140637
97380
105103
41649
80842
108983
29109
29331
39646
40431
12936
210
54030
2738
59275
141215
22511
104034
19220
20665
92046
71089
74100
58053
139185
12445
28315
65459
118724
74416
35774
25681
12015
91022
132181
91508
64766
104424
23955
49436
43545
119914
147591
49557
69902
73294
8817
12466
14001
88466
133811
29628
20257
76496
125965
63485
20659
146937
71905
61739
13334
117756
21482
23484
124515
104034
132577
109818
26653
133033
142629
105098
96041
129848
106851
50138
139795
48134
130487
69869
29512
35398
25680
63142
132117
59154
35164
18992
127350
60455
12916
107768
141490
32579
66564
33370
130745
87404
105605
135528
126553
63344
26886
88997
38338
68055
44690
40857
88203
74944
45113
122545
97652
27127
4316
42397
6256
87485
16067
82801
119531
80950
101201
72786
20869
26401
123744
101721
136386
47158
53037
11537
67585
84257
148965
103405
137776
118421
132378
8259
10171
147492
58542
80314
104815
43137
75360
23544
104540
8842
95058
113926
2971
32765
60144
118441
136366
76920
109493
24299
59996
39326
139622
20034
79566
117732
38180
72713
90906
53838
70020
141728
135824
146145
23832
84127
109356
138430
94722
149122
42534
104863
98142
4449
27595
7068
8728
42126
60864
111814
75021
132383
80325
16429
144243
40940
130483
134503
102184
40922
55928
28787
3302
55101
84753
56288
109808
140423
40960
42192
78734
30701
69139
112100
29969
60548
134237
54843
77253
12535
1163
47529
120469
79948
127467
134970
3904
85904
28835
29183
54031
82627
83039
103226
2059
50957
111044
89114
13456
24764
103725
46358
9026
138149
127715
108246
8075
80107
135540
111389
49708
70395
110113
138414
40707
20178
94879
114916
56506
128366
16169
50251
119771
68766
15798
60597
138804
90545
89532
74788
112564
118997
15111
36985
52861
101096
142509
80506
134768
122353
144764
105089
18137
66873
139820
78824
44557
147503
82883
116546
12168
90120
125706
37544
132858
43830
6624
92859
94719
71542
35760
26839
71832
67795
57869
137287
49914
133032
147178
147470
99547
49507
115593
39934
25353
2652
58947
13396
112834
99461
58425
138822
75838
7010
43126
148080
131583
48236
97138
77485
40735
1041
78059
58208
51414
140452
103982
53630
12335
112196
69113
3492
18617
13820
62370
30704
97226
72475
124024
29722
94073
120834
145397
68207
75689
79850
63448
55059
138876
42715
108935
27186
139756
127494
138322
100113
102228
6328
13504
105230
112994
87160
69242
63148
26973
144378
33929
59450
38124
128338
139811
113931
123340
33737
83176
66982
25875
93876
89742
127647
61264
92510
41002
81534
3320
90506
71383
133354
15004
97921
90093
129272
26815
79560
106268
21452
138688
119132
57241
38622
58548
52783
8822
61359
53751
97940
12442
76189
101791
99686
148540
6154
49021
61092
32752
68965
10972
131274
44029
78733
55674
116049
68629
91530
109562
6518
41997
119090
62337
29061
49336
107274
47625
114449
86215
148132
114864
117204
105360
123339
117696
105959
643
104014
32289
114847
9903
96202
116425
122843
27138
54110
78437
64518
66279
37491
46517
59479
30073
82669
45205
58245
53030
78440
963
43437
108633
13524
25349
140343
51869
15080
137747
138929
8067
104039
2011
10712
121142
139922
92602
85758
145758
8657
118849
81615
9289
75724
114468
90306
121139
79467
54725
28778
64535
56674
131996
121797
60499
95330
61259
101142
8975
18997
111274
13669
43970
13087
113670
99416
70769
103992
301
26189
142084
1527
79884
55884
32963
112441
19942
55523
129926
55182
135704
29507
32190
135275
138526
7943
15106
146910
43544
61823
25588
124725
5787
117289
66
89948
129223
5547
117879
89313
35310
64785
86290
25416
46791
13393
107683
622
49891
148912
62450
75357
9773
44015
5031
52548
80329
103517
56009
52179
132838
49690
80071
35066
89909
33272
77966
67978
41516
47857
87384
84321
14059
55215
33031
104468
146140
52335
76068
59645
102104
73673
100136
2259
119250
15781
22565
88175
45678
44347
133947
23143
42273
82068
2316
108570
110000
80187
112395
96056
119391
74479
134599
64869
72284
94279
104743
112714
98150
7271
133624
86671
74724
133696
36462
50408
66842
89733
68252
91184
15815
12547
128163
135754
22694
59511
79827
97681
54024
132826
25095
119833
8356
38670
145845
14882
75377
23157
106581
9897
56969
121764
35703
90347
131724
110668
117438
109243
126265
119096
99655
19621
12399
11110
149158
103760
38555
75983
34321
10488
120148
102744
112492
71143
149339
72593
37437
3676
47844
44618
121927
109006
96477
39402
52901
34524
17971
125190
50265
52638
130984
2144
81556
34557
103057
53025
52345
37755
90205
94540
48748
58112
113771
101809
58779
59451
119099
124724
116924
50188
20254
12782
31102
32473
39094
25241
47148
131298
80607
149502
26758
75601
50772
113354
112981
122636
49921
103200
6378
99870
146711
21607
110556
112181
129051
105567
144785
40444
3703
51326
64503
58622
122170
69161
21314
107926
129844
48852
95903
24142
64499
84543
123399
1047
37879
58560
102413
134493
90426
27101
18139
39027
140061
99113
91740
24688
24844
19703
60702
126584
47511
102750
139175
48225
139249
51040
41524
79131
17341
133280
88687
119222
117542
110679
61714
22143
143444
110554
1557
86347
2471
135425
43034
15507
149742
80903
32342
25657
133216
33225
37387
64069
132517
54399
84948
93141
9001
90529
73188
136571
61907
105189
45551
58970
2784
84950
4875
81503
71839
143215
140525
29900
19557
79375
92404
144921
48664
144107
49016
118258
96639
79880
127355
142998
132286
91860
95541
100230
35424
60446
45795
79012
123442
21325
149790
16552
88559
70528
126972
41096
122412
88758
77543
47536
129847
127568
50432
56410
5180
140982
97929
149130
142252
131774
11049
104324
134226
128164
102144
17288
97537
90723
9073
22252
5094
1283
145567
21458
77425
128299
114376
43762
110816
13115
140421
5022
119031
8006
118681
133820
68182
41444
31826
58180
119233
8840
94980
123811
6710
124062
10493
78914
54832
24143
28672
109874
118497
49549
11724
91378
112632
132489
112888
124481
18358
52085
9206
125126
132910
62505
100210
55255
98018
126399
23753
142482
24185
63540
50838
52494
101271
100020
115521
117087
56685
114702
76134
97490
15616
147376
9506
44136
76212
107464
45451
128083
142285
33041
22742
61445
71480
4182
114716
98730
31551
72894
109458
22109
147045
6461
75295
142377
64471
16143
7871
18946
115183
2867
50942
89770
82912
92335
16996
55581
133736
15097
143178
110152
58269
82335
57587
140859
94874
130190
5941
88164
98194
56097
105197
115679
30298
6051
116196
59112
42337
149309
139243
69413
59681
112198
41663
106426
114299
17935
139508
103681
65003
83743
41100
4292
65416
123718
9825
70970
97426
130456
137548
40763
82584
39532
24735
149143
147929
36833
25724
144925
135747
81880
145314
88384
6468
92306
29887
122291
70923
31094
28280
111826
351
76671
12330
112977
108664
96807
54697
47323
76165
47092
62743
126272
58655
122281
86002
101576
85979
71586
47540
115478
82605
134966
52446
19206
141317
84777
2640
70389
44264
3575
80054
110026
98695
109311
40758
137775
15379
94503
11453
136774
88663
130602
145984
38640
119367
12236
81021
108598
62742
67058
101254
47064
18126
20265
45152
40222
97243
43656
38222
48749
127289
3615
101655
115827
53940
145907
95319
35061
78503
97839
143213
46682
144872
45006
103604
34682
36791
147596
112051
51341
15415
54681
115303
91306
66076
75013
136591
42108
26658
95786
112361
121607
21054
47020
146031
55409
62703
56510
34971
48406
118380
40979
51051
45910
44590
136714
31467
76870
146184
69344
22685
35364
46644
142086
119105
59905
59292
70204
35387
80895
14601
54701
47775
99225
142894
91610
27088
78854
129181
53873
43012
124353
7293
105823
127694
111821
131871
134754
58649
77346
16640
39704
29152
38990
108311
88568
88815
124116
136934
84690
82131
143346
35461
125194
58349
78357
5308
90313
105075
65379
108003
41116
2006
136410
32151
51252
40504
88034
4389
145264
10834
60754
53372
123945
82118
105895
40424
95209
129219
32414
64692
50700
52049
121020
34880
4962
124445
99225
88428
66468
48012
49096
59029
26414
63064
83826
80475
61096
66592
68038
77745
126861
15183
12660
4031
129101
24611
15433
4036
120762
73850
24064
89658
89782
60584
61108
45036
5391
74834
43715
68748
47506
22830
131462
59474
147417
84966
4817
100566
68750
41448
32202
64695
36327
114874
77392
91179
85104
107350
48781
127773
107231
125669
103555
15362
8221
58196
127152
78944
44876
97616
124780
104334
120779
126459
117313
140962
63747
124385
43698
57908
123479
81400
116522
11805
68985
45579
125074
148189
26630
48998
60012
94565
138056
11079
100369
19036
66724
75462
56725
56808
122751
48701
118551
111721
47712
123234
17
80166
39551
93619
4453
20817
79052
116455
75535
141303
117072
26515
143762
77028
106692
9473
27556
16699
131965
67773
42992
40686
20072
27235
70065
61770
87692
81856
33440
68942
5906
141268
135335
130798
76759
56750
45205
66653
57802
53406
69451
48842
77658
66265
108801
132339
38127
58028
108592
121367
135325
5294
101725
52103
35401
23366
12671
95905
140435
7240
78885
35484
19138
108213
113548
126602
11460
55251
12608
77325
22439
67373
7388
115684
8789
37586
52955
93919
93922
48212
7692
86199
57520
86642
60092
10718
83271
67401
78247
76357
49337
125131
4133
107734
148272
10797
110060
90928
138856
37578
114318
48983
5081
137461
9074
652
55574
20831
6244
92070
86383
9891
14011
35529
91203
7792
148123
1939
86906
1897
144258
114843
72145
79562
130904
134770
95645
68699
99987
40028
58381
89507
17984
46177
18479
137472
82721
45900
30886
149186
7496
4194
26852
4904
38432
45160
46714
58692
95789
5000
3745
105600
34391
74764
75131
116052
45926
95965
24273
129983
131692
143257
9979
139999
47162
5951
133507
111067
59464
36921
58421
109673
70058
90314
37689
131647
65231
13959
33797
65141
62412
111064
114759
124309
14370
50293
33909
21293
45679
65516
20048
143044
56629
46484
51969
97977
111914
136601
124382
6338
101321
9251
11555
67859
139115
108497
58151
104808
71042
132163
138425
136675
115779
144506
22714
141476
105264
98387
67292
78719
97264
142436
110141
93781
44933
109922
82592
123669
135131
26243
149765
59970
86162
119492
46774
95331
66062
6497
139247
2419
57183
95753
117526
33350
117493
1832
85898
111186
141512
21063
13088
36764
85194
47564
143867
81465
106280
34369
131723
18261
50078
49018
67842
33285
99776
104109
54060
38666
118068
75500
120433
45319
11759
89626
69268
42702
35146
36605
135217
138724
77407
112207
76649
62320
30830
132879
146040
145641
142051
36101
101611
45809
24653
91727
28606
14809
127139
48456
10777
688
84318
70614
46016
99530
42602
11466
88864
40612
71815
41772
87934
12492
22854
17076
13752
106805
122189
13989
102150
27098
146398
59858
50035
65676
2803
55229
70780
104450
83057
101597
12033
127597
116135
128179
124178
25068
19259
29474
125286
93608
12861
32647
113640
62514
81088
122661
89172
95325
43934
54469
132547
33337
24845
113503
2686
124752
22347
22914
121313
86714
42993
132828
62786
11405
125022
144181
103078
69413
101702
52513
64215
122915
124693
4902
64552
123064
49934
96094
68148
125307
95205
60228
133457
68555
138431
59376
21632
129227
16522
25212
116577
133093
38536
85512
71102
139730
99800
126125
19293
38331
96969
134094
20548
89875
59950
83442
25463
140875
113072
53996
135202
145933
93294
109079
141927
144691
62846
15688
4392
133618
98786
128786
79393
98818
121906
59821
23284
69271
120776
22145
62976
109703
119146
109821
140750
8250
112895
100857
71830
122562
124580
27434
97856
149676
69414
122843
94054
89670
16702
11482
46904
98425
105556
40172
98559
6796
1001
109792
48252
26855
32234
69737
96613
96817
147055
8351
58159
53361
14771
63622
147425
85996
149040
48863
140517
102927
146791
74641
52997
93892
14571
72001
88305
43433
82993
133721
132482
19201
129451
135983
51554
138514
148146
5232
122296
54654
70767
25204
16643
52664
95420
96742
129009
79368
71014
64841
49484
42479
98467
141697
113459
130569
102304
133492
85842
147326
51968
113012
73034
60020
84832
90466
87145
105243
138560
39135
119180
144820
72248
15360
122287
34029
19416
111149
112702
64327
128461
145157
138859
77249
147114
29396
93598
80141
71621
65441
87887
139304
10277
81788
132756
69289
113604
72561
27708
16057
98201
105724
14734
51411
146235
80514
75221
115060
14235
55237
15183
137689
64938
53323
17381
111723
48986
69801
7149
90726
114948
32766
117171
63678
124995
280
85802
128074
28752
72807
116743
39945
142770
22301
86579
133856
61532
141195
108454
94450
130445
146460
141323
60173
18433
13851
101008
56038
71430
35181
30318
112735
1213
114151
92423
75128
124781
113258
39730
34068
74971
121238
4881
89312
94824
112180
27218
148567
121580
142225
69479
52375
18229
66226
146306
148106
120487
65719
73402
2031
125337
100644
134479
2560
586
102369
50459
28993
22338
4920
147581
140083
14444
71781
60008
49119
48219
52053
142981
133317
27973
56767
55109
43536
27805
139174
59505
27045
71841
124201
31479
55021
91457
71884
144703
26175
118079
77539
74819
55782
52235
20365
37163
111214
108176
22492
28993
21581
116073
91522
83287
41815
43741
103600
13090
123395
59659
49685
111915
102429
44168
97556
66696
115547
88873
21547
105658
130530
21951
6664
11750
104199
130017
127287
3623
135288
23732
36296
33941
90931
57199
17236
98310
12477
65555
69433
135588
132762
40850
13530
8297
80702
10933
59073
3589
39929
32039
71613
32608
103229
75310
118783
35545
77314
32510
53321
57363
72578
4411
75419
35492
78394
1476
3436
60764
19821
69545
66571
121002
141882
3047
40603
77110
91946
20044
115365
143518
81930
8246
99691
85563
45512
93708
28320
36613
79205
81998
74701
97986
71331
64384
1259
59260
29162
93828
44232
133803
77994
145399
33217
57812
114450
6729
125535
117022
2104
25133
134265
148934
51253
82606
91201
108157
121873
79706
125038
78987
26016
9588
66172
57761
43475
8779
141059
123642
141483
13978
9365
133914
63352
144133
5403
138646
50401
63718
76624
32572
717
112491
40546
9151
79928
21469
131511
13151
141612
124354
54296
97798
74228
46815
35207
18577
48013
77362
3950
27248
26277
142040
26453
8744
105387
68922
111248
80663
135304
134822
131944
19102
110807
25321
126914
52354
12001
25367
40937
93688
103957
74803
105668
133381
140007
38596
126134
39803
3385
37871
17239
104602
113432
140118
35163
2013
66183
115198
133721
44253
81209
89289
101747
46311
56546
132773
38466
111353
91283
6511
68891
14306
86512
3142
80557
24050
80828
63129
292
18798
107371
105911
56025
61271
44898
34868
54767
138592
116600
1175
7747
32304
121421
125597
121166
21370
14985
44339
94942
37013
56683
53250
149685
539
91085
5298
39556
132090
74167
77555
100845
80630
128451
107524
145869
52736
49411
131390
75346
37750
22703
100133
28663
26102
122038
117560
131443
121977
61144
95
79908
17338
21959
43628
29925
67927
55615
13860
46495
8608
89645
13465
110752
121583
117896
137938
36177
105588
126662
47988
106238
33820
135713
102919
138844
105948
66344
59049
18629
117163
39534
10332
134941
60177
25800
39597
9137
77562
29676
30846
38776
107390
71959
35515
16066
118287
1701
13248
117605
33116
64705
2399
26712
45498
41346
134379
68883
48396
1189
30779
71461
110624
149906
74616
120133
102153
123921
107334
13416
63210
26415
114401
73965
47829
127651
55755
31382
111262
9569
12397
102798
18343
26075
111278
86471
42437
117975
107533
61711
126031
12275
73952
123010
114555
16659
13140
41113
37890
106552
129190
34628
129201
148738
93108
47438
80981
124599
144465
20916
43707
141905
138055
8765
32663
110382
103032
73325
11470
98244
104154
145651
36014
30147
146377
31566
68562
104252
16482
108166
72273
88855
92160
136219
64507
12104
1782
14183
15988
12352
62926
133391
77781
93006
133453
130304
84665
95833
84773
73632
78744
21382
50202
81830
70895
137898
140049
25715
104029
125281
93403
106161
118153
43050
93090
25860
112601
146276
59438
131382
140216
26491
143419
34489
107361
70138
94652
112028
106426
126418
84444
27250
93071
52633
135835
84761
126940
48577
133155
142117
38018
21794
86153
148438
64591
5412
62214
133197
86873
15737
146197
68745
75699
81549
11562
83114
16260
63907
67504
88854
30767
76773
130435
113848
102012
125543
146586
103706
58888
11965
43103
75030
102764
41761
10582
73599
27344
100470
105203
35251
106527
20457
146795
25419
109296
17173
129385
139612
60164
88077
51524
127274
121788
148492
54803
4582
1781
73587
61862
76896
143531
28052
100633
76719
70821
107197
49503
44380
116564
93479
6741
111663
74328
67023
2383
30531
56130
77841
138646
54059
99281
121003
121234
79612
15351
71849
131755
30660
32842
139116
145771
6916
134535
41070
107934
95099
111542
47075
62577
120533
58233
112350
135383
108293
28799
9042
145833
137275
87326
126040
75482
7641
94912
83718
9196
50373
12909
11521
87670
62806
4258
127115
133075
80796
27214
131866
138528
108982
137608
71819
41536
49707
55565
35705
46007
104073
120077
139045
16559
99552
19515
3488
101805
3927
59982
78580
78900
9344
127943
62725
25059
58932
114432
90556
84410
45602
1956
120842
87881
48529
34133
105702
46671
128502
127902
133515
48958
107025
46370
131587
6012
35110
39244
114460
54715
127470
89280
121261
48064
58136
6864
63496
149332
54292
42301
19482
131433
76483
105448
15307
141086
119172
143726
114717
43417
50915
20706
93942
38524
115915
69949
49958
89236
3686
29583
87771
125361
148002
149078
52975
111783
101459
82399
106053
82808
109494
116143
77525
50097
120008
112747
113811
15100
59430
59132
53854
75257
5497
39181
125927
54197
138474
4962
133900
136047
13537
80127
66444
136312
87050
74130
121905
130498
34210
102026
5448
38416
139340
33121
114124
112114
66098
38255
83237
15550
62960
120644
128470
84249
79703
129501
77517
132783
109277
100284
141677
32248
47154
133206
137066
131161
87256
145211
48350
6160
45991
86636
139625
117640
133007
72589
104129
48235
105623
4331
81335
26269
37869
21877
105655
31328
130566
116296
109698
106955
15576
15057
131869
101671
5586
57479
135445
27532
107459
29353
128724
45844
143234
55757
115744
50342
126883
24453
40965
93560
125621
63765
100304
77100
134928
109368
99915
21692
3471
56219
69616
39357
28690
126016
12672
64080
144310
103850
71034
101790
64735
45184
87784
4113
149851
79727
78470
60836
50667
140538
23032
81268
17228
53329
88773
103116
113041
104471
9429
136984
3183
6123
58481
145609
10294
50356
111367
44270
32675
38581
75099
62005
46
64556
66539
142265
76679
93280
45720
48670
93571
149706
77203
8345
111907
142671
61287
76126
64565
122333
140781
123662
15910
109486
121803
681
102438
91133
70742
6634
128577
71362
53454
48397
76572
109833
70129
133573
138584
76612
110400
67865
70340
120518
126329
125606
143391
48641
142419
45322
143157
104403
73210
57174
136768
107379
99863
120761
103126
61463
24629
72570
125369
17224
78519
4493
8854
90116
35008
73647
30202
86172
133024
68524
70942
65842
10858
90276
96175
21322
9931
86118
90684
36831
145598
131206
58697
21235
119561
109976
66398
21628
138415
116873
49494
126585
34474
119893
138311
93032
104432
122558
148399
26501
17238
24568
137222
51778
20098
16661
45635
41832
39136
23468
17671
31847
95590
90709
40559
70119
22987
51060
4982
147050
107161
45324
80237
143333
95015
5072
119113
118498
31967
44144
142982
40349
126304
88418
73209
144170
129294
66808
38707
70479
113815
17592
121677
62985
61106
887
52207
109463
60697
39655
59963
112270
133628
43288
90464
128290
96436
62520
56419
64897
144890
37613
61322
12463
139779
44343
48692
124349
69378
79691
31412
90676
53660
146026
65459
3741
12345
107850
86551
87090
90467
57589
79655
43897
137011
121116
136655
98288
53231
14089
960
21515
141508
17334
72441
128637
37410
101252
35197
52235
110709
3870
21804
12586
141667
123458
12734
103360
119599
66171
87146
15812
98396
73450
119791
5577
62247
106737
115914
107708
10811
71264
11221
52393
107344
22472
6969
12035
84411
137404
34577
58184
39494
18660
77594
138518
50692
3088
134256
21431
20288
76512
44459
131762
19016
87528
40148
68876
964
118603
70852
44548
4209
94467
38202
71958
54894
96490
67231
4095
118936
103432
97233
25627
106597
11486
139867
20674
89055
107438
11241
48292
146031
106538
52233
104981
33926
68023
121551
113779
90164
103670
38003
69958
146944
16044
136423
123099
119128
145507
131164
31183
86369
144605
16368
144997
88480
119294
111826
25042
57756
64311
108605
12895
32438
69868
948
19592
125355
33069
84752
74153
134792
9825
106722
12466
12724
106504
117609
130860
121325
65838
132781
2127
96062
71636
147351
41835
116714
110598
117761
97799
62433
5847
84620
100389
52684
79751
31190
145347
71377
72607
131083
13881
77144
20835
58833
135736
110978
101222
78095
13397
35320
52532
115441
84884
94334
110012
131332
81435
4979
129901
109283
129436
4037
56306
859
68141
142534
29680
48828
1723
84047
126936
122934
140678
68569
145505
104053
147540
29084
108375
74657
38044
547
21550
41930
113592
102485
126944
103584
90509
3098
54919
37631
128169
144241
118671
33319
75055
4390
120632
22996
9099
73881
19390
149494
30232
125997
7550
21076
126716
143964
12044
127240
85686
110764
70893
103620
27044
45299
140202
45863
29285
23974
52044
37868
139790
118010
24340
16592
97183
27053
12647
66566
81265
85635
79520
122006
83786
20884
93746
76725
50906
30233
82899
121597
109033
14136
115429
61045
61365
48173
35289
36392
40150
115997
59892
133943
68312
112662
4267
99673
72642
133122
116021
19172
35877
87539
61520
104169
110594
138438
135429
133222
42765
41948
4224
27048
107219
58384
10991
130860
74213
8357
16113
145791
71382
14053
70456
112264
11214
138453
139672
16879
143719
4996
116820
110565
26254
127938
29747
104002
132227
142650
53322
14283
131311
141760
106663
39924
148764
25278
55002
72941
126930
143214
146539
45036
48695
116609
148041
113509
143929
127314
43168
7357
20849
113949
75255
141517
134474
119684
146624
68967
71872
133186
49534
43045
16659
118036
77844
87213
334
112105
16761
127120
67844
72112
29876
18339
62301
4218
11420
85309
8892
59060
70335
69488
110986
126714
16171
30921
75054
33697
63468
91727
31704
97429
15134
53148
75847
84975
90173
127351
120371
143747
62942
140475
113693
69697
133922
132650
38584
94133
42914
31398
146641
68869
85069
143706
5602
64769
55323
86388
127928
123935
10188
28476
100025
27475
23124
61561
12781
97406
130063
95916
110337
21231
77757
35660
89583
78775
67174
116734
5408
19068
50342
84857
105256
33155
43052
129383
79280
119148
98293
137808
100628
101503
108566
27135
96672
35954
54898
139991
59335
133905
12509
62465
42549
53232
44446
127746
143926
148283
100147
142304
32598
99083
9721
514
115989
49595
91665
83657
12395
87160
37175
58090
1510
57765
47183
94779
58797
143219
103582
137516
65594
81883
113359
25121
1534
87492
13520
130562
103283
22936
45198
69527
35586
631
125767
115901
81783
66834
47594
74915
75401
95047
114959
89004
53704
4003
133376
126858
54375
136122
3942
113667
109907
138260
110886
90147
45333
145999
80928
56771
147309
147968
86073
78663
145162
137209
54091
65587
65779
28377
79605
27808
116777
46241
84612
68542
87201
149583
9675
108451
67799
104980
73882
53877
76124
8248
104053
48751
23947
145420
113970
105260
146483
94630
96171
98342
9861
83495
138167
96736
137822
81500
121692
130811
12600
86138
104890
31557
79529
41315
125561
142954
34695
2788
100281
42563
64499
76217
126458
36990
13948
75079
86484
140612
86973
62899
2130
54805
142058
41395
89404
82680
149282
108682
76252
114568
51421
147402
97271
47910
14700
71919
41599
4997
42222
76214
40807
121603
41490
23186
80908
45389
38606
96929
48947
119495
32402
113275
85225
5477
4888
91805
88241
89020
114797
53722
145082
11307
141719
46647
140478
81504
141217
123869
77726
110310
68499
125545
94139
51800
5037
53946
21623
61987
146225
135422
117621
135311
123091
10351
108198
86802
7376
139007
131500
141687
138872
108121
107773
92588
90414
29565
75627
84242
57242
124651
149264
72307
3880
104296
98759
71571
72382
28171
42338
59131
70518
82274
131703
106594
43135
1858
143966
94305
89427
61793
48403
52374
58296
110031
15642
25342
36952
59172
56913
115902
67827
104940
117410
72987
71866
149317
11505
55040
90359
102971
17565
10953
20836
121571
5235
61246
82549
34104
94646
139810
136612
149381
97432
132616
942
140821
122
46584
146306
54544
44437
88762
141378
4128
91661
30185
86325
1571
65903
34726
67480
40853
10504
17804
92882
38183
29909
46292
99089
37242
134730
26443
93908
31298
66733
83041
33162
143696
21280
76121
110324
20528
42276
106423
99287
69757
104504
31739
44117
16372
145334
18829
82543
89744
128017
5628
36736
135321
97885
94892
57563
81105
24359
110052
18414
29490
20772
117000
124877
60416
103809
40562
133517
77996
140147
36173
28518
129530
52606
86064
9269
23746
9009
100697
126037
82438
94672
51204
6895
129918
134437
128202
135081
13464
132765
14970
17249
27883
87299
80637
13224
44735
53043
141503
103960
18822
7193
2243
26229
63928
36010
41787
119907
25041
118741
149912
126837
43438
33046
92133
37636
117474
61231
67178
135337
70660
116376
40408
35521
87324
59381
120997
91020
81602
51490
54716
93004
141958
135235
116324
125021
95108
142212
65451
123791
41991
17684
81612
100081
39946
126415
90787
122655
38919
2690
89345
69972
82551
66463
64324
33654
108434
125681
89712
32221
42342
89193
67661
98212
99381
132086
10538
114858
79000
90481
137405
136331
143839
13403
108004
110715
143552
29593
99689
122433
141937
34435
93236
80663
11074
96200
104641
103073
99807
57081
125734
34746
455
49750
8269
87931
42821
116229
96088
25552
29597
45704
9824
125939
149278
113407
69915
65754
83879
115105
104224
144807
143888
92402
119830
30651
82287
140949
149394
95475
104719
62280
83315
6575
73853
22290
84395
8184
16337
11650
123889
143603
43337
25244
12794
111113
91877
35940
5333
90102
33419
21520
90799
90656
79553
112138
28794
106638
95259
56295
53607
10776
67574
41118
61364
91439
113134
54684
91486
77978
141409
47097
149828
138318
15320
8479
38587
109428
134429
71682
101679
37642
95815
97468
146673
45532
119720
58056
11426
100648
125060
113391
52437
92457
149359
53936
106922
48774
56309
104681
82836
68327
106936
38655
18690
130430
88161
121838
40604
122076
121366
7621
65387
115646
139491
50874
93853
1877
2369
8370
116399
149842
23028
15436
48208
17376
12718
103013
107741
144134
142009
143627
149443
104374
75570
98648
72517
36957
148232
46975
71615
101396
126296
15508
75776
130613
130741
103814
52753
15252
129649
147537
141997
13172
117155
54765
9171
11461
23169
41450
74476
52864
131393
47551
98187
146759
5111
57532
81702
58204
120573
60141
61723
6371
107994
53683
17567
65825
132821
65989
95834
67603
111527
4608
19320
55432
37634
89216
33700
73640
94938
34220
35843
75526
74865
9108
72243
11187
7501
69241
42846
43817
78924
39557
52369
9645
119063
132949
136618
12310
11125
50403
50144
45799
84808
60928
26667
43740
130486
44119
89722
121124
13766
99542
50956
10789
89635
31154
128373
141074
10429
28429
102014
140402
83820
144421
148690
134320
21654
131016
95971
26561
130475
87847
104471
46847
95700
107803
98454
112762
53645
142701
28060
123677
55627
35296
28557
117630
33430
144588
52817
60670
41312
54466
124014
5856
69569
90541
52277
71020
61440
66535
101103
65264
12389
141732
78112
122664
73520
84603
71248
31990
148267
43822
13360
52035
129821
14803
44366
5665
146860
44164
50482
98375
20501
45557
45691
82433
8043
95275
45781
81947
41001
12427
51611
32303
117030
132166
123248
18546
86842
44231
52010
11396
135808
12479
116673
108992
97744
3418
61392
45812
74014
140186
135938
30113
14230
33359
111251
91041
86726
148002
132889
46796
105961
7285
129691
129991
9639
124289
66012
135431
11724
67686
111639
72783
8302
68691
119662
35169
6849
117516
146189
137918
92305
36986
131058
12572
61530
97277
22488
89605
141522
111043
94803
39145
147598
147016
31278
145199
117227
15294
33887
10291
147603
60846
7102
85078
80848
79452
52965
56841
71357
141104
142628
41868
76867
25788
93852
50192
84157
92724
136181
83808
43823
64985
79208
109965
127610
131774
16226
86697
15990
120674
61970
47204
42246
126405
131430
120973
95737
125858
77961
89221
71080
57373
37467
119851
38927
116241
49255
104463
100482
95533
531
35994
90186
1534
105877
5056
98024
138552
119882
76934
55363
70474
74068
52493
3300
42547
36016
115918
11899
13243
91431
128552
109843
44123
62638
103056
52555
116652
50584
2309
70842
131103
101180
30261
120348
83687
134663
85214
43474
24662
52046
78369
61830
129753
37458
118081
141776
60455
123819
69825
62052
23532
13004
88564
59628
94438
134459
13400
115277
14087
104569
89431
46866
134439
52521
136765
145979
107004
50085
47692
15594
76112
67937
120282
147485
82978
76400
100605
44429
112379
8665
133244
124611
72440
63489
96110
66244
68589
35007
92353
35734
79907
67538
101862
55515
46443
93238
43377
4492
45688
10723
107130
54023
11229
95344
79949
95505
31139
122213
18270
22442
78624
143436
9369
23486
124890
35936
10535
115485
67733
101754
88846
43890
74144
13466
48145
51811
73245
46708
85780
49646
76672
39620
130985
144730
112954
136100
101261
121546
83785
7749
39710
56765
59428
48149
90569
36005
11669
29395
51774
28966
9975
7120
65868
87942
100708
39214
144453
122868
74186
84341
98943
88565
33294
130276
148986
27337
34009
85312
106070
41483
29114
144363
34857
30327
117096
32826
87674
132856
69761
45653
85936
17064
112072
20777
22973
107185
93157
63807
22526
60122
99202
67839
148383
20290
68335
120271
117188
73522
28609
145790
47338
15535
85874
105453
82055
134910
8004
93634
81395
70312
85748
129293
13014
5699
66809
92934
110338
60028
137617
87172
118235
67345
41396
85213
79093
39942
134307
70790
55910
21014
122251
52887
42284
96582
85057
48988
148836
57007
148542
46290
69971
48866
63111
99358
2325
33833
53795
64440
108302
3067
71305
114178
10497
123565
67872
26056
62326
121295
87130
135690
52160
98666
96798
111701
75345
16742
63759
132804
108958
44816
74794
97266
131273
35427
94169
7400
149844
116054
128957
101938
146038
32447
108133
55428
3160
99523
101987
110527
73814
31710
33539
45453
50536
113771
90869
133612
148292
138451
113846
5381
107815
132440
31765
131501
93223
124567
66416
50717
148886
40368
108516
91926
71582
21727
121968
103747
144026
142917
42531
81006
13980
15267
29828
108146
107756
105653
82315
96823
25700
32374
111699
29094
1882
67783
118929
110201
60469
32012
57128
47679
141028
64025
76884
128497
33234
45674
137832
3299
94069
62121
107377
48593
37220
46073
11412
148954
41307
20163
6930
97843
118291
80735
44870
49930
122149
140031
103657
70281
122620
66154
69552
40079
138993
51008
47366
127308
119041
64987
79257
74760
50544
126185
40161
98059
87828
120924
145470
121928
77655
57258
80274
98871
132075
76296
39057
120620
91738
109303
109988
103414
94943
55365
428
46467
66305
1884
17805
91905
144081
93630
44567
9224
38638
11294
80501
109560
115619
147151
48098
33954
122088
127823
3976
46088
65278
75978
142378
15666
129922
139728
89580
137163
123439
81909
22577
6540
18032
119564
49413
114781
124023
55758
27938
82759
43445
133465
146439
134559
116258
14861
46567
24193
127523
31070
121491
3474
141619
41312
13303
128898
15342
92182
98989
30414
9577
110582
34819
78807
44843
80620
103017
64370
95773
134978
93127
88755
139597
143399
107043
84513
105635
141982
75046
88671
124358
6721
139575
69022
84368
791
181
127072
58598
53138
130053
146684
1747
79310
56853
141976
105463
133253
22732
82167
42884
17530
55798
140556
124918
142254
102295
86139
29973
35114
104847
128729
7333
64381
31890
76471
121684
67123
55730
14391
103141
15906
110870
67880
131667
4727
147218
12505
5154
53579
44645
53997
85375
44461
146909
111270
140489
77595
123612
63491
86111
86918
41954
144246
71491
51713
59546
94342
66288
134997
134163
48598
103267
6005
83148
42040
115967
123959
55721
87974
76971
128875
15312
118101
80740
139887
22689
88525
61568
137884
112182
144545
8475
23117
40159
86251
47943
20422
104125
12868
61773
86652
88944
100332
29570
120124
75840
116882
95146
140923
54881
42255
5870
87136
48931
36614
95188
97458
43432
116307
101963
144151
134271
92898
94757
52537
21598
2739
127322
126960
42615
18284
48489
16184
81817
63792
137460
62706
53270
15640
125245
137575
14831
63787
85256
147513
30257
12952
129856
137199
62979
29677
57299
78714
138516
61879
54372
129582
14434
134956
41805
146973
146102
98609
23826
34586
80699
96912
1786
135166
109394
59176
133352
54461
131277
134560
56873
45546
41474
135427
27469
122311
119541
8805
146812
653
126062
109140
128358
131517
78691
69466
7226
22848
99256
30129
43020
9259
61393
61965
143593
49529
70231
57231
40757
52930
63476
36291
126257
14180
8231
50754
70143
109600
48312
31431
36243
100192
130136
61114
43241
129880
37380
38924
113732
48621
34890
56474
72141
103617
28096
139765
14619
11359
41278
110953
18227
26352
134377
71922
138226
145968
78231
87510
124962
241
5217
59159
96737
32070
64262
133116
41271
74752
21887
66128
647
123107
137678
123146
131542
111200
108224
57219
9342
94598
56963
95595
110739
45231
53771
80484
4544
53433
18870
112371
74365
1703
133867
34392
117965
140323
105335
92493
66190
18675
39068
57071
36975
71348
44999
147177
47019
61008
113351
97878
120747
70381
14593
131510
23165
7182
142346
55516
97365
112528
62100
56952
106834
184
79274
116214
131595
39899
82653
13125
56241
47961
79951
6369
89894
56861
10782
45816
44194
147341
127997
21886
31069
569
90631
21144
47650
81130
27231
29311
93103
120089
58478
53376
76014
41101
125269
109919
122279
4107
46980
142720
103435
138585
82069
50778
15404
104885
28190
14725
146626
85547
19708
124516
139084
111998
100012
58805
9581
34447
121521
6526
148334
68987
138942
137784
22767
44495
80941
110276
52863
904
79319
53416
147964
41735
88100
10905
76458
64257
73293
144780
59221
127401
43879
124427
113948
81684
111108
17113
21952
30811
29652
108402
7989
3158
42850
32185
116075
98369
44828
133606
3363
42646
31404
59818
71772
134720
138586
45770
40340
95408
40889
128875
99497
27677
11632
88894
58290
29702
18293
87599
16814
130333
9601
80479
114179
38491
128247
112962
15144
33005
113699
104794
76668
110566
39533
8574
79167
116955
53333
18112
32354
138428
147815
111822
141832
65824
133143
14813
556
51913
134504
98764
11849
124859
57375
15201
53122
71722
74193
40460
61763
139149
21388
109826
129065
93506
145994
26715
37449
32132
57103
28668
62117
62649
38899
56007
128420
89688
36777
4070
5594
129456
15739
112297
66148
105821
39382
18429
140141
145281
54105
3555
123462
9048
56842
87413
49089
35165
60727
72120
89796
14459
99488
66447
90131
25277
55459
88937
77862
73152
22459
125800
142967
142211
118782
61141
18811
46146
6611
27579
35639
41310
139842
48924
141825
76788
77736
124703
98537
21267
16099
68215
71756
75813
125507
111900
144517
3185
15770
23508
133557
33029
66891
37367
141122
139896
59633
25260
49664
6279
124566
127700
24876
124504
146861
74116
112770
13784
148639
44515
138683
65780
15446
66848
3017
88407
35147
18179
5160
76493
80548
104926
66660
14377
143820
41334
129263
135874
48460
41340
64079
136968
26166
12407
48841
148684
87611
53090
81767
87503
60472
53955
27290
128144
136829
134490
84218
128166
23163
121937
34656
74833
120733
142516
3977
133660
23780
28890
61914
40736
44187
105148
119857
92820
36062
84233
26391
131564
34434
18168
8063
133889
106918
19011
58590
58140
5516
44613
25073
129634
117912
61525
37697
134202
123411
45218
1415
71949
130989
51003
6528
138133
34372
31369
37801
100912
68598
70116
123177
18421
86895
131225
6500
22831
31072
11159
149430
88999
120877
110209
135646
61565
89379
736
80242
65918
75900
65901
90064
12423
15525
27474
62618
67272
73066
115022
133323
145705
47031
134442
11290
101527
31697
9462
72790
23717
7456
63661
5007
7516
35629
73776
127344
141117
22910
34131
140300
53425
61202
86372
3839
4584
145225
42097
118164
107653
120746
22607
99419
33139
75148
61491
72280
24636
20221
128872
22002
85440
126664
450
112191
140912
94522
26465
7598
45336
41254
47647
139042
15854
72246
25124
135757
38770
8253
110102
119139
35365
4377
3303
94177
102804
93857
72250
127482
41383
147103
46470
21213
118340
17012
133689
72120
132357
98048
140086
88820
86317
55648
91517
16585
92224
7402
94169
28820
96713
112428
107902
85117
38819
142476
52420
24913
99063
67729
91597
92908
41828
42645
49780
79052
44349
27031
53642
57530
55999
37008
40113
13883
81683
51610
32204
140544
117344
101120
29494
34291
31239
51802
82854
92961
84898
17384
68693
143655
97361
140864
22366
61224
108226
64120
146522
20897
36762
118886
2841
54731
34443
100588
58367
55778
66967
41224
146823
96443
82487
129399
53388
102784
106740
83980
53214
131507
146173
146708
12932
138843
20341
117695
107206
75347
34495
33165
18086
146213
29637
106152
40969
41871
144244
60875
89307
92000
74061
38528
140374
80628
148746
55875
116454
22792
119895
1211
134636
16120
136336
92708
77449
148746
109050
24923
123957
143565
107675
127563
61474
60601
140377
40642
88911
129483
71373
95730
9004
39033
33608
148877
133060
110239
19840
68116
51026
61795
5046
32823
88456
44579
107012
34889
109728
128584
4505
58346
99998
46880
99934
25455
69523
141666
9493
115835
52972
82255
119689
137513
72546
131599
147650
76321
126156
24587
7301
13371
124344
51096
111780
55510
90519
134601
23372
118389
32022
133295
42256
27717
10733
102408
127188
54213
73123
136252
130657
43131
24686
95289
105622
126333
38855
137510
92027
80880
67252
114253
22506
25808
7850
135130
39743
81037
8702
28374
118671
60789
52292
92982
67269
58078
85755
68644
94761
110390
136916
32139
132491
92802
119368
111988
79314
96555
14384
128124
26478
41894
85941
40539
8700
113756
134751
66587
137026
36103
140742
98555
91
48702
107170
102000
38511
30212
144609
28266
120746
65640
48165
75737
103842
2501
62895
123974
134679
79114
59321
66991
118284
76856
103781
146440
43590
58616
3255
62982
430
14472
11689
135767
136845
17263
114875
105550
76131
16983
133102
55986
53567
110555
75304
113676
16843
122026
76471
131231
115160
31213
130148
112552
130297
126927
43857
105621
75421
61194
549
79272
111874
128916
93582
90200
10681
6243
65851
11652
68475
101151
77031
120413
64037
45686
123425
51628
19025
33556
70775
94436
113800
64243
91315
42111
50000
43192
38464
35922
46696
28590
5877
17648
101772
142567
40072
130407
136806
3209
144777
11699
40139
145340
31004
140521
109617
66518
45634
105012
118546
52486
115932
20009
88745
34056
110418
137443
13564
124738
110061
105860
131432
133424
113397
24828
25589
30610
83754
42442
148980
57356
91254
52187
71511
5540
16389
65292
106795
114134
112634
147826
72685
56702
146597
43123
8399
65720
45244
27113
44889
130771
16423
80201
104936
1221
10480
811
148148
135745
104226
49010
115866
67271
95742
36136
61799
33722
121716
139063
31504
137795
76682
132233
84051
111594
65413
78681
18861
65369
119936
144610
2877
144536
91267
54713
95225
66458
20416
116401
18831
138387
140950
77679
103498
15574
91331
103552
61594
107670
128331
130449
140268
21164
50806
75161
3888
74576
39315
27469
30628
67576
14764
91600
44604
114328
101013
38752
48329
16753
144860
141153
124602
83927
21810
129656
51333
82339
103880
96971
137971
2275
127511
64875
128464
81391
142124
101763
87199
87547
5614
87741
119661
63924
122953
35325
104220
119372
60985
23384
73059
24253
142793
42675
10955
29745
15890
120727
119841
4851
53395
94372
90868
119839
48729
94771
15633
54220
1695
55191
45520
64692
40036
27763
106732
131727
27736
107847
63483
25580
141473
101732
77035
134613
142382
91819
75962
54325
126302
212
23167
58462
1497
131191
5317
79186
3494
37901
141091
27135
53053
88971
69294
22619
8022
108172
43511
33737
91838
29983
143800
31613
70666
4151
36832
74062
118023
89126
130743
107716
135627
16757
9047
12905
56929
102387
110374
1354
73224
37488
69907
20785
10465
50960
126247
104395
134402
54665
98706
44862
44087
2087
35055
138796
87798
56358
89055
51403
93771
45673
59876
39628
82837
71888
45309
146985
55967
69571
53296
22534
55695
73410
129702
45702
83947
11891
32325
59028
83884
59209
22538
29118
126494
110132
46731
16638
81827
21456
36061
64547
110997
88376
117480
109466
99694
64013
9231
135105
91440
109039
134670
64890
57518
5048
66645
33395
136973
75341
93599
130411
141497
63253
91982
113412
124011
97776
36699
114023
65463
1450
124557
108594
106186
142542
3706
63129
120059
147101
34399
59589
2214
119496
29986
4133
469
79202
106477
117144
88984
128322
107373
48276
64539
107587
105213
38336
103874
146002
10100
75961
15751
1818
110171
54409
79299
143086
57837
25520
127217
149702
104387
97451
117246
99654
76845
31011
46066
111305
725
123091
103539
112015
6211
91062
119732
98011
78239
107018
26471
100727
51140
36803
1357
56363
81287
74287
108212
23284
99826
86634
65914
98654
86944
18705
76179
138829
62354
93596
16212
71243
103993
26487
93456
94664
111693
81385
56057
92862
21460
13001
10770
117676
105249
58862
33282
35720
85234
43649
84891
66640
77318
59361
97973
77743
24113
18308
52623
65334
39113
39153
91874
2425
2459
70487
58891
106119
39301
94329
19094
48364
129393
3415
75575
64034
16717
141431
21065
44201
16302
100475
6338
142261
18942
45529
67451
16601
59617
102096
113956
34079
127819
145560
61004
148117
91011
41281
68360
69942
37749
46092
121511
124963
69832
56414
2392
23796
36619
34032
23474
111384
88822
8873
49024
5545
15431
121694
71881
66525
37339
33969
38828
11083
39207
143610
65857
112392
120397
36824
78763
94257
6796
49176
124506
60421
2964
10726
42594
124364
114469
12919
111830
103102
34446
12514
11907
125405
114872
129174
145356
119501
145849
119125
64489
142459
123147
117014
149539
64666
99002
147049
135999
112527
35077
54588
21522
96963
84758
33408
37605
1964
30241
58635
122878
143341
19605
45377
141553
112442
136935
89070
73819
21485
148943
11006
146885
91479
26050
104061
116341
113590
103322
35333
119955
25711
52334
79924
54924
137228
19315
957
23627
148942
51743
102375
13408
141145
113872
28069
135679
66974
68823
88457
102776
29405
109655
32061
94328
114647
145872
112724
28768
6938
44156
145684
3175
5532
135219
17294
55385
112855
69726
136371
32323
19645
120691
83538
49015
9119
55691
92803
41724
71243
71920
108952
51116
115460
91265
15048
66512
81397
95639
8176
58668
17560
97475
130079
63012
124750
69468
89200
50159
31194
28530
40597
40625
14101
34371
14805
63199
47494
143123
33526
87697
130928
11053
77385
142973
137464
138699
97495
114567
90592
46529
43393
80139
137915
112458
87691
77058
132983
53999
127625
96124
6915
51176
11970
71081
88548
128745
101520
49813
126128
103885
137471
122
94462
128874
46534
20467
69608
74429
56397
146975
136064
5549
103147
82166
33240
133656
58597
43088
128339
81188
95512
70680
95606
124176
90476
82678
11065
123867
16402
148852
10609
85506
100883
51930
119364
135556
96373
49084
129798
10127
85976
97141
17586
13480
62556
141646
103525
43242
114138
41338
26150
95034
21346
124925
61805
84100
56138
36423
143467
58315
89300
76656
79511
47758
59795
145284
111226
66552
126231
101499
105339
39486
3207
79154
21186
23034
26023
58157
789
124475
34485
4269
24583
8071
15592
20939
32163
134383
16211
50764
93119
3480
105827
44643
70226
111420
143223
102007
138654
79075
143077
134154
141336
12451
33469
31524
143264
99132
77472
96746
147088
41267
124101
87769
17690
39716
97828
125719
36709
146055
118664
97298
10643
6745
18577
86496
78833
59685
132162
16484
80617
53443
95326
24294
112653
108775
95513
80284
133303
116525
141827
106881
30042
129329
133534
68350
45629
35340
56362
108760
13966
47017
61347
11206
46726
39568
134484
108105
113417
136171
66393
133541
120790
5208
3125
120441
81952
91794
24176
19718
17172
131722
15301
99124
40957
106334
46316
73637
18062
53272
22870
65407
38337
4140
146771
120918
129377
17128
74159
118358
496
29356
45260
15523
48389
49212
84013
81387
41717
8743
22100
129482
132863
43061
124420
81996
88226
28653
55209
55075
60107
93948
52499
33840
87174
80245
63852
100282
23040
116841
115207
29785
69953
23579
99296
9157
123079
107995
5754
126431
89470
91145
40956
94199
67632
30888
133432
50187
137618
55205
78699
4872
109425
37837
39416
7312
110296
6886
22887
49389
9932
45360
110414
145365
38920
112874
58368
20795
369
29544
129694
85211
116247
78920
132459
22213
110905
137392
54734
116981
31678
126389
4146
117785
110852
92771
91223
22759
142060
71928
24985
67139
64160
87058
100406
133015
78616
7073
144754
146338
80976
51972
58229
140242
41466
5911
85907
101889
137856
116628
77220
77075
71606
3704
12444
83170
55502
56835
144446
44478
131769
49197
38455
141664
1886
117393
34393
132472
10333
32327
45621
75592
46355
144568
146793
47940
27643
112907
79127
58894
72385
46748
74807
114274
69336
124570
24214
132595
124102
23903
128119
32975
145896
43219
17477
125913
26018
138885
77213
88593
58749
144050
89219
88744
41797
4710
115064
116682
31167
112704
89716
124619
74563
29978
25411
135385
29201
118846
88067
109045
128124
144976
74486
17060
6308
94763
58
68485
108741
58185
95055
71232
46633
104941
64919
46167
7365
40341
2467
78053
44173
44362
38954
11878
89451
86688
87383
116030
106404
104595
120802
19525
90105
25243
17132
103831
138389
11975
44365
12900
752
89919
108517
95260
59571
126488
45808
78336
118730
101992
143988
19398
99456
15472
63208
24870
137397
103291
133904
61696
32841
10336
21990
19927
147042
22404
137340
52579
145670
24562
32433
3763
25683
138805
123341
87407
20594
46861
142605
65356
121961
76662
136151
132189
116194
103908
17697
78085
122994
19184
100066
48760
62323
6517
112797
5845
101259
51052
125819
96602
128776
12076
66567
118589
71675
127096
128819
66377
109910
25024
35057
140984
126843
80205
104149
79089
144522
90667
69338
124238
114872
66553
61592
32917
118454
31434
101197
137791
10202
51385
58211
125682
62138
129878
85678
80448
145846
13045
119577
137554
132018
58021
145713
106697
60720
128523
96910
1022
46915
92010
92784
69975
106682
115151
39179
41014
136345
68845
63179
75683
77797
35450
114222
37851
31144
25882
105343
102639
49375
138728
56872
72315
72947
47045
106371
132642
74115
119232
136060
115755
116773
38311
148633
5704
53601
123388
129189
114998
94155
271
90865
9823
42428
123240
63231
76972
87022
30515
36122
19676
124112
60906
92861
92221
106541
113669
147188
132557
35272
132193
9236
119425
135160
108407
131883
44304
88365
97783
13172
88712
121946
45071
118208
77999
13674
12589
55914
115782
26641
123895
33590
76852
2252
116378
29657
97558
46427
110599
12719
60167
81378
89535
111288
76776
48332
62576
149921
112675
62663
32992
48857
105091
15319
143482
78111
72160
9933
29558
85502
24882
64474
88349
62384
43680
42774
122883
132736
47277
136259
5138
149743
120538
97180
144762
50224
81916
71244
49666
107586
51823
68103
130731
127777
49972
67649
121204
19813
2209
81527
25016
3274
12438
20521
82738
52950
117168
115725
143137
86151
90489
38429
33035
115449
103811
127759
112466
45415
145326
3166
141986
129738
54893
82402
135892
980
32517
60664
134229
10400
113941
27750
59253
135458
65089
32581
139854
66744
44504
29049
147193
145526
19207
20634
103465
90637
29219
27242
128445
129580
31698
6391
72865
65155
73317
10979
5102
121073
18763
76334
140095
148731
78562
133336
3496
137890
97197
132522
120068
22692
115991
76186
135750
146634
22901
137888
20765
149524
46632
118855
106642
67458
125237
48881
79752
47077
28509
41072
1529
107976
78381
118365
4424
145396
58626
122759
18173
147990
8539
139066
23297
108430
4054
136990
35599
49963
65171
35865
122948
58780
29040
81298
132578
11723
39512
47826
100311
41759
113374
13110
3833
91334
130229
35671
12666
30925
26141
81067
57533
122221
48536
107292
18127
49557
43370
52173
29933
30253
106219
22198
21392
3558
110354
4989
115172
7091
68663
42496
118483
24843
104313
103040
39049
67403
103559
133200
131698
11098
3785
139958
24202
78246
25155
93286
132217
27522
14207
53672
28295
21599
107684
87509
127711
52317
96074
87482
130831
41788
44140
128924
31874
99231
137686
64818
118548
147669
148672
76462
115842
81196
6681
93125
47070
102300
36268
27879
146719
13899
8156
93167
69291
65852
115952
138310
56747
14653
87699
144226
39475
53038
148936
85457
129398
3220
100106
38711
130200
52681
9489
111499
34217
44716
124579
90786
126426
126319
128115
112434
4397
112256
115990
91095
37697
62024
149801
64781
43603
139819
12318
37420
40790
14590
71499
12034
148652
84853
73033
68987
27967
57662
100306
134212
9610
80366
67196
117066
67784
79945
86713
709
36767
125226
148342
73683
9638
124378
75061
149292
44651
100222
3507
104382
48248
51293
128065
44697
75139
80909
44407
78225
79250
18386
18134
58198
34314
55519
15601
45009
57091
8132
29503
126311
54273
49146
4624
49440
34856
99079
46433
127992
147210
123704
34051
58171
128515
144034
49227
45967
67349
41810
15777
16948
47530
62007
141956
20035
108471
23484
141617
120751
40846
126001
57670
23886
80403
120492
105424
100837
144232
3643
29631
106510
49827
110022
107392
129162
127759
104396
1956
24328
132005
11055
8092
121253
12068
60340
146055
30304
82659
57205
72883
31187
10803
102272
112462
149237
133700
134713
115873
104024
40967
85769
33823
90823
124623
114065
46393
145416
4822
66940
25373
36494
53287
80839
115757
71544
3907
120145
145960
6185
99516
41570
77585
127930
59107
45132
48740
149467
108297
121589
94243
66662
14628
139164
7340
64511
47347
102866
148061
138536
138663
80329
125168
146372
68089
110103
102519
19154
25798
35566
83123
110398
49080
121545
45804
33931
145474
77372
11973
140028
34858
4344
109555
112911
90169
118341
68684
107668
99742
41898
6288
91138
47861
119949
121139
87463
63408
105338
59497
46902
87451
143957
111977
97216
72013
109961
148182
49180
2247
124514
87049
146851
110283
46549
19587
103169
44162
24054
130088
74051
59206
112531
144003
84685
29592
29684
93770
26849
99438
88651
37436
24419
50970
101561
5966
91241
71964
80603
57009
114903
83821
68082
68174
95487
7849
77390
67246
78178
79495
39004
126313
51836
131875
138343
100317
5686
36102
74314
9902
94484
24772
79195
131374
130326
136387
43710
12886
47611
790
74589
53417
131372
31468
18883
8143
70394
47877
27933
45016
130001
7961
18669
72606
47550
37238
30601
10390
133233
36009
135066
27703
97525
34022
45563
111421
137905
39385
133983
89853
68741
108485
1641
59607
89888
79701
68224
88037
62385
93643
110447
31402
13922
114864
103598
123959
48166
124152
61169
64977
100051
114552
114832
137457
91375
1242
106148
12465
45074
32026
146016
74843
101119
50193
56299
107841
8584
92609
24413
91857
94239
19881
10856
55359
8376
15239
80698
126292
95302
105822
52477
20520
48078
50096
51308
902
20850
57021
44924
85898
115630
116544
142655
90960
102273
105598
91310
53021
83013
85681
143001
46910
25459
9041
120347
27294
48872
36468
129505
67404
109354
25301
123412
67897
53019
118089
64586
72529
25087
135988
56741
27800
110336
149136
89589
127439
98100
112009
117676
120184
130963
100995
44070
13550
14990
1243
71746
73299
61399
26766
144491
59797
138208
90415
124483
133420
30471
10969
86761
16777
92153
68286
29769
145949
117881
15196
19688
53444
122451
14032
73219
126884
63278
77217
106330
2938
68612
13069
109234
15282
58089
134327
49460
86831
92370
96704
105933
23404
10379
107878
97474
95728
105352
147131
38977
37620
111975
38803
128326
102655
88634
24957
135908
2194
6319
75383
142038
110955
117805
80198
123835
106259
106684
130723
67467
75516
9532
73767
31815
98606
108548
27812
31016
39819
69500
97466
23304
12637
31876
123003
28932
145678
125793
87373
82417
91614
139059
139681
141162
4083
65548
137894
109140
48826
58989
63952
59053
73962
121131
118225
15421
39287
113032
5405
24774
112870
68609
13295
128678
143153
69712
83180
5905
125989
38483
142462
104723
135417
122275
140718
76295
93639
84895
141298
12739
63868
149510
92302
12521
85325
69524
102480
20363
21675
38634
35042
1812
127673
105632
36304
2475
84104
61860
127276
101899
149832
27313
95208
23646
28745
2794
19313
40847
98644
133973
40158
92446
89079
143470
82620
12901
19112
40773
46291
126906
115986
94151
123921
23802
104302
127118
117442
149681
78323
72646
100420
14798
104804
99348
16241
5514
142989
54194
146690
84692
85251
86244
25940
10266
49938
130869
143930
117496
11386
98464
57410
82410
44308
46581
68590
100206
5335
83653
93285
56840
138419
12293
82592
74521
144808
8304
63099
46120
20090
9356
6487
14521
96893
43054
31956
70278
3055
23151
114982
54947
136949
39355
33034
40163
34615
18092
96832
89092
29860
56225
64722
36107
13362
109064
112979
28098
149688
66280
126699
40067
105464
149623
99692
40080
90925
11382
40970
10669
129443
105428
70366
82670
41159
99118
143705
15684
147885
4481
125762
102883
63275
80960
90703
11313
54525
72990
78146
41833
79618
93726
126641
23454
103646
136327
41650
8650
90223
95166
94759
81046
84744
29098
119352
97024
28134
129802
3027
30063
144161
36658
42565
3040
140022
106615
90999
148337
66793
147287
83970
11372
25563
11088
5824
139724
1950
33654
13856
24857
109364
105576
33785
72337
143587
105933
65691
139387
126609
146764
19377
97105
82966
115024
59851
651
48390
117065
20524
59661
15391
100664
37614
131921
124763
106853
94728
22088
37299
107781
89091
140800
93369
1792
96089
8982
698
90982
32176
119764
36114
104850
101532
29373
97710
108131
116530
28836
99441
114058
103776
142979
117508
125300
3612
55142
61750
110357
55963
48969
75593
132331
92166
78017
149939
141366
85391
100360
3451
16822
93524
110550
11432
83797
113234
48432
120069
116772
41742
120724
30363
41808
70343
121996
13155
135581
142971
103502
126730
7637
130734
126336
87615
27420
66003
48484
8064
25057
63512
18729
45170
11838
17039
114181
95629
149207
117744
71475
44584
43867
145342
49194
126053
19093
128372
121932
69244
2601
57373
76427
105411
98824
27267
102951
20167
132058
99522
17658
25219
33753
134737
114451
21858
4353
149379
108189
121456
82565
110511
33194
84464
35011
52348
58823
21216
97347
115621
507
19168
35712
96486
7
95941
130927
112901
23653
84006
144459
73088
100461
54214
8444
56566
17855
60250
9692
105004
79902
99760
100926
142804
133852
59575
85260
65610
29997
82145
90821
18345
18593
29484
6752
10207
90425
64941
77393
119900
2168
113591
68822
113137
100894
55886
93318
104350
73357
12028
119173
121574
17589
16242
36643
77342
124943
74727
117400
29477
90879
67615
122720
82728
92164
23647
44391
60366
64299
51251
69576
20867
90182
66316
8208
18005
27809
124223
61605
22589
24286
111310
127906
138923
115175
135731
128028
113944
149563
75958
21050
40595
3143
111190
46585
36855
122255
95502
12101
135675
104138
19704
141414
13000
143202
20852
122475
113780
50791
93517
28815
38106
63623
34105
23827
113601
113850
68649
73175
78263
88231
24287
116222
111789
85691
93709
35915
119234
89461
18383
137355
140654
100534
7657
13923
63858
22875
84708
130858
58365
121573
19712
5001
41049
135791
60861
55349
24953
89110
87500
126582
121577
34767
107272
96157
83340
133846
97563
16325
29107
137871
122306
11597
116638
32530
96616
7835
4478
128009
95300
146034
74623
13626
129155
14188
29912
61983
66545
13307
57960
134405
77528
47541
21555
76772
94402
24988
78932
75941
108692
34815
1850
52860
27584
289
103489
124135
91918
96565
57999
55210
95052
111110
115471
6459
35752
144438
108576
84775
129937
145238
93550
39456
110493
30725
93539
8280
149372
39090
122209
70678
143305
121799
4214
147584
81502
16454
43800
139004
35360
34315
148721
9014
73593
66282
58580
116716
64910
60716
44286
104861
94750
20767
120923
118239
76227
50031
59788
107692
59896
61477
139241
87641
56407
126490
147458
9890
102492
12867
78916
30045
42691
109378
18019
62437
70053
38458
32729
15998
24459
134728
51686
149308
70096
35024
114390
87028
138447
25136
14492
114079
5210
97309
13054
104782
120655
74461
76481
4776
146726
39276
76363
121651
45562
144316
47847
39451
54294
39012
56777
6746
111995
109023
3089
17608
90872
28641
116277
64331
147410
41405
19095
22505
4840
135941
7420
42771
94486
99948
88581
59175
15020
133353
21401
78967
38352
124883
40782
40776
95418
31378
84089
72117
118913
76928
140293
46555
138334
106137
74647
28258
62823
76965
142043
131174
64715
15526
132110
53523
130619
85041
21766
62236
80836
11369
49883
42574
61451
11785
145576
20106
64249
100483
136971
71903
97025
63912
112321
138592
17366
33158
72743
44869
5654
2409
142860
45468
148739
103720
98216
64575
102109
104908
145409
62064
43356
73631
67666
2096
7673
48877
110931
75123
76919
31616
87637
49401
37263
76448
103572
18058
44019
47356
27823
121670
50859
120108
20571
83067
87453
17519
123624
17634
23498
1678
18030
89514
18061
39078
121857
85689
137115
145067
79633
124373
92723
60905
38470
135664
82375
65115
138768
6065
21086
121640
2942
82911
116370
62221
3464
88714
13466
113520
47914
77244
66881
14894
90372
121188
69475
145881
3935
79119
119213
103392
96932
135616
129631
148157
25673
16254
92676
4339
3501
50609
3362
142135
43
55622
21906
31799
80773
101849
21183
7659
123194
130693
54248
65034
26224
146210
33839
100046
30513
85915
34104
122394
28491
149147
139805
49449
40991
101450
106911
62491
115508
95214
127106
73060
22776
14399
72637
144144
104727
147706
28625
10579
104256
3843
41185
63062
6084
145018
10452
87301
57641
106178
103278
119121
6618
7196
104262
85093
118629
34343
108234
49448
123300
15872
23430
7737
124351
21786
43182
79488
97091
60390
127433
7236
120550
13770
81785
87855
127555
47873
148227
104018
49629
96977
61841
38520
62950
14275
57107
131011
70730
149643
1829
71233
78007
148788
132003
88335
15515
141332
57872
72448
37152
8921
23314
91626
116209
93111
130710
145842
126397
17536
8303
105027
147604
109934
42966
119420
50055
57702
143626
34057
3289
88532
11232
136948
142571
22083
5874
76645
94881
107801
118841
95747
60436
108482
30647
149697
108423
36696
10576
12407
91757
145456
57160
131100
50095
40294
30115
76632
86932
22440
32809
4521
91044
24492
60108
76320
22451
70175
82265
29909
140876
49739
132150
49491
130647
87005
55874
99098
83676
30990
53757
111953
135062
29729
87380
81479
106851
49840
65617
140005
9492
125592
62063
44952
75342
142989
54056
95398
81726
96109
135933
90331
13951
9380
70966
27233
33782
102340
21755
123104
106713
57229
42305
107399
99020
93568
101232
18012
17544
38391
40120
105538
18779
72322
140437
5569
10469
111405
102604
131534
97493
84679
81157
33403
40297
83357
113381
148924
107536
32872
107742
64318
149733
32384
104276
84420
45086
1625
3815
120251
72172
37141
48479
108129
69400
43896
111982
127859
33184
138820
113609
35989
15586
124791
27534
73652
14814
380
108266
80886
35536
69331
131709
124225
25652
118646
105615
147841
17783
3140
103312
74821
126121
67826
64004
21487
87193
22283
143047
35979
6894
115865
92951
47288
2233
95378
42617
4603
39672
32970
69916
102029
69796
124124
138315
23328
111244
65173
78575
115300
814
115983
7274
95121
141346
102067
26423
25655
105336
114800
5952
131802
126314
32060
50670
29605
54285
70470
88321
83341
3092
94203
86536
135565
81796
9885
109207
72954
130038
79755
4892
38705
20148
54176
17954
6129
29364
58250
139315
79514
99607
110621
57785
52734
65477
105547
53653
91898
29273
44086
101695
66336
7194
39442
92837
32126
100651
73768
84915
24115
107673
41618
75519
36241
57879
96661
86827
92538
16063
88202
35013
137978
143004
62493
140191
93331
79875
59622
10967
115997
1778
6014
119679
18410
104739
134595
133817
40710
34718
32094
143750
56033
2522
52255
109743
128720
73616
147628
97144
117777
77983
12541
24202
14125
127989
57773
58299
119366
85852
128158
13976
117946
43362
6679
46449
38776
60545
33292
66906
29820
85645
6402
81350
1149
110108
47707
99211
76803
61846
29794
981
69208
75715
36728
145222
140003
30108
94970
104179
26211
29234
11442
107055
87272
14935
104156
23369
34706
10081
2536
78236
104670
132740
131413
38333
135242
113653
144766
12968
82896
87979
133082
59866
76797
73873
6459
20237
47171
54191
56936
71785
99652
123655
95807
34706
54923
43017
47571
40509
30111
7491
136164
21957
122818
147312
14146
83030
77842
25910
108715
31991
77808
32083
141779
16151
24018
166
81241
99365
60243
50911
2042
53930
21889
143713
6860
87669
99325
34164
93272
68763
13621
67430
121070
22299
117523
146994
144591
120909
252
38049
128264
46646
121807
43136
33660
39891
111198
110827
21503
40617
17485
16323
102685
55069
47773
38903
68576
79145
60895
97005
59722
89088
53821
12902
40941
115795
127508
18726
10009
141839
65604
48892
128570
132873
17968
137930
883
42664
3514
85372
54885
146856
77619
56885
147646
141787
134157
16040
90886
71717
86856
54433
46462
58561
76700
102117
129724
25109
57467
63682
72272
40547
25927
131900
14285
123313
121675
146697
132669
102724
62928
145549
117595
117403
33605
86186
46760
144427
53231
31135
104082
134268
35018
84284
17351
89619
112783
74032
54293
98016
119803
134880
22480
35458
82313
115281
34694
89227
88939
125343
19063
85092
141044
68300
91646
15013
117692
52707
135706
105970
140814
91229
120765
55630
50404
53589
149294
144486
45419
93083
104657
36175
47230
115812
52628
116323
13591
33085
55522
35328
54302
82413
123787
118172
140316
124772
74392
67906
144083
138000
10112
117129
107186
26380
30493
145820
88503
115801
63362
111051
115701
87552
48449
33100
43856
148580
143555
80134
149638
28820
138595
45143
66019
144550
110367
113519
5519
75738
106346
122983
82378
101664
116079
9793
131441
125819
27749
17663
55509
86852
115609
118877
111633
31988
1226
97577
10620
77416
136894
66367
39806
97666
20770
119953
149420
11843
94667
55693
36911
104565
21797
68602
43562
148191
204
88777
70255
76412
66261
130608
31673
139764
141123
113817
49214
22218
4680
36424
50729
92073
9861
130784
109484
55295
127071
107650
15126
22419
19836
99275
119777
18317
75890
46362
135806
104162
144049
45411
72446
34981
134331
134883
67764
123780
47769
55078
11652
74235
56788
37194
62302
106591
147477
81301
11835
49094
102959
2799
71779
42168
8610
122485
14266
21585
14222
68320
136825
55958
48690
130690
19913
52191
95296
72347
14580
76254
133236
89615
15764
18918
8087
106
29958
10767
50914
31644
55266
45301
79944
68520
121932
113437
127366
90817
41403
44551
110589
128636
61227
63217
39087
63396
22588
28916
12041
70237
136121
105452
116124
64185
55305
16051
136691
50858
51253
99590
128193
57548
77267
40219
6529
38489
99942
23910
10343
119327
138215
77492
68107
53462
115406
29077
19781
511
41213
105191
92668
75176
59721
135617
90915
24060
139082
44152
5185
111042
59880
58930
141335
119831
144978
59472
105762
61758
77186
87586
110951
111077
82273
7219
59488
128348
68759
38184
126977
36499
23324
41880
120825
71799
55495
107529
149480
115023
135328
111192
133040
85761
58564
97375
58674
89056
7451
98299
36815
38760
118650
6658
36447
40206
11344
127515
4225
50886
116611
103486
107992
24007
107638
56687
131397
70458
86469
29755
129560
77908
22041
123289
118372
98237
74152
87178
85788
134240
70280
28700
115472
66027
50745
124126
123876
46172
3979
18717
9848
45871
118672
6868
58990
121190
21963
41135
75438
48172
56085
62569
73568
65932
49879
30560
114111
141503
104555
121104
104612
116406
131350
148733
131337
69808
86911
24891
94113
36247
127452
39198
147253
100394
45933
83325
90700
55283
115667
106917
8851
58839
89821
20656
12433
28085
118218
111615
85472
109685
90554
49152
113813
90610
91496
78407
85063
125114
81319
136861
149217
32349
14816
5583
126997
31257
76764
102938
90678
82486
45548
93218
145863
35300
56026
95144
62473
85160
16423
46196
140272
35459
136900
142369
5778
38761
123380
54413
78845
68007
120664
108370
52032
118685
4289
105370
78436
149887
31861
69053
1984
50765
28516
148129
84434
6923
20392
105454
9892
37205
3866
102122
72784
23100
77680
121450
22512
3128
25336
31457
101420
58371
47708
61658
20706
73285
1236
1377
28753
126434
2567
22189
110220
65202
42988
117709
76187
137475
100977
63276
83942
41045
56763
11522
32006
22535
96603
148288
85740
100998
29534
42192
125600
63122
103349
77861
69387
17838
99701
107575
2697
82620
28446
118666
127296
102048
9261
67498
128127
29643
85094
27733
63131
47884
149668
70529
120
11142
9661
53218
105117
128540
24357
110950
142870
39690
40938
88057
11500
141551
5558
84764
114668
63821
36679
138876
34947
40091
37680
4335
17720
132591
55010
117201
57554
65285
102704
14967
46195
84196
3503
91682
56386
101943
66065
48548
106307
73509
131735
84885
47239
47011
37547
62032
137219
22511
19003
33411
4822
1741
118373
144492
94472
92217
109677
136878
106836
54863
79929
99202
3499
123316
67117
101877
6506
121904
104012
143254
116906
57443
67706
141075
41289
143663
97998
146166
138545
90259
79662
69864
122229
73506
45235
143238
41509
138179
100080
17532
11090
51856
103490
3578
136965
29419
90119
76863
142570
100518
142240
70380
137779
149519
76022
58962
75221
47285
136053
47899
65252
133931
39982
97192
127692
53887
109982
144417
132776
62674
61845
36500
6794
31914
76397
74754
96226
62461
134797
25439
120679
69508
25957
56678
90586
7826
111910
146847
128534
112947
138176
67715
127809
32927
35050
108147
124463
48893
59610
4094
30252
22785
105338
42817
140541
73833
125655
139245
41106
11731
118096
146106
138273
53152
136854
30814
30572
36388
149134
32086
40690
66215
134742
29711
134890
124276
72091
68426
4509
59458
40720
5109
106879
44271
145569
100581
96010
134898
47921
22449
90263
92817
21223
119868
12267
36492
93743
32492
12708
36154
107027
102475
124928
17259
141737
71642
110224
105593
7041
17608
25098
135598
9114
123128
32099
99322
145854
57585
16531
130572
22629
91330
21068
78432
8274
67483
955
66950
34200
102513
44460
15924
89255
41646
113046
105928
71152
105710
136222
92112
130442
75249
27604
68940
81693
137859
21931
47085
134197
14857
58705
42911
131342
85075
14830
92844
99551
81972
60909
86435
47621
140354
34194
93007
60941
110645
138607
135435
26293
141799
136001
20741
146858
35288
31536
50154
124116
104736
31703
60367
108703
70373
110082
68393
135533
134712
67410
30319
20057
21545
52141
15626
79170
48560
40509
118951
116072
62957
62977
111416
15708
39268
79293
86770
104853
6889
92718
11340
16483
67828
190
90164
48870
42713
108400
132214
139292
30904
106559
102089
135103
67193
98621
51460
23342
43447
46942
103164
33288
10685
129904
120818
38289
36363
17823
134792
103425
34740
149368
61769
57476
120396
100918
85594
63577
49642
142943
97979
136540
68355
34186
55172
1606
14246
146686
142243
44097
147739
109657
415
82790
127622
137298
11178
118407
110530
27458
17955
9584
106027
34382
141332
72931
14987
21148
59367
61288
2996
92570
142231
45574
33943
61920
27369
142268
131642
142871
57028
51034
139645
121682
124678
45018
103177
45608
36813
13595
148127
44589
128431
22318
4073
144463
700
21738
149865
120784
132128
67659
18498
100195
14872
101945
43415
123475
1157
41018
62112
21522
75199
36657
112993
117248
106175
35558
26046
70330
89323
51606
52336
33657
108611
89829
49312
65368
43229
73543
82497
138184
45331
16849
145129
84037
42739
130123
19276
66163
97712
100390
148707
134814
123868
81497
83608
118072
52982
99123
130116
49774
2024
120656
6258
12042
15669
119756
20487
8776
73382
48426
113082
49686
42369
52191
34873
41914
59393
129501
88061
108796
84860
86586
30286
66830
107070
63178
14723
114174
87111
15739
82863
114849
149045
95248
139255
69840
7540
5991
67161
32258
837
128101
69833
32485
94940
92663
44175
49836
42379
28559
113062
128411
115872
33261
52846
149218
78579
121259
59416
94990
26789
79583
23731
56056
124173
49686
63758
109625
149369
136554
73849
69149
48596
133103
78444
36608
55124
133144
68166
57369
104383
64084
41659
92846
135961
106616
95705
92637
33922
40591
80112
99592
119288
142662
94514
107140
79163
26080
84008
21424
82722
42790
5981
41148
26033
49674
22868
35882
120231
129347
114651
56665
108355
129044
112008
103357
77386
96666
138019
9859
43153
15408
4546
59094
54836
73813
37589
94275
19300
97119
7791
120182
102294
43194
90854
39048
112723
73663
19367
2819
9925
147967
74114
134647
87068
146379
2079
120721
58637
7273
45409
88942
56737
14331
67262
16411
99395
80204
89170
25163
79408
103358
82532
62255
10319
29374
103606
134207
41504
17402
145913
124663
100707
135894
139833
7810
28658
40111
123183
131438
15494
95616
120861
72851
20369
53765
116928
86171
27550
74339
89990
144261
144410
60298
29830
48552
37893
100683
490
86912
120065
91895
123367
92974
140675
107436
38882
105368
133020
116318
50677
118647
71809
1372
73578
111662
55830
86643
10326
131444
65226
94336
2368
126232
59584
87088
62661
117484
18502
14161
57892
108941
65601
36075
19736
5666
137982
139487
86924
111885
122250
17653
143010
89466
53451
73995
124104
59232
94993
122894
13025
32880
87587
142553
60181
917
21878
64285
98584
31612
138904
108045
4105
102010
45401
71438
13724
17827
102378
30705
66018
83184
24172
146037
6050
93986
103802
72096
140278
140927
53241
146351
7966
41066
88001
103670
141602
69191
149281
65843
19448
132848
79931
108408
57979
136381
93792
6765
31767
8222
93005
104522
10224
61411
115756
120257
115833
126985
117353
126559
143777
81476
94634
27639
82438
37758
144680
122703
33301
47227
11718
123068
5894
97865
113224
84930
17005
114306
130913
118362
72525
110368
108367
123073
73383
55106
23518
110494
44714
91890
61035
134558
16712
104597
72748
32616
95081
132856
97366
14586
29890
1979
90026
34964
2517
144106
26373
102770
111101
14043
15162
50870
113988
130013
91302
31532
26108
8555
12646
134245
109186
87100
63532
111429
124808
20406
69331
55376
127796
116834
79842
47927
17138
2484
11415
48037
137600
11203
84001
99847
118976
142397
42740
76677
32503
100839
13824
4372
55899
146962
73429
127315
42282
109850
53904
90368
54336
93848
13229
89241
135019
50461
7070
76331
148085
56436
95738
24569
47173
134292
25938
140100
11235
149422
34693
42874
100950
134764
144729
35780
82247
64830
108165
88901
141138
56342
132451
110434
67336
79525
67450
147795
2382
86375
25323
20567
101445
29285
21038
17116
82533
49165
61644
44826
47822
135522
48962
50599
69931
70104
18681
24698
90849
106562
79438
114787
79432
122522
42198
137202
130990
91343
56937
108013
72431
133945
148369
121247
5879
135373
141630
95345
81423
37892
57134
19150
6201
72065
106184
49730
80734
53022
122375
4424
38746
126337
1656
23414
25141
57755
6379
122002
53072
80669
134277
38478
57671
97824
139079
149071
146104
67757
87928
56805
129641
118392
91394
145454
32199
39086
134172
72134
108
91386
67734
131183
4508
146908
103882
140672
64527
58754
97108
56690
130799
105491
128550
148284
130396
56129
93354
6263
119053
99179
17124
124329
8926
73784
47717
106450
122941
100028
147040
5052
29366
104361
18208
77565
84407
53056
96254
97910
66310
108357
133141
110960
23439
12475
24124
327
27836
87606
73445
110424
118267
33668
31957
95041
123621
136893
74723
77378
52296
146497
61686
84531
7766
1879
90647
1861
4404
105170
114029
67027
8843
140855
32031
114396
144625
711
129455
45148
109621
97404
24506
64642
148658
24542
110880
15049
99251
57900
991
132179
40256
3727
105040
94465
136960
115772
61778
54509
98685
43320
73550
107412
21495
139786
47965
59703
148718
128658
107957
20041
55956
137479
142391
115946
98896
89154
109991
85416
2166
1467
93747
110913
138018
31668
135671
44962
18778
10647
39239
65969
59751
93632
82153
38805
82661
91865
3945
109519
37827
36162
42587
147802
63248
97258
118604
29733
125780
142388
145850
6931
111872
120651
53510
59310
105733
80533
109618
84211
46687
42610
47418
19800
9991
29445
9376
93196
45852
92756
26772
129884
88810
54487
28832
146805
56551
102825
105764
30101
27513
13344
13896
37577
140615
5309
31033
43609
37535
144239
133648
89857
70249
104870
34850
97652
129902
72836
53040
45036
99855
31776
66821
131371
136350
52030
62156
15077
137587
53451
89900
31238
375
64558
92420
135401
47429
61767
56246
118798
12154
95708
110768
130852
90599
114192
51529
80804
20202
30012
122863
105557
148090
101524
87120
62665
40167
125224
39297
57950
47132
92376
4409
42116
38437
41422
130199
29201
44778
40037
71977
129003
131258
76225
121069
138766
27834
149772
6194
33674
40523
30376
59313
64291
97552
24983
78130
19869
79173
107217
2753
135792
81014
74148
123085
117593
118830
135394
30114
83402
13941
31580
143168
35267
6866
91249
21901
5772
48085
127498
103941
20215
64686
80808
51900
130400
145016
63679
41277
59577
105613
148571
76440
62044
63695
89180
88812
15689
53785
45560
3856
41734
11934
10106
37516
85575
137176
28437
128890
8206
117386
1317
27526
13005
35488
58464
100420
56977
25070
100724
114528
134824
42795
14679
103146
121671
111320
26892
74195
29589
20859
140674
23779
128958
120860
67987
24726
76735
74992
148774
115059
59253
19875
122404
9367
134311
71368
54768
71036
29881
8523
73973
66123
38422
43892
58553
145348
8208
113971
105610
141302
84816
41645
146754
77025
61421
76049
34096
7081
104297
7918
134487
48113
37527
71888
100887
112845
69745
22037
93864
51911
109193
30988
115068
88342
109561
33513
53335
45104
43664
105421
45385
4443
94418
3321
96332
21916
29782
136319
25716
134433
146655
47611
28306
40503
57482
144222
73300
93012
3538
144245
124149
19460
110247
76343
60189
49142
58563
75539
142507
137519
95981
59910
98614
133831
125543
80345
60841
58684
3405
51291
111766
88807
38211
79501
142807
129030
73726
47853
14360
18668
86421
30668
99495
27514
46408
80684
75263
17133
49980
119059
26044
11157
96384
31493
57937
105093
115439
7756
142151
81610
54012
27878
96680
13144
7671
108081
26868
53154
135882
116751
137025
133128
51668
148590
140335
6724
51717
1288
84258
137635
90473
3587
67939
148090
144787
69800
44444
13134
43735
71125
108859
118835
36515
14319
116982
75685
1507
140037
62238
140291
109580
43231
75058
147973
5253
64810
11863
146020
26837
12606
64328
35797
114168
94849
99815
3256
58160
55006
135308
12323
94264
133272
41704
31237
119456
146327
100536
99616
25503
71165
40067
12256
72226
5828
144850
131487
96265
52131
43824
136514
113646
87649
39420
136207
138021
110592
115868
102684
52773
64309
65705
70197
115005
24677
37161
135274
134543
83741
51786
105305
127499
82397
136810
125679
66550
115672
55882
6052
51161
99085
78417
73448
33445
80480
69279
63912
86916
35386
111180
47761
92866
49698
33015
133764
73959
131029
77328
8260
145827
7721
14767
77541
140856
149597
143697
25851
111464
127061
30694
88323
88015
43249
69025
61690
83465
22601
20560
139380
16297
145910
70726
105850
129253
49688
138583
494
26010
31341
90756
149455
66245
43705
78607
5682
35119
58328
147944
27526
44044
116048
7520
122448
82521
42093
107457
131145
111472
128047
94570
70007
55034
88303
8540
116457
141429
87215
57452
110265
102330
67313
84392
88358
133615
145549
147004
12167
77723
76347
6634
58818
112777
93406
64957
112800
50660
49255
7158
106693
39804
106644
130543
79697
130916
39874
22297
59419
64794
105134
145690
77046
131842
78551
98443
113698
98344
62637
108848
85813
124829
146864
130777
6510
111197
116650
5069
101452
26871
106341
73094
4034
54648
35185
106427
87933
106028
16477
84262
43718
131094
79911
40973
118191
124374
35980
20950
33504
113189
20189
43546
41929
122430
128948
63137
113278
98427
69647
13293
119124
71872
75274
5475
105530
78669
55046
64619
145182
137999
146674
54315
4946
23634
55756
142763
65299
149735
35870
30607
91784
45263
101605
82078
48045
16493
57944
23495
146870
72180
41239
20886
119410
85924
22249
50809
106416
39894
130677
124886
26145
47000
46341
45410
116369
5511
5698
7776
68057
142189
71999
106116
149465
40478
78974
14960
91749
34459
130730
52274
92143
120938
13729
10072
108101
108569
36545
149819
116845
20501
33806
22495
15047
71418
24447
32525
90688
131748
93234
10124
132606
68731
86738
69918
19135
12196
35982
44555
63258
137750
146879
77762
10164
51355
50019
143291
138277
147181
74886
2527
122943
58489
133079
76804
52905
122794
119187
97883
81025
58027
2214
119652
105369
132362
85906
103532
121974
141907
13142
24498
111449
59739
3134
113527
106988
93370
83765
92409
61858
53950
42515
80559
118747
83071
141107
26994
82569
2786
113694
88279
4802
33025
147787
63185
46641
6192
111611
30600
77936
29390
93961
1701
126868
149608
28981
27535
67697
25616
84100
113998
14937
86829
32936
148838
65745
7972
76193
144421
110921
134999
96772
30334
123553
98616
118051
64926
2337
119930
149707
65810
120732
114470
49780
66461
107843
125934
30008
131178
29467
89335
78424
84458
63450
7320
62869
110001
56802
28887
1636
9949
97376
112849
93140
52599
75435
70896
33224
55372
26194
77686
60424
90674
32617
2718
50767
26888
18968
96764
53767
36377
99400
108309
45309
120018
69635
30674
20721
81634
116032
264
30885
89715
75093
148625
59558
37951
107834
127641
129791
70887
108651
121778
120035
86011
142306
81975
62874
24788
131938
9175
131675
82154
3431
135092
126463
9218
70915
17084
75766
93491
95563
83891
2873
10064
45462
140725
68792
144466
32991
139168
37266
30661
45088
120305
113749
130281
57211
115981
118238
20208
141404
76257
74513
144794
19189
86116
116468
19609
71174
137007
107874
42617
113346
132817
59669
101690
16149
94766
36289
26903
69592
51983
74863
22962
105951
68757
41875
138358
42696
9919
45211
12165
1102
122993
125246
37924
40478
146891
6751
77033
109521
142000
76970
92554
96180
101777
142404
2880
72174
66174
32007
49857
22696
107036
41938
82467
76433
135494
93434
116445
69596
57935
73933
68108
144959
36402
4469
134608
132008
51574
49668
71082
130561
146158
120162
118105
76613
133787
92851
29741
66276
149535
59726
17489
74533
122376
11603
86790
17764
67613
52133
105023
118620
110005
74714
85411
20415
50608
48564
27740
122761
115035
68932
27003
125718
88127
121782
104800
10062
24971
54378
8373
89181
5733
67325
40693
113356
28090
24997
148737
127788
148091
6876
23460
85835
63881
87095
149279
138888
93673
68563
128505
18829
142107
110394
68712
4597
96211
35700
4288
127278
20896
141819
9587
117059
12985
120799
72206
69816
104917
73456
27816
108104
112823
42715
31360
50244
72671
31163
48374
52948
3489
102638
56133
46764
107463
144413
125116
6749
25034
118651
92524
119011
128910
8157
81070
117521
113946
44539
110964
12623
105800
48913
18493
147793
20351
131156
43249
89607
5326
71853
4644
65321
78823
112088
92992
7360
110236
113318
132693
7563
109511
90103
29328
87441
120272
74871
118074
83450
35005
30225
47562
5440
59568
136722
6415
134471
62361
43617
47661
11824
61305
46052
23651
28639
80877
9740
144783
6552
130214
19940
68838
136260
36491
121362
51561
120254
77132
77925
65934
124220
131821
129685
116063
28954
52815
38625
2105
118383
99520
50839
51226
91891
3246
6363
66086
133874
41589
2571
101766
66498
6333
125833
19477
101528
49299
35032
79602
57292
105559
60737
148680
84557
142019
47564
102118
131674
26136
64845
88742
97001
21937
108654
21264
81095
93137
36006
33792
51888
39306
8403
29618
89663
28619
34255
11169
127230
94140
23573
36693
10354
53445
142407
29927
32661
117827
82527
79967
12373
91774
136237
67524
4061
4682
22388
51276
49806
88521
117541
122920
39762
109030
56988
88806
39463
72449
16217
6164
147263
24390
67096
137531
54381
24570
54306
22937
77274
44385
138763
72934
95836
70093
93246
55238
125523
67278
29766
81246
4123
73364
63087
108590
149813
58717
114428
141679
22748
47542
46
140869
111569
63850
98635
144852
75582
73709
148145
144505
12251
2564
1309
104684
149427
37718
84389
67055
51695
97633
108653
85082
115379
19065
108669
126085
112144
51671
132991
108776
107208
39614
12267
83250
4833
43955
131782
141349
128331
116042
71868
37301
55490
98892
114112
5649
3347
2747
28867
106012
13719
4199
14688
71370
133581
25511
116708
26025
9072
3554
65628
105747
114525
146011
136291
123801
131742
21922
140324
88945
4468
26221
20217
120529
143648
147600
131279
119540
48810
74393
60453
32502
69329
135634
19818
79533
75202
102624
136000
20287
67794
110372
13650
136652
149499
74982
19634
54560
87657
34268
31403
114169
17394
2106
59122
19396
108208
81027
66805
19052
127782
72665
135617
71900
69746
54006
66067
92057
129785
4502
41458
95158
94659
74472
74409
71630
76219
63143
18455
72335
87707
120555
147517
146758
19190
61886
85731
120287
34516
68282
81047
24905
144963
91968
74234
95543
126589
127150
131264
24353
130754
72104
109549
36049
54101
82685
77294
58386
49155
120726
91175
59756
27384
73841
118782
126653
11548
141995
72207
117938
26712
14381
32504
121989
136271
35466
67594
50479
138191
104730
67540
100405
22715
138565
148850
32220
43033
149263
82369
118515
27869
75416
109210
26770
63948
72838
133723
131049
136191
59259
21046
20591
57521
144879
77817
75744
121288
53392
144880
135200
85999
27828
71398
91078
55950
77177
31955
22537
34620
52178
110353
71678
100204
119754
9756
134829
59642
16581
47082
13065
106899
15245
139504
16122
76394
116176
90234
65173
13310
1457
36674
81065
85330
80436
133509
14497
99425
25915
40321
10641
132943
113243
13277
75141
143597
73059
135669
147241
86745
147226
142731
55023
21060
45651
29501
43452
132771
136020
61126
126428
18088
147721
52611
28667
147510
69013
29979
21542
52508
49622
147994
108696
35145
129590
114544
12704
4316
130315
43818
129220
96652
139740
103161
107791
143824
46817
113036
137192
1797
86823
108174
95403
127913
130092
121279
9985
96312
134045
125
126086
17844
103840
88912
94266
15913
29824
57883
60780
136108
67516
93745
94009
59358
61415
80898
96393
141599
5565
12581
88959
135480
19607
141440
59340
142562
65198
19319
87280
36548
42488
139399
9054
149633
90548
110929
26636
126054
79988
48534
11321
18708
92617
82564
72132
126540
93040
98163
108366
74284
47377
125767
74804
17304
119538
122543
49947
59684
8800
2584
131341
111983
100072
16811
101265
112471
39220
122379
43838
53987
11808
29341
133830
27815
149179
91641
63440
111724
113705
64428
100044
50309
59001
139386
7213
138015
128167
145553
31211
133128
42945
58622
140209
106891
73743
134075
22260
93015
21055
64455
35578
149120
15710
136724
74224
4491
138911
25432
72896
136046
41754
50619
3359
35866
53548
110212
27453
118203
108796
133077
131290
146503
132759
127123
60942
145183
38918
70924
13093
40860
61183
128397
44472
125097
89675
16166
62462
11605
133924
106465
50278
146668
78981
110680
143151
108466
17051
77407
53496
111385
85389
125748
62410
48055
141478
3324
84729
13266
141516
57824
56495
142035
41966
98159
138610
9767
16468
91809
39020
112056
54589
22227
12894
61919
53610
17900
15142
136134
145648
51601
108188
120713
20326
36232
88583
149435
2984
17148
91361
98891
37217
128142
23275
52912
124410
48461
110911
71313
34938
31369
60748
2609
42080
12998
77063
146922
5097
61225
58844
105183
139457
14816
111976
145246
148094
40714
31960
126700
82880
9106
149863
49810
17047
131439
116729
47169
112968
135741
24954
130855
6196
125103
9950
40868
665
16214
27736
26295
140790
32822
116407
55074
11893
7208
114885
43700
89443
55136
84671
119924
97149
115980
73141
91490
121357
68913
38557
142619
146023
50612
95419
34381
129367
73917
33473
64611
45458
127015
140298
101231
38258
3525
32167
65699
93597
4998
90700
104822
8865
115954
95356
95112
43195
65551
3530
101152
137107
37169
46361
74671
76717
123962
48440
656
81370
136446
134719
135720
29522
129261
37532
136747
103648
51986
137829
40975
131324
145482
62368
8543
139711
67304
83691
109641
68993
40716
119929
139366
139901
42572
2923
100248
38648
53760
36123
88147
144980
65572
123948
21474
67255
95889
51987
32974
71626
142264
119118
145312
28953
145307
35855
14496
142957
4951
113008
96022
123381
18295
143875
147420
147077
39439
75009
11681
84175
147351
49538
55217
109652
96470
78079
92819
75924
100754
84716
65350
130605
48060
132569
63839
69781
85090
70750
126523
102772
65099
84528
49125
63777
66016
61721
17983
9275
60593
119665
13169
29694
133066
10614
4072
44236
120730
36296
61802
99242
38165
92271
104290
11184
119497
2668
21904
54439
52848
121441
55059
10225
100801
137534
114570
132036
21531
37443
72007
70659
122474
1222
141248
96350
136220
44325
8644
71249
143344
46087
119393
61832
6542
138294
36966
28901
18902
39773
114587
142165
139328
138640
137496
122110
7937
27478
52581
35294
112478
122393
12797
123306
113442
51816
12697
90560
125146
140742
80306
66380
66853
100922
57302
84360
25270
50219
13904
124753
37990
69382
146427
37840
35396
88349
34155
62220
136298
4483
58191
37186
77846
80771
137493
11462
96756
11943
58235
26003
125757
34078
131759
25192
96400
39843
31481
86214
123427
12771
121523
143634
16056
109662
59782
16868
135801
65619
146424
5294
86418
56411
85579
85861
69525
79938
69081
52643
78199
148903
34959
34790
96803
51400
7424
52605
82940
120428
7515
27528
84338
9875
36308
136450
122190
68728
50613
1074
130728
20975
63865
41302
23966
88801
67693
144624
48149
117089
55689
37957
30800
6513
38877
56273
24715
11786
83415
9945
77819
145133
51853
24382
134158
123477
99566
114071
14433
147086
125059
64698
33097
94362
59411
96217
443
24567
359
19843
120521
104541
32973
43333
10184
101143
23503
148817
119880
79487
38859
20390
137185
85884
10087
147404
104759
51710
15152
46839
125759
19223
115267
136098
60793
37557
70167
107089
54869
116847
128679
93100
149515
146967
80553
84153
79025
45379
124488
138217
32943
104413
125753
16529
65224
19117
87752
84333
83720
127891
89850
51462
3180
122613
31839
103412
30896
75203
25006
131602
61283
61857
127472
141987
43752
5563
93155
61078
29411
60054
2772
2062
55447
27306
40196
9332
109382
131098
66298
135836
4009
4477
48614
83363
149247
76827
102572
122675
53777
31178
68519
17692
143771
127570
125599
134159
49722
40058
149782
15908
89775
146868
56371
35491
77693
73259
114350
58199
54015
35874
35492
97281
120950
124521
11764
54719
74722
69640
18857
52592
100481
130936
89242
140016
24660
63690
118108
140639
92490
29192
124758
36827
4522
95465
86084
39865
89246
87688
129305
1179
8349
122408
105489
17876
57074
7175
138858
119016
33630
36904
23730
140088
71052
31872
22934
15413
49040
27917
115505
42198
35903
119470
64323
138151
52515
57651
42544
87889
114945
42949
67737
109905
23505
124022
2787
98526
60511
110379
134487
95856
69171
125902
58904
100002
98772
77422
12591
65287
95321
77666
61963
34702
36746
62392
80113
7661
11122
137337
27807
50711
64058
127714
112799
11348
27157
110125
100725
119515
56500
137036
68872
125336
143200
67140
117500
80733
87046
62740
94038
17901
89385
148993
10804
84158
80121
112677
117807
40930
56531
127037
24248
44602
68784
146289
35934
11011
137863
29579
89979
102296
12350
107935
44257
148801
38155
26430
31725
95832
90340
113933
9518
106294
109608
62190
87870
102054
60986
119500
92186
134535
41818
141511
10834
88624
92632
113023
91338
89913
101145
13404
132706
61958
62655
142376
120190
90957
122186
17013
36511
92550
15266
51163
57104
41591
24620
106840
80078
30572
81229
129639
27674
119716
98509
29010
54363
101704
35058
145024
67011
107883
145487
139829
122847
8929
11999
9888
59733
116050
90759
8440
119203
140204
120648
122922
7935
119499
117178
123790
96714
77684
138638
92517
140789
97450
36167
11115
84751
45380
20906
35063
126268
75572
136019
88556
8780
67664
120741
126997
135136
79898
60185
6799
31744
29986
39917
51098
17643
141021
143378
21890
50642
8017
108377
38014
131285
145060
140978
5229
62510
132435
2595
75481
88653
132946
6570
10917
85406
132248
82845
64621
62529
75098
45387
138336
55347
46879
60571
64097
139512
123925
88680
2993
124750
1780
87420
136103
115041
20196
73723
60843
32088
49576
28265
134115
49927
11787
117617
111013
133523
111151
99274
81256
64306
127521
53075
8009
149508
52461
22435
36587
33788
95953
133265
30330
115959
84666
84374
111203
64276
84944
13259
123467
52215
51006
123854
38311
3277
19974
26923
88585
36908
146045
112146
52078
28213
63156
144986
118162
6178
141927
116693
13190
22694
32446
136963
149877
43256
52400
24296
122388
317
116266
92236
3892
62305
15799
4969
130128
80354
86074
100229
91388
22172
96942
146735
56942
96334
74489
129039
121843
2155
31170
109489
10401
126733
98472
76413
91157
68461
130323
123679
99399
8732
126953
108047
35933
33993
123637
31841
9995
94164
100835
117431
16766
38700
18544
128739
37484
138068
20847
137235
91321
116364
119228
9720
101857
14112
140992
34459
112781
82677
140749
126931
79919
58255
71103
1920
89359
60067
62300
114301
28123
108955
120439
72334
39966
6970
117893
63241
32978
53277
116128
22766
139221
123020
139929
146964
104023
95064
20415
138304
113721
35424
328
44601
71675
39047
29875
100999
8240
141788
122940
37525
68121
80899
81310
23269
26571
135842
111627
12025
18280
53002
72329
84400
122386
76207
48681
95691
42297
66778
134234
117522
82764
120419
16458
37326
9613
24558
1541
39330
41848
60199
69162
120575
125653
69185
108989
14428
46723
118435
8634
84545
94976
29181
26094
70929
143816
32499
92656
19547
57753
121300
15290
108517
40489
108649
2549
115600
9853
45878
8665
58751
134498
61303
131712
20166
97831
26400
16619
75771
96319
120150
23114
52991
76024
117420
115054
53068
6175
60267
81382
90070
103331
89328
101088
114980
105591
13834
121208
49391
76765
99718
123726
857
62183
104704
53410
143581
49606
22229
100440
60557
90463
148792
20702
75522
90279
71658
5311
84413
143168
148403
103696
99586
90180
34326
79822
67709
108395
7503
90713
74894
141672
107284
117646
111666
30011
32937
144121
23328
46974
7361
145372
127249
87434
91039
95771
21069
59781
13177
88162
19166
80681
30196
101098
15823
1961
37997
109040
43141
113129
39384
94911
7547
134155
56744
121112
34622
135932
114044
105566
64120
89745
98380
100051
107549
82457
70386
41367
52007
101926
3168
7549
22434
85079
10694
63385
133528
4823
107921
69299
57284
2140
48997
75144
9954
146920
39499
20532
40463
102084
28586
9609
141319
3697
97043
27647
112356
124672
1560
3170
50771
78826
46797
106660
38154
44400
85654
140480
48889
116831
77206
99591
17680
135362
71298
133795
72654
71376
102688
60610
63781
25476
120001
44990
80858
136149
86425
91378
132770
102522
122710
5857
45753
97696
3934
104331
43120
4360
113858
48162
11027
136894
104117
63775
31437
115036
108331
109501
80810
66136
60497
64038
88041
68833
8563
128447
25137
121969
116754
143460
15922
25606
102708
56803
126764
5582
30727
66158
133540
3463
145286
78544
11282
120873
136688
35116
93320
121198
107378
30321
115741
67416
34203
135506
66887
91025
92393
54342
144732
95967
45850
108265
98244
38026
123557
35678
139295
103047
120282
102814
86734
123103
10962
83744
56509
2805
136363
99446
19478
96830
4324
61139
96547
148093
98785
133631
113906
17347
140608
54939
74501
34074
109455
149712
146243
104394
60634
82905
31529
89679
143562
6445
33756
53671
304
95006
126321
16142
131790
73131
81979
50151
16644
114577
54458
30817
80560
46434
110801
39283
21524
39458
87820
4283
86914
114927
12239
82246
131349
136363
29096
4091
10830
94420
110783
44473
39109
2269
48450
55545
12223
77136
94325
60225
140981
121885
703
64842
142725
100088
136456
78383
30046
51152
39197
22427
34201
29766
122696
24004
69707
37204
148056
101641
76716
114979
96984
47592
86505
108118
99060
118093
15569
58101
35341
51835
108968
28445
61448
26893
136914
93428
90354
131176
60175
20297
22
138602
12269
111715
127057
54159
112098
74999
142131
58508
129290
37298
87182
73911
146946
113962
8103
103443
122972
53973
102668
126835
13396
74253
115778
14335
142547
103516
67946
72127
33555
74646
20563
116946
129236
65771
105920
143059
38205
17335
48707
20880
142248
22448
52516
40560
5015
88760
7778
93980
101011
39372
16907
1557
43000
54272
7632
67501
95256
53709
138745
86993
135810
54308
113084
99719
66114
139359
54006
99638
12086
33235
124591
147168
136616
138049
148425
120742
64633
148167
137730
112432
41428
85592
84123
130669
30609
88099
130328
77130
61237
74698
81168
58574
89707
142724
16534
71976
16732
88814
18547
84309
26757
85084
47862
59709
52931
110307
24561
144604
126645
149282
124297
3621
110977
86676
26319
109026
129756
143139
130279
45585
126928
109461
47429
70845
56597
142585
41937
110076
65715
30026
39947
69151
145453
94783
138968
23536
40862
25893
83654
27451
12264
77105
144818
119639
19705
114191
91998
22364
33251
30371
89774
90863
32118
65777
37712
134971
94245
66165
49210
144794
15652
41998
145968
56819
20264
143773
99756
57528
142567
9710
85529
27945
68707
56512
55994
19660
137432
47160
101129
128643
65203
79780
46636
93756
74648
139418
11675
2036
107585
109022
98693
90963
34383
116186
145413
148653
75205
44775
92021
63878
30521
60439
52042
10637
16015
30051
38240
100876
8125
73783
77659
38138
15543
71952
97987
111454
123842
56207
122680
68090
8787
131736
22424
83477
6362
69037
53710
149066
115027
87739
48578
140569
127392
21631
49327
105384
24958
105286
6750
77317
8337
127702
146458
12830
101249
148662
123559
69902
139182
116439
101041
65867
115353
101486
56067
90605
102642
64670
83551
73345
17557
137520
65787
132129
109948
46715
144385
142411
78075
14021
68070
82530
44466
100787
66340
117443
109901
46485
137342
69152
97983
43671
135323
50763
27735
133296
137754
18696
29575
114315
103987
120438
117472
15340
65995
148027
59392
148440
97774
79916
9046
77641
76597
29147
110101
22595
125325
70571
56613
66077
120044
68783
3239
80868
18151
27818
52028
138411
29021
41430
91238
72110
60699
48178
19380
87046
132647
46223
103107
95826
93122
93703
20004
12529
58640
12375
95329
141545
51297
16662
16602
124929
104479
136047
18940
87168
39031
99593
57929
132814
16615
147714
51567
121403
145591
104989
57362
119460
83307
65919
82310
49615
19309
6951
89377
123776
138111
63721
53223
135832
6047
55357
85047
43122
59694
72638
125622
82330
45988
58133
135894
66462
3812
71170
87460
108384
49747
12195
53290
86651
114823
50978
58653
139332
114464
40573
104735
142961
70622
74517
51726
14101
2224
37846
144847
68862
49991
39194
130726
97011
145033
61864
15930
93467
91725
28608
56150
47638
2891
46331
118875
74561
116885
24643
14394
125784
111961
115490
5657
118941
93695
23562
13252
95080
57416
41441
135020
102503
12791
48732
64514
8871
108325
99803
7868
28540
6206
25365
49268
58167
118763
123560
2693
38605
59816
314
19896
5090
129242
125617
132079
75046
74536
75293
136438
8875
7542
45438
67793
85866
45415
67631
134960
100333
55360
95548
30018
59616
117187
12779
77363
87601
38266
1762
125161
137710
97761
53934
71492
87021
46301
141077
27132
50468
100642
6653
136301
23809
101799
73370
23298
121497
48932
64914
92699
117274
2758
131390
38050
62751
147440
35620
41598
70837
139745
108075
80385
74597
64638
22075
87721
53536
112344
19923
127428
53085
33597
61003
125009
72172
140218
92639
30174
132523
51533
89681
51215
23136
139592
13400
71929
82352
15077
22053
101918
42006
17960
54036
27114
56835
144884
51506
136797
145049
70499
1550
139993
138892
19625
40605
140850
91986
65858
14835
140560
60630
4995
64979
145522
130238
144848
35664
97756
33578
61304
95285
40233
128812
26523
108453
121176
131991
19040
16376
96181
53884
92400
1411
110603
12612
124704
70517
146185
144472
132738
13718
119658
25080
53945
62185
44088
94855
70036
14392
133363
22706
93029
74099
41406
10161
58042
40526
39265
122932
79063
100957
32255
101873
148772
112210
93381
48033
25565
138118
102373
127271
77179
123204
37777
7886
126707
118389
41775
90238
144957
95996
14013
24858
94427
86750
119548
97002
39398
68889
139656
44798
62219
54575
129612
422
77141
62947
35801
26968
65723
78879
134908
140078
79042
106485
43762
47362
104232
41901
88231
96087
22380
44823
82187
9535
135886
64552
117718
79781
28082
26496
93270
75793
76906
17428
25953
47803
19207
49816
14224
122856
8656
48659
64168
34053
9854
73977
19365
1491
82930
117077
92715
144549
4711
117405
8666
56647
56186
19611
104250
96640
148507
109566
100174
69203
24335
13377
15643
2822
53986
9598
89370
100729
24431
50674
10868
86575
93997
18649
37193
51515
143213
84275
45077
4798
91660
36156
99192
32564
99644
24181
34167
35923
16208
81453
47892
98003
24020
19379
68162
66474
7685
26711
22095
142202
75267
83000
124904
40089
96065
78047
31041
5764
84617
2927
5820
32556
81854
115599
73958
91257
43404
56303
128110
90525
30528
85490
128555
29948
16401
15555
15672
56297
121323
87765
70935
70061
85962
44254
134050
53919
50976
4174
98680
51930
132556
145849
82223
136859
33803
79085
104874
16111
38778
73298
69988
132520
91953
22106
110049
132307
121946
132264
36185
66771
40594
45678
32146
82200
30299
97004
12963
130772
75931
65881
62778
87532
17873
146564
137934
138138
45077
120758
24180
37853
59039
12116
130603
100348
48409
116139
127463
5425
44311
44352
101714
126213
53328
25144
60721
63072
37196
57805
132021
11755
34758
127113
43794
100743
106883
68213
53359
93573
147867
62474
54818
103782
17243
89795
17806
130309
121667
47783
49349
86915
144359
108749
146324
130330
92456
105013
99032
132630
144511
6532
9940
74541
57268
81677
73680
86173
46340
54730
133002
149907
136461
21102
120853
131605
148618
65427
71933
92684
82702
148189
120600
14672
93495
25495
105364
113968
142097
31023
103112
149406
44763
78097
25164
59092
93161
147930
49585
125406
106580
41505
147739
3569
124547
132140
35597
106530
122201
74509
132349
64584
44446
121714
116884
34254
86047
114151
139259
122235
82514
91744
89610
47006
75404
1592
104732
80404
131797
12086
104441
1353
139802
118085
19252
58373
73393
57711
135774
24924
97452
79126
126856
126291
25423
87372
120045
105408
28037
56240
39654
105288
129632
11262
125167
45332
134236
110894
2184
94545
24617
47867
56480
13401
43019
109828
14172
37219
61717
102675
27625
81915
117219
129369
146131
137305
67078
125826
122118
135602
107565
26074
68775
41356
89511
11390
45636
128697
127053
15657
15378
7035
81929
112053
133929
102417
48096
132496
13043
114579
143190
19586
119888
99618
96090
93910
122845
15686
115870
26089
92273
120857
18699
73025
102013
113544
99460
43352
42541
108798
25123
47168
125329
33095
83329
36849
135694
109238
76534
83088
2141
84928
72168
45905
101163
141871
123483
85150
17175
22825
145459
36700
97643
66715
87220
94214
14560
52351
53539
75381
8631
125918
137409
7821
93419
4134
123317
68550
125859
52843
9967
136388
43312
143337
106129
131770
109840
111134
82301
127455
8452
83573
102846
117779
8114
100395
132216
139074
25990
86982
3647
103737
30166
84182
93480
5170
30520
136810
65499
12286
39733
34120
55400
86882
22475
145480
60336
102500
29906
73728
72565
46715
11596
127888
24020
81664
79811
84301
95702
71288
128494
97800
87823
112562
28167
77388
5392
96600
90702
62722
36725
2099
121933
110957
42131
124018
123955
123495
92999
30091
52896
138267
119626
125098
29685
57619
9711
5290
143340
69346
113273
7742
46030
93299
75915
127465
52075
112347
91381
27600
85453
65575
28837
111028
125907
77412
71620
114533
14481
87567
72194
135927
97057
103403
15005
125135
14944
49432
25404
89384
78416
131391
92311
80648
75700
76665
137016
129540
102937
87911
39679
5501
25038
21584
143835
60259
40729
97749
30741
141533
91706
14647
75206
7649
95334
44820
51157
134840
36321
28532
69063
89713
6854
117691
106464
103213
83721
95173
141348
76247
31246
18990
121696
58324
69196
23341
27574
42386
53927
111006
19128
78934
35019
81758
15867
89229
18063
113837
115647
21646
72041
42558
101916
110075
128959
36952
91322
45469
130387
126138
13095
111152
12979
117505
89735
19542
28973
51417
116378
127236
28315
49218
1921
135678
106705
107930
127971
87727
54624
117552
70904
49323
54840
50134
23813
40228
19884
114095
23327
68441
117303
127880
17782
315
2261
40769
82016
41186
41983
81253
138295
64046
147373
39377
16176
99523
49987
133750
148734
149825
71267
148003
30585
94317
14073
146002
84835
115768
83757
24818
102141
149432
61979
125787
110254
123027
64625
142710
113522
12559
72078
31491
90117
3780
64013
120828
68753
30700
136225
117237
14378
21835
54423
77465
77946
116236
63572
65469
105746
90167
80745
18014
61169
88652
69752
116062
46988
111058
22768
117057
94250
97978
66300
79543
21712
71113
102198
115583
72884
8903
122592
78227
85342
122866
30791
20618
53023
36349
62563
143425
144803
48408
21399
65190
16873
13010
10158
119820
66076
24606
113881
142283
47480
145193
48675
92301
54100
69307
49885
68577
16808
361
46185
86773
47038
61930
59249
50370
51895
37531
15647
13609
34490
63146
68916
142375
101978
94420
136187
114613
18541
88929
131283
55125
46921
10888
498
40752
108593
65990
102669
54861
40154
32097
29388
35413
58163
86373
52645
40059
139934
42187
19177
73755
3840
109598
90805
103292
32266
90495
103902
4176
139219
2849
124556
58134
73492
81044
124210
99015
83799
16938
49047
5862
42726
64209
142764
97933
80718
84415
57251
68966
14547
6938
62314
65853
64713
106017
148695
17647
65471
78958
49957
53923
4418
46601
55404
31091
16899
17913
142926
113907
64525
10337
260
81759
42418
72320
95346
48432
127604
68877
65336
92948
5142
106920
16759
97039
87993
13768
52791
130443
128981
7635
144323
110481
32645
2495
117574
100349
47876
85577
137042
5152
10660
116913
9976
5352
89050
124756
113283
116826
93659
11904
80716
100952
68514
90040
72595
41732
68607
15317
63977
88441
95575
2191
21571
22750
112206
101309
7441
142450
89380
20425
85783
136674
41331
145973
49054
4359
103682
133740
118570
80157
125236
110745
47454
139208
99161
56926
882
101513
90981
59356
31441
11584
101737
82571
132143
128498
31680
46825
113016
119363
137118
29438
3058
35295
92976
134767
19466
138107
122498
80493
121740
31295
62043
137959
8632
141623
139300
55835
125041
10223
68795
134845
129798
35069
110738
147685
30967
28849
81937
124940
90430
79791
100693
107357
7913
25561
4071
95920
71426
28191
42590
15987
83169
62603
54174
99669
47073
141710
38822
58812
78823
148895
81199
143049
60567
96402
117051
71604
48914
144233
37337
91004
19015
97056
35909
63737
73177
124717
141202
27268
14749
25210
31804
4650
79775
562
30909
137614
110547
128560
89032
58945
9160
64785
69943
42901
26220
21811
21932
78843
145891
103894
90690
65558
32229
103402
30391
145559
29182
57142
43690
95784
25489
138731
45705
38691
87556
58718
114309
34359
125481
68667
24349
15210
64958
24130
73690
99808
64155
61777
52380
76377
42652
138517
47398
100902
131369
93388
26125
62776
69798
135976
66816
55934
35939
12136
63327
135580
36108
26008
22104
16146
2858
31916
49366
76245
70507
70145
71356
126240
81739
91642
12855
130064
102461
135948
127838
88828
81093
147932
124272
83583
72173
5526
77564
122095
128529
66146
39876
86866
148736
76078
126069
81312
22558
30489
74329
4605
51958
64737
5603
65246
128480
75911
73283
14133
141036
69917
141011
31892
392
136252
48177
64913
111823
29267
151
109185
104113
3325
129304
52089
85589
24543
46302
105061
64904
78072
58529
56466
116325
98955
69583
45087
21803
7472
42560
92268
56916
126578
134213
143527
2961
12230
20494
23203
129108
7285
126739
113206
116921
129386
77454
127942
144668
128463
131091
91853
147092
147518
69264
92455
84851
118712
135176
124993
106586
67213
48568
47334
135358
14828
37658
130698
132922
100500
136092
21303
67587
84813
112751
91636
138256
92114
67690
142218
122515
66115
20139
42860
124894
34077
55144
114939
132098
86877
46819
126748
50498
1183
143078
143764
112615
37721
25239
92224
73824
127917
147367
23972
4815
95375
133980
44178
68326
90587
90208
102680
135872
62673
49760
127972
45950
141980
17187
7733
46189
12149
134821
85754
145652
130283
64232
91346
57959
14627
129565
86101
25402
9519
123864
105930
15092
42196
117108
249
35174
110175
80901
39825
31929
77002
9129
12655
11395
113169
7133
86089
60799
82163
76994
93372
68617
2218
6441
146953
88179
141183
137366
73240
96037
73330
91708
15532
130866
48471
135351
102163
29762
65952
108917
99589
63255
8796
43533
73376
39281
147865
131580
131327
137945
143357
125294
137601
47587
131163
5529
108015
59240
62896
57828
123983
29661
12566
76911
16059
107893
110947
59433
49759
18735
134309
25643
120783
98588
66128
57411
13392
120611
53087
3425
58958
127424
52060
136874
57220
125730
704
130651
127340
36348
123646
96492
127491
125268
113625
125036
77819
41665
128165
56507
81049
107501
82414
95239
28740
144626
129389
16561
113716
84103
44717
124343
39118
68095
118447
39186
25426
118357
29850
47417
29837
131896
133111
102758
28693
138853
75394
93721
119052
91672
116471
137208
145691
146618
138618
61884
12749
2596
63228
73409
106513
65409
49150
127992
12013
132938
38291
110512
4129
128753
62744
93959
114645
5133
29783
141040
31796
38647
68864
121335
97786
16697
101813
51772
79690
110934
19141
147678
9629
108117
88460
8528
76134
57185
23742
10805
84735
118228
9394
121042
48015
50213
18661
41782
136856
40610
139151
41337
52529
8590
10302
39998
130639
49079
23794
82241
102217
6301
18069
43650
133471
93699
142219
15696
93116
67418
75317
38731
111572
106290
55353
25474
145350
66106
17440
68534
3564
101706
93282
148512
2945
66981
135464
114049
61309
132532
81894
126382
122826
126015
42012
85632
84012
115087
105066
31759
118455
9858
28070
51504
141314
3240
125870
40738
112216
132515
65444
103616
98515
135653
15814
122851
57907
20586
113352
129327
114785
77655
65472
57244
55814
14309
139280
13649
146717
43237
142374
58456
116385
7035
38493
143759
68169
124849
60544
140947
100703
16805
20967
81791
28435
23198
140302
27422
127641
10586
120088
58916
40475
108765
4821
92259
95069
47477
118310
144995
21401
82269
50418
4484
40646
53976
148761
128300
30655
9353
63182
128574
55493
51467
6023
17130
123399
138407
123808
145657
99446
25139
93545
54706
138110
12610
12432
93515
85226
60334
18230
83739
28603
129633
84194
144169
128763
17887
64596
48779
139242
26397
94309
142976
75854
105529
140543
7344
29073
23935
146809
120296
29284
42924
9091
134960
93995
92504
107184
46870
60269
74626
99739
52132
84862
10482
46283
97002
27108
206
27443
148480
132601
25346
85664
109032
143545
95484
103005
3765
118832
34532
49862
52574
138170
40129
143449
42356
140571
60963
56422
82127
66605
1226
34896
97396
122785
121446
55019
55992
131718
59698
65796
19280
22207
15039
129142
101999
46680
131953
14761
64668
130298
51145
54580
149167
80835
108838
65848
142112
13695
125940
3410
96453
2691
132258
73421
6309
14043
130289
84459
22233
29649
46475
64010
90123
99288
59834
112700
78950
115774
13156
75841
142898
88337
5932
52591
676
9533
43736
138821
54471
7865
87477
123482
35811
126816
79962
104664
103491
70304
9737
91795
124446
71641
87940
68881
2019
37258
84202
147894
87540
19939
105057
82535
28052
70938
49652
95168
20066
66137
72490
37177
50115
44935
54229
59276
5958
12849
109732
47024
125974
18806
9039
115279
40321
12941
101058
15072
188
97252
126447
132023
13388
120463
108399
132840
94583
109886
68101
48790
105740
57713
96945
116429
41669
70235
101584
33961
115852
104352
29086
43755
145334
125037
69543
92397
142226
35809
99837
107195
101787
16735
66649
121320
139571
133671
55598
104450
40810
136682
80812
38491
27552
60317
86499
62557
27984
5998
35909
26780
114142
17368
94625
25719
24414
89291
105243
47239
123293
126761
108874
149669
61009
121928
997
135738
116020
11434
149012
96024
28589
8950
124708
110353
79766
105893
65090
71992
143609
82918
88354
24897
130103
68813
118754
79438
9328
95139
9317
138024
62246
47600
94830
89518
36247
103685
24261
140698
34884
128878
58851
138749
6271
128127
50059
33837
141853
42041
82318
122669
88728
64055
30633
85554
10705
119688
89525
91969
89474
35750
106434
66107
90609
101063
52086
130841
84509
111229
7063
54981
14004
65690
103903
146806
44302
125501
149468
112512
5722
35191
93339
133699
35518
128146
55551
47865
86433
22464
35346
110253
74381
59391
131958
146943
103232
136917
50937
108489
81528
91034
99817
129885
34340
144443
107196
15908
22955
97902
2340
29198
41052
2578
100223
147691
127852
128460
137246
8415
51782
60771
32342
10892
47740
2320
15120
92817
8111
12314
119102
130192
98977
85885
48996
78032
22831
90038
48865
139167
40055
143758
28926
46413
137674
39260
7
55838
28427
114897
37384
4698
133999
106627
27444
137057
56453
142169
96981
7096
58969
52431
41861
37375
133097
28703
111987
30564
9461
51578
23169
4928
139307
21443
98071
97651
27564
53489
42524
105963
44678
32695
110395
95459
12727
58737
76890
57151
8079
111709
134648
141874
114184
45294
122800
149847
112908
96110
14961
41380
84128
116571
63984
109452
135091
106277
58818
93229
111616
38216
101433
47237
45661
69717
28385
39010
139930
105374
128108
52177
46440
77031
12005
127317
106984
76691
145798
36792
71923
95023
70254
144546
79513
65594
120517
54838
11650
45817
2026
81646
99152
53497
124720
37876
70524
67756
49869
65403
132984
39309
42070
47261
74206
21636
103342
30253
108873
115500
106103
147024
91773
99553
38637
58544
99104
27838
93867
136536
146083
96005
108500
85035
130881
82501
10499
130355
39352
136099
106730
83108
52568
114627
15190
103215
85905
60151
22175
142177
146444
16626
128076
27753
56630
115961
149391
2713
149944
28343
772
37172
75821
12313
5547
54591
89684
9973
17111
142671
100855
128902
113089
13021
92831
72651
36290
60816
62879
92412
54169
116225
9023
143066
49987
65742
34362
146901
88732
3188
118136
77783
86875
66288
71552
134860
9201
112693
79331
133423
134057
141977
83036
68198
22986
145061
113340
69217
49577
67658
127307
105593
58337
124959
18060
130502
133496
50495
27715
27899
82942
18241
11361
34707
28589
25502
9884
147
128165
64239
39664
148383
143082
49034
48787
62435
117713
112025
30211
108349
24513
120989
92583
48233
91861
87460
147938
140649
111778
63847
7000
82806
84256
145051
95690
92437
77896
77962
76704
114502
55382
60111
49988
23635
19414
16216
13264
112109
88947
33581
147006
123175
78965
22181
62870
140578
36039
113717
1946
145082
61373
55043
49213
137322
109398
28208
89795
87104
96158
53891
88093
102603
56177
132809
47543
79278
89943
59033
95446
93810
109861
65982
38013
24233
94355
136501
88658
108960
14956
62073
19780
87448
119989
77445
73139
34721
46502
143038
149014
35594
75725
140085
131732
119846
6122
15125
36590
64020
83337
72469
144953
136980
44521
137802
140593
35080
98836
60739
95006
97413
130226
69226
117502
16639
93305
19341
86349
20794
129863
91255
4780
37894
39569
87773
113373
15821
124727
42941
55981
88682
55301
76088
70514
51746
32511
110669
107062
42755
125981
69759
31013
112270
9958
72534
144460
14932
63913
69164
142129
32849
313
130127
68552
56348
27549
1771
78926
121579
96497
143665
91494
125497
3740
144525
49565
123460
53809
76567
106333
120026
39698
46542
73291
61028
61173
105422
61756
60466
54815
138091
72893
86541
30286
2378
42129
101841
83949
41699
105310
121084
141368
34217
12871
125211
127646
6135
54948
91335
143806
77109
33435
25978
15565
77897
116261
4568
74766
100179
107267
79191
18980
130759
131243
122746
14291
98828
62629
15658
36548
33209
92893
94314
90511
41841
16679
105518
81919
29540
37256
45962
133708
110127
95252
83460
132462
44749
121515
73264
145817
57546
145803
143962
130091
147900
53113
45662
48651
144785
14946
87718
15915
89869
130360
129524
31702
15819
104353
50979
70602
138358
149282
73885
61333
68375
61969
105393
23210
111904
308
1983
12693
5557
1659
24730
43346
59835
104356
110418
122763
80318
101073
85159
61655
101851
18781
75556
107594
85032
57499
119114
113792
41801
101112
82887
40357
148044
81332
149557
50579
20188
20930
129041
52877
133741
22739
94987
121424
129419
58392
91342
26015
131461
55009
94453
123490
19827
148722
37007
6546
9400
89968
8223
111443
127032
53514
48001
43429
115523
35963
92021
144462
114457
16354
141265
86611
54666
130779
79825
40845
17115
15805
30665
146679
52047
61495
4048
93635
37004
114385
139715
3874
122597
147116
38138
55688
50666
29648
33278
44777
6281
67786
59563
137091
93471
50374
54538
60500
120750
73772
112737
139569
79869
19247
34867
131027
66510
27809
117937
96085
34601
11177
83042
147010
18686
87582
79321
79018
17858
3247
32205
28522
45042
32370
149636
57955
15982
146181
109220
113363
56403
114417
140956
84840
44162
77218
90798
63195
129800
83894
48330
80006
63507
41024
71671
27460
127979
5419
127772
14934
78846
102671
111221
21514
111364
85284
109504
122808
145206
130376
138686
24062
135429
140642
96578
120325
42566
67491
52314
59298
101762
33983
142818
8764
132285
102920
101784
54230
10507
75364
118803
62808
58758
27431
38870
105487
26960
54425
32120
16612
53599
141696
97865
123075
26691
142010
30911
39376
49588
1093
22542
68088
93738
66568
120613
41654
28211
12485
38815
49266
134925
60732
61361
70012
137119
20607
113148
75066
72452
39837
39213
110256
118418
137852
95671
35498
147851
9550
131389
13422
88813
13304
20042
88436
138703
52651
34005
59401
70612
96710
104888
146955
6496
129809
105594
65991
131195
141135
62571
56505
3610
128541
29735
53744
506
92044
62993
72202
18748
76792
46985
126041
28032
122152
89993
42454
141256
135760
137755
107423
42722
55138
78843
92203
149116
13871
1824
70450
12300
124559
8028
48402
149346
82059
53461
76188
20904
14850
6346
80563
40879
105868
121136
24497
70792
35305
148687
19698
94715
35544
82203
1085
110251
45412
72233
48970
120455
3103
67442
28537
66455
37916
74074
14034
53016
29761
149577
145936
57750
82386
130167
36257
108468
68810
35946
141226
136869
72458
123031
10338
61883
65573
129341
89309
137055
102551
116518
97660
54755
10867
125988
47478
127338
132244
83627
85677
48632
89788
8794
99229
22904
96936
43089
145554
11378
149607
114898
114994
4540
81365
59978
78753
112589
70695
124634
123282
100979
70502
85478
124140
49878
132292
54650
145757
70416
38146
139733
111458
44040
71823
24649
56087
66207
116728
179
26215
129447
142159
7330
24237
113171
112924
383
1146
143558
103439
32691
85491
117540
72473
2026
54037
95851
61331
2311
92427
114693
44596
94905
15197
142616
134152
38404
123875
95131
44336
3012
124713
29749
65826
52628
129874
9126
58897
16725
45043
75914
104529
11611
94345
40136
138476
58819
131773
129206
9673
119508
42270
87390
93328
40735
116778
126012
130689
93097
763
117511
3634
86780
102213
123476
39364
137869
111343
88285
29538
83204
61918
15253
101182
66995
126844
6468
103619
81112
22951
85939
142155
37041
139670
49837
135637
67047
62584
132041
93427
22277
107705
78311
111041
6469
68145
36830
149084
37515
27310
103442
8008
95196
49300
26863
16414
126491
20851
61573
79575
2083
56667
120735
113143
119182
3585
124702
5866
38852
63555
20511
112374
63874
65410
9546
71542
31636
127551
113913
81393
131124
52907
90816
20402
1764
59921
128973
117026
52251
125810
124063
70763
19389
14652
147828
14661
57396
55935
58644
49762
89526
64051
32955
111048
135772
4861
128456
35591
76354
17551
90809
119545
29776
98273
1307
30404
100854
149023
127960
137186
46993
40645
7944
107445
102560
39627
64707
64046
48793
64334
37431
107736
6623
65850
20347
125423
540
144191
47827
142191
121790
127148
112474
118567
896
125623
62431
4045
86896
44410
80023
13037
106176
86196
63854
62817
48044
77518
93134
58929
65309
16943
23161
8164
103795
100613
71002
80975
77321
28750
37900
10463
30539
112131
18094
42969
54190
82700
136905
123833
35175
29790
108781
103544
81358
10763
127486
29614
37626
68008
68294
46801
43987
11651
55549
20890
1478
10398
115157
16982
127238
82827
103495
112686
117207
103757
1612
13788
4235
21661
139631
45792
128616
2111
135833
73969
37479
35770
940
92605
132145
114619
110147
149612
105688
109708
35567
135239
52520
77469
40663
44470
54304
124037
146124
32895
23982
78645
68409
1931
99352
5881
83994
93500
68782
4646
142092
56864
43508
23721
147576
60037
98424
114212
125374
105341
128722
86851
60062
72594
30088
105380
54823
167
136138
83065
41274
2533
139582
97047
120587
29342
57236
69746
84060
116137
34224
61015
410
21726
100477
32972
42804
104651
6034
87093
111121
67531
460
129397
92089
136160
145692
85608
115832
41939
24808
83531
21119
9280
53966
28421
24720
80195
105616
18055
99608
50763
48864
2751
20603
41782
74601
99002
103091
144090
8085
11618
143976
84644
48228
89349
85019
35749
110087
98576
96570
61981
76614
56308
140255
145830
28691
132976
118094
124242
146532
118594
148657
145392
95380
134091
72606
134299
145955
113748
59436
31143
102341
55776
58154
88253
103563
99941
130933
92357
148508
131961
42559
145258
40251
58859
38446
78737
122824
141089
141237
40416
140653
60173
139523
123429
141855
118927
121165
100474
80133
17824
88806
144969
60086
111479
87428
99144
7512
123619
5438
91604
18822
2490
107827
70964
121599
58808
57864
56462
78830
97611
98527
47461
41653
23124
51670
142452
47568
90675
48168
108613
36494
70341
77777
116457
141402
45171
79215
59930
111432
146507
24221
139554
43195
12351
71429
127101
16704
132704
96535
42490
14499
104759
43414
97465
142610
23302
43814
93126
15530
16474
37198
134857
28856
130182
120003
122827
36610
100917
106023
53221
66110
56877
129903
9570
61007
28482
83872
88415
22072
67942
84786
131591
8001
87867
116531
63730
115006
144989
7228
18863
11509
57464
20356
6327
46354
125359
104400
91076
42379
66765
125375
28951
6933
103836
57603
65887
46090
98829
109595
142937
87260
50621
117649
49842
108142
3784
39868
147981
23250
59205
4977
84743
56491
77928
80451
48597
51139
14657
18350
33904
22184
128652
135734
115264
91993
98806
128311
56011
102701
71850
143614
126846
138576
122660
146264
41573
42332
56770
93753
33835
146395
61172
120265
124756
92347
144771
5386
23606
29859
133629
64120
60430
2935
33760
126805
132767
107326
108023
38851
25529
141325
11588
73427
70515
123444
37297
48572
9567
120916
16952
52100
127542
123488
145010
98026
26706
119680
88401
109389
86715
60385
117470
70379
57756
138461
110483
64345
32718
134957
147250
133230
124852
82054
67186
138152
26518
142146
35756
146182
131460
24375
125851
118505
35747
123940
56296
103741
8957
60458
70857
119349
61245
31426
129079
91051
13796
92156
56898
51091
27177
14628
49130
144228
52523
104478
28716
139963
79032
41382
4270
43121
51156
106385
114345
95626
28264
136044
60158
138281
60828
68344
31852
104427
136301
72372
48741
144920
10942
62984
5954
44263
51533
105362
127493
75549
87549
136113
35708
58543
69081
60449
37947
116539
31978
123461
81858
64741
128968
36869
27111
37357
9655
149867
148590
30105
53856
124088
129381
53784
103195
61325
30963
140892
42970
47849
9889
102950
125392
13446
65296
28960
90810
36609
130585
70440
84219
4633
68900
33819
68134
21976
121891
104928
126331
108398
64740
119951
54134
103558
144264
135491
19180
112252
130206
86404
60263
105504
106110
49961
106478
18917
3592
2782
133037
63489
139566
46846
44761
79395
51220
35920
145706
22486
73453
126822
139041
15676
73487
116320
101625
119455
19649
8373
11999
113905
45935
13148
130640
124009
102555
72674
58993
124776
102100
143054
125301
1619
131114
127323
23831
80854
99614
133919
130000
63993
112695
74396
100009
65318
2682
118969
14635
115076
87533
93548
52048
120520
86319
12099
109223
149857
133908
2293
75290
141262
123152
112255
37176
99252
98679
13089
66041
120581
38824
2266
50007
121604
102108
50049
138538
65777
36340
37265
124191
70710
81994
39
97049
3080
33256
15198
35997
97967
43448
961
81983
86151
99853
31806
91690
30933
46935
30456
98301
36847
147827
111882
83648
146290
92158
4141
130509
79030
142315
88411
137563
74878
134683
107669
61424
42960
8468
88818
71715
80817
107888
16313
87754
18303
19854
9186
83651
146129
44170
6358
123165
85059
40097
125960
18243
54148
106734
73654
39584
27703
31075
45660
74582
122694
61298
55339
145035
66106
123044
46792
136178
61614
21176
120453
121452
32876
135723
73250
10584
44022
20080
93787
111876
138291
137479
82199
31695
104043
72645
63423
98607
15651
60334
14825
5163
136593
127183
113402
119688
88195
10178
72648
3280
37482
133715
113161
76065
33114
49602
27710
97922
143308
129578
76184
80741
108889
121342
137490
107133
147002
112923
107179
52444
115890
6824
116783
94644
83929
137427
39856
74515
74494
122329
131955
112373
55699
43243
15246
44246
892
97593
81697
142676
53839
121703
114870
84626
113558
50734
44915
42207
14260
70519
116932
146136
100315
73277
61689
109720
122392
144899
71575
77678
30129
50958
111916
21428
29668
18647
132744
148449
86933
100427
89849
56957
121930
138445
101244
65758
15598
77187
42611
147025
11855
21084
97817
116980
137864
139294
141108
138048
72992
79000
87276
117051
65231
144760
29227
94916
76494
16155
22113
52378
37681
86902
55193
25326
117041
60607
61278
60838
108083
37513
43661
102045
13180
116224
89727
12694
50146
31550
116024
139969
101398
93485
65373
140306
74874
96195
35003
5090
117150
63
89883
145880
101577
109854
121437
69469
107371
127175
88281
35571
146180
124571
69725
13030
121446
123105
53409
109272
43798
116753
36404
108637
1808
12796
2345
14888
78741
3485
34207
51901
51069
146949
12537
84422
111366
105512
48097
81904
74841
90313
141547
64700
135373
52151
83574
73611
121481
80666
123166
33477
49121
101187
108405
24329
147563
48134
98937
149319
114957
55475
66256
139212
127947
102453
89605
51019
98445
41633
44734
94710
136142
73014
95227
74785
28687
23997
120578
127556
38646
102440
75420
86257
141114
51265
12140
61913
95686
32772
5994
48363
83259
52536
148484
98335
132047
14364
37368
46027
46836
50527
49087
42322
118471
66287
26326
31414
42076
145807
114089
1233
9363
98268
47015
100659
68493
138243
85437
132594
84428
19513
129046
39096
5873
40691
129070
4227
102529
19004
15414
54175
100087
42659
84171
64085
96469
134556
118273
34313
118433
85335
66312
111992
123650
3082
44976
83295
65470
12108
95828
50980
12425
40684
58807
110360
94123
17908
22317
58205
59537
26731
95268
75907
43236
132399
98210
55564
41755
16560
44879
144110
110294
149744
28901
141235
124676
29085
23416
72699
25246
68739
22253
148138
20146
116525
147879
73365
105156
3882
138188
11183
22911
4554
112437
90204
145089
22081
57126
100328
137291
128183
36815
94465
15044
97883
139518
63405
56732
112793
141322
22515
4500
103354
5172
144976
102947
20751
133072
104139
124239
94179
43307
107110
41178
115978
93147
128201
94837
70515
79066
17767
97672
105218
41057
50516
139981
100849
103788
13483
15955
130080
104952
39278
39295
28890
84672
60394
93424
9208
41928
99823
54498
18572
9169
17197
52586
137517
78839
89395
130510
12039
124874
24424
138267
31200
135793
133849
28677
18878
108001
39171
141789
105881
110139
68254
17577
7305
62864
25222
59506
129509
109233
46402
8256
54600
139742
134091
117330
5279
124060
128009
62507
44460
6759
112185
85331
104347
34157
52973
70248
9141
72366
47047
109400
110734
18338
138482
62961
103391
137343
38354
142137
25625
85808
12835
78496
70554
13020
125446
127862
45827
53512
136017
143275
116377
53194
129040
106240
21678
33976
46184
108610
29399
140933
19465
126379
70550
53351
112931
131494
52843
85594
66161
135414
38971
2171
116222
138756
10984
45485
50583
41764
135389
86459
142198
82868
31592
25282
59395
121088
137456
61806
123341
59086
87501
18376
85067
111216
107538
101593
72803
78207
130473
23589
141139
20941
22087
148095
61790
28110
112802
120461
78980
98152
43937
143382
50015
126946
16205
60752
32425
107355
100255
113592
92362
137834
44131
83244
125957
77240
70700
121681
117451
118583
134097
14516
93873
95923
79638
149088
52478
94186
56059
94670
68076
131197
105642
141830
33711
17493
56721
16714
26278
29432
38090
90377
87419
83059
109528
39976
103462
127585
96915
119491
1413
10163
82639
142111
125553
907
25133
13716
59666
111947
33345
20651
89768
95027
17549
6764
87948
75566
5239
147047
109599
33423
138515
76726
36556
19358
4986
111937
149306
112803
60277
116177
59795
88762
117005
45038
93972
135389
110505
37808
90322
16298
122497
23918
43341
103394
112477
1795
103949
26462
85487
79836
32814
39052
103247
90588
117602
112311
125448
143315
106241
80068
2418
38462
142632
47155
77737
146346
19572
14280
75536
5142
121040
27129
141347
109472
37523
49691
141590
34360
58687
117351
21193
5345
134303
57995
149653
115218
16373
21998
134411
91060
5224
8703
45675
37341
66093
6433
46129
23490
49156
107662
60982
134024
44518
8440
131701
63790
136356
35688
106292
143115
67824
44702
75054
56689
119814
5862
13332
55470
16898
147889
43872
137056
51677
70184
94869
1469
96176
114256
28472
122685
29015
96853
110829
17979
132177
111500
96523
114439
145309
95902
7268
134528
132650
101323
17849
65985
321
120579
16741
83896
100366
104188
74695
15050
10971
44538
12000
126115
46751
105545
35023
140368
22470
142588
6220
124743
98032
58938
105766
87273
60019
28287
2476
103482
88356
61095
43223
41312
70064
56305
141382
105395
116184
109049
11075
107320
134906
114220
131742
59893
79672
16693
133529
149461
135656
55613
67482
21107
94678
134818
30086
59150
100365
77313
65503
117179
2741
118003
26449
89831
74919
144350
112097
40081
137024
115090
131343
126809
14886
59373
149289
15714
39998
20515
116784
99169
21240
99032
138978
18533
115905
101006
19646
43836
130938
8825
4350
146263
25271
126806
62070
44450
11458
51629
111428
128847
97738
119093
54856
51097
24378
48719
129440
145289
101355
14509
39704
28230
141465
69721
75100
40383
36691
49003
87553
109523
29792
47593
99009
30462
101391
17962
144644
37084
95036
115634
34624
33030
114339
53024
116758
101216
15188
121068
88068
63626
53017
8484
71089
116154
144853
44774
13901
100932
71855
28413
54887
98022
20703
2333
79185
29697
5023
11234
137726
22021
111931
25628
24672
32314
64367
145777
132807
136173
64657
139483
81007
69358
50780
5223
52225
143690
59847
97721
149874
42401
522
69237
15293
68412
78212
82304
9960
65219
137644
26946
74269
67145
27037
131899
124644
112939
119347
56401
21725
18766
63725
30407
56125
105247
18458
37883
117624
146066
4248
148880
25907
47786
69487
47952
57761
76501
145102
56858
116005
22059
22137
3437
116871
41300
59396
115197
64472
84448
54138
107142
34931
89667
61555
124338
96819
49487
99107
53341
145620
85984
23887
103202
102490
26830
82385
110443
118473
20053
25615
16184
149482
111756
61726
64436
6035
126548
86589
83868
115907
85412
13568
10659
140096
135012
45110
78994
52050
6263
32483
13076
58555
120383
71330
90041
28556
17977
60438
3628
94432
79931
144598
15255
147461
32262
78605
72541
1166
44615
75130
63703
129662
133058
33297
122808
135990
105025
4955
73628
27244
114499
8948
18625
37602
126919
23292
1433
25185
35757
136698
129415
84627
70377
79463
79962
79453
148024
8197
134899
13102
105976
134281
69909
92641
136130
43927
56835
120379
4009
78969
54687
57778
68975
94933
121635
21618
60863
105392
111161
66238
72720
6314
64889
69673
118970
56415
38236
115718
47836
19241
59432
11158
120652
120990
91126
84778
78565
103015
107224
74966
87991
36727
133744
147291
32951
55539
50956
126219
64459
16571
82032
44288
89222
65924
114825
143814
103822
23420
13952
3702
94524
46231
107497
26867
108673
57412
115840
134387
25671
108861
64054
132956
134555
122872
50657
59712
108500
105756
47491
134051
100893
39165
34689
148543
114025
105754
97162
72042
69739
8093
137221
147340
57096
108666
9857
88046
105862
59629
127233
65233
69997
108557
134657
135372
133182
58172
16937
4587
68503
113423
92473
137849
2347
8855
15629
14180
124666
50495
32707
146938
92050
46707
76568
79664
127196
140736
123920
127882
10632
104458
123474
11067
16347
48561
24210
75003
76961
27010
12040
17313
127567
115058
36491
21674
129302
82296
120451
125644
113937
137542
70804
120915
73804
109784
12746
88691
12605
20540
95200
27157
93905
106401
53453
59265
127092
138148
122080
42052
105838
57352
100970
91597
18344
114854
146514
59160
124784
22462
9618
122286
94442
104228
133685
14871
26752
108473
131658
22906
44133
33488
14529
53576
97447
125717
39288
27070
131338
88900
106088
7798
105214
72815
80931
57847
142686
108354
147434
69317
111978
38441
61774
105648
21938
74340
140308
107109
75896
6613
20319
60465
34589
137203
94520
148226
134526
95171
36032
69404
80115
9393
36924
1238
147477
11927
61619
39400
52618
54005
148428
47253
119726
141337
29221
71237
4892
4797
54039
71516
7322
138995
112430
71838
45820
73951
32351
131300
139226
55636
42721
46279
106031
120180
110979
35057
83509
12194
12977
109524
122182
32162
31078
18908
148629
139293
119277
56831
87766
88010
87395
105961
145365
135968
123382
27455
143837
54494
144575
112227
23394
113593
75640
112511
149283
2818
73201
136985
110014
2917
65712
77728
69830
65977
4336
131789
110206
2442
53616
87352
132427
116804
60865
3377
23704
93680
35156
108843
93293
108321
105190
41111
79646
34265
138123
58783
21673
149963
55177
163
68686
110859
147275
91748
22038
50524
53307
118031
47605
94083
48551
94087
125322
34926
146410
59570
2997
31931
99738
73851
67612
49952
9820
22173
39755
18783
25061
84954
59025
149479
68372
139490
30714
108390
12648
82934
132697
10358
83775
112885
73016
65963
26789
95068
142398
14777
94889
99774
28389
35960
125704
32309
8284
124726
61523
65808
17673
76075
60044
38328
72999
85671
34986
79130
88160
121707
38430
146582
119464
104013
13627
109656
35505
109315
67509
83916
102297
73424
9580
1016
66810
84429
41044
145916
20989
38219
56146
130741
37798
62249
46554
53524
101082
139035
113703
16897
34075
63586
67893
146479
58295
30561
32863
103941
20450
68815
26112
139228
12785
130567
116621
88237
49006
57013
134996
74652
94146
69632
1037
5082
109313
43338
21075
6531
44306
40924
78223
91756
19320
82145
28896
147835
77026
66320
52762
73395
122996
85756
32375
46679
147661
142928
125609
98301
58289
143096
70525
57653
90800
90600
47736
9487
49619
145820
109009
126565
61662
61986
66472
116175
48457
109709
28629
149246
32693
87967
100373
87566
88764
57476
130806
78568
97434
127135
89704
53530
35860
1765
111249
129980
35592
4836
108587
30795
109369
83505
10396
85182
32426
136907
38538
102728
26140
13467
94166
80297
41401
114141
37184
118565
59333
12336
86403
61756
37290
120189
23485
141073
30755
129076
114951
89568
63896
60949
82846
72509
35867
11635
149549
79042
125415
59181
133780
39489
134394
116427
34094
48576
104959
89145
115427
25687
9219
98148
130782
98931
41027
71392
42123
123564
14216
59930
70709
141422
146151
4749
69927
119696
23000
135359
91461
144970
116718
68529
69060
48337
123196
68492
86214
95597
19268
96105
77988
31119
34989
142691
143195
66351
20320
89900
70029
5584
9154
79613
79334
121401
20226
22326
121385
44885
103989
107548
47009
7157
120486
86853
92669
139103
37915
30475
141881
82643
126180
147762
29732
93763
121089
15275
117315
64561
29153
97718
8403
20434
4055
40608
129575
2416
57127
139199
148474
136448
106625
39303
32069
132819
5852
3923
72702
93228
37647
96805
124953
12106
27321
80192
34715
16097
147759
107936
10785
92623
48726
57280
91863
94203
126014
106384
92521
21238
105255
146115
142965
88772
105468
73893
121414
90414
130881
89939
141121
25240
129079
3237
122999
15979
87756
95874
119490
17177
119003
20014
20646
97348
74901
59743
95350
36915
45581
130320
43204
125519
119287
83714
27372
52978
12486
30973
141061
15749
98192
33074
137290
93262
12056
96369
44582
33779
38018
51408
61620
37320
23620
137136
27093
58276
129782
95556
38758
41427
99634
66639
3374
50831
138961
1217
85371
126876
142609
86182
52929
93023
128396
57599
108096
126045
132698
91288
122217
113806
55887
10913
58352
6311
82271
93672
31851
87935
40611
102031
132771
12224
118557
72785
97590
20698
111351
44588
120223
128576
37256
105799
10674
102870
148865
138066
13951
123374
40988
69508
40437
103752
15620
44074
3671
146965
82247
98271
2999
74045
73655
452
18904
25772
107473
62884
35391
44882
22034
38738
116600
36868
61892
89652
145216
63985
123726
18351
72418
75569
126814
143435
130295
39752
48417
13438
45056
139822
136908
2263
13804
140646
139647
21085
26835
51664
50760
121850
56079
131110
30975
79322
66410
672
7805
78531
28247
33212
27191
37110
101630
93301
111685
61519
80579
32681
13822
104746
75135
131403
63802
110217
8643
139150
139464
93029
127161
115686
2085
124067
41905
70225
74611
93733
64481
6479
26967
89031
39074
81232
147315
21502
107262
83948
13486
54586
129906
120922
83012
100517
137175
146004
135027
86195
26377
89087
14607
89551
105574
44533
128559
80453
82050
126900
69895
7585
23120
34498
87665
83838
108689
60213
22747
110122
98935
132513
66964
76838
144706
105833
108965
101405
104539
33290
30104
11601
58810
90305
56983
36612
1067
70703
40478
121536
83072
19369
8251
101767
81495
24594
78006
145534
35244
144122
130799
93373
137501
68200
39878
50832
84984
78249
126138
110156
17834
46011
27078
43396
5220
46783
56975
146128
29083
22084
100095
46724
65556
31634
130627
118082
41689
78302
80519
32422
118036
15871
101474
23357
49819
25007
100867
114827
142679
82583
50181
60150
62298
76942
132061
27279
23141
63459
143901
58671
65289
13760
51289
101974
127342
37333
11135
126109
80854
84709
1483
7573
78473
4706
121417
122079
128820
92782
37644
30492
58608
130765
95673
98087
11804
81115
144403
62352
6587
114277
16689
74820
21555
72249
102596
87830
116418
97171
131221
146617
148836
66711
107145
118610
102223
50607
89267
21516
40968
72002
34370
2278
119728
103284
10551
41288
84502
144563
62659
75575
52154
50139
107952
86120
140061
53226
1301
129171
133219
373
74934
64798
141014
9268
1603
48858
110691
76666
89787
58052
132761
12824
107426
21291
135332
747
48995
26413
76658
98944
14640
143803
91594
107844
49709
28855
98008
24742
90243
15991
90383
83771
130042
60782
8922
74883
144430
55658
81164
108522
77487
104750
149892
109116
38702
102557
86222
8159
127826
129643
121892
57419
129237
8301
92342
111354
135233
83867
34259
136079
4868
66844
65031
60948
137607
17224
57213
12509
13895
124561
73057
14739
104249
57484
114031
39250
102553
70176
62539
133653
5089
137559
120141
12640
121532
56501
74510
30465
109146
74443
129994
88570
74124
109864
143914
117006
104373
87655
55346
74338
98585
36366
85516
81394
26761
97788
88267
130600
121199
22727
147172
61103
135857
10487
5502
128736
64991
118813
109752
197
4111
100968
38454
141410
134381
36656
9997
41077
4725
34492
71313
118245
80962
47005
128696
82624
115314
8778
46356
6415
12643
105173
28242
40776
113251
17342
81113
10939
122042
30536
8321
6420
144073
122556
139542
2430
80938
21689
33010
145556
142837
107301
23882
20174
87736
116216
47379
98422
120892
125421
74753
38531
51444
25217
46893
13700
57776
80149
116798
128500
90089
14675
139798
23639
147192
147443
90546
32901
54684
54058
95586
58694
24386
142025
57070
56262
102827
31737
112228
73036
80367
103365
29340
88638
82074
97250
132059
146251
22940
89504
133059
10949
63698
73609
119629
83813
25623
94592
1356
78411
102826
76276
102167
94313
58735
101223
98715
19528
62894
10159
114239
105494
133081
37625
18608
61753
11612
131700
32257
42505
34478
11559
93415
98830
63704
1759
29624
43540
136646
51071
82580
74655
46514
25883
48224
73409
48072
125526
54573
105937
60342
131508
58445
28959
75985
23122
67548
46093
103677
12260
77138
83624
104141
19357
109250
57623
87075
136827
39683
58584
107848
75967
95312
98986
119736
128479
125265
61942
500
145925
95115
149492
11277
126789
141567
39619
58150
15536
126762
21331
118330
22179
106842
27904
103284
11919
15518
17232
98582
34613
148862
109348
60125
50185
76230
34778
114935
65283
112398
73214
23285
8381
81898
147391
37979
78832
18704
12022
79503
33223
141078
144874
96256
80892
26488
65530
85449
56159
74873
56132
135803
113186
37858
80597
114135
72952
25722
94672
132201
10368
138769
107162
138962
36859
109287
44975
62307
12019
148605
6108
114497
47234
124298
17074
16040
79653
62601
103891
893
54542
37178
31738
38485
90000
134702
57137
23381
135660
103710
59355
148253
124288
140230
89505
13471
10521
67133
118335
3248
137739
24563
142599
41796
127794
74721
85934
46369
31458
69995
63322
24966
124381
57805
32467
22869
67070
135276
46200
124226
68410
62762
91568
17231
94850
68863
48756
136452
116730
19161
88410
52303
51609
111208
17892
113453
24992
66520
34319
75192
23699
65910
105135
104326
89469
53759
130057
62297
18469
139216
81775
59538
14949
15034
65746
135817
4681
78589
138426
122248
131003
130219
48324
115986
115077
32191
7003
37605
105749
21839
17563
127219
18624
110322
833
16936
104388
23212
102001
141424
69527
86079
106940
76857
128543
141134
20781
95227
109479
42296
59547
39688
116346
121109
21914
70826
675
55878
14117
71060
148702
114630
13302
133779
45046
147426
148404
89115
86098
2029
139368
64611
82996
32920
108475
118870
37980
102778
149509
115823
123650
73717
98376
132104
103886
129272
56210
137752
93550
96939
139457
120503
90316
127973
120544
133989
24820
34144
141392
61198
69519
66423
26042
100257
108712
69232
69530
145834
877
27195
130322
136082
17653
44399
55817
46804
119568
29521
8995
121140
91047
90106
100662
16687
34983
52246
100075
89266
60867
148587
21353
45615
121459
138471
74409
128200
16846
104193
116474
24676
118391
48874
131150
99172
48234
136898
63692
84430
147820
61053
147097
126569
131690
105539
15275
97757
135241
115098
74021
94147
115566
125436
102401
27910
38401
136050
3144
46745
148019
68336
144196
142921
21841
146032
125930
112503
116668
100109
96026
82668
148281
100637
149275
77634
71629
137408
121657
40105
19373
28885
66126
141783
98769
68172
144422
136396
10639
76451
111358
122529
11671
120508
124313
126276
2980
13167
78881
105804
94433
51690
6056
86300
64631
147440
59398
68416
49231
17158
134318
71324
112152
56034
61722
78104
94135
103808
102856
30908
135796
71374
11497
59616
140383
65220
32352
94023
6383
53818
114859
131764
141079
144674
130575
82683
24927
93641
105160
41201
47812
12511
97029
31475
113377
118915
66437
10479
47528
114145
119886
125775
149126
121139
81349
141941
26844
32927
94506
31371
136173
16690
29818
124622
68013
115095
2703
58139
104571
1617
18133
45633
58633
41555
100667
40130
18266
142502
79947
22229
47980
127680
72982
142066
111282
84010
55420
135004
63090
24761
105099
31125
134313
14638
32457
116343
51012
111386
39562
56171
120611
49870
124630
146353
129050
131817
141251
23759
80842
19089
125891
61066
1147
50527
147486
12931
60462
63022
49821
133637
79427
27748
93352
75513
77650
8284
118429
46241
81774
108973
90275
22203
29889
101784
13955
143701
44938
40230
125771
9388
115673
77489
120041
95983
14403
21783
63452
112157
73794
32840
49088
11493
109868
55516
108787
42881
15138
60308
32865
105244
134056
37933
75129
102695
120778
78532
39216
10208
104312
95876
65248
94098
26076
104232
148391
22652
21149
2616
133883
60957
27274
90792
36420
82113
44622
66186
66493
144047
17642
42745
138081
7759
126479
18913
97863
116269
17042
46590
140159
55154
24051
41926
145551
7959
33617
7674
102233
30658
39706
38727
87731
19211
36644
123670
19290
21165
89252
35369
17537
65339
45133
143910
87355
10138
52016
83004
72961
83532
55076
132039
41849
117753
112404
112558
93911
96229
79009
139817
128558
78273
10446
69806
27546
16172
76484
143014
1136
75664
41398
148348
35035
23845
115047
121611
72073
35556
137797
120737
60077
46687
46965
20894
86871
7559
76574
131308
91790
142757
109858
64502
100595
32812
48061
71228
37897
113369
128386
128221
69880
25527
124644
15261
92413
96172
95855
19672
43482
36045
33068
44586
13190
106887
97720
94462
6015
85616
110551
126867
96033
52557
112728
88458
17622
112050
10572
106542
29023
138129
71996
86859
58988
37583
62876
19838
128912
138194
124523
52390
102047
116111
20882
93023
146255
30019
140932
101914
34204
2576
77441
129935
10035
26182
108383
62855
71527
77211
74529
51477
41154
87139
143422
106243
57454
103116
144902
41079
129278
132457
93296
142595
62048
4736
17948
56771
41627
29800
21047
124418
121805
53087
1633
73818
54602
37272
6062
46469
127485
134945
69576
129199
68886
40047
105687
104561
15295
82245
134660
140176
53963
42632
125751
15316
109718
51573
122118
54354
13587
92542
7214
86646
44471
26513
50409
6318
18016
30083
138992
70139
56324
22992
110279
133187
23336
81437
9465
1050
65176
79242
28207
22651
59526
25255
65591
30066
60831
134525
7111
41165
25962
68917
88994
126641
126970
47248
13489
25339
60479
11538
26167
29987
127565
104590
748
3490
100151
33771
133227
48383
80100
113772
138153
24993
16749
129132
87412
45985
119301
97904
41462
144173
30449
96061
120387
57551
3830
89955
41967
26049
107040
46108
10901
86508
2695
86368
110846
100938
2710
59777
78508
83228
10721
73108
66165
99752
46923
113666
143328
12658
105274
126034
89574
73811
65122
11354
106770
100097
111300
22643
131021
106044
81860
78271
46642
32512
103179
135239
7326
5494
124960
99704
33970
58535
121566
90154
100665
108486
83058
57459
139423
50845
68030
11822
112163
69960
43270
116237
39126
92553
10330
61757
37848
29119
123093
95886
16104
87211
58203
49783
40213
114451
145784
99628
144925
72330
58052
37398
114777
1958
5068
38396
116117
50260
129255
144622
50964
102202
91871
69453
92195
89812
49260
80916
122517
64187
5480
145008
131031
109082
79426
54362
93511
83933
81011
124518
123269
143252
4229
126221
6007
36481
134077
105330
15866
39855
137391
40673
17291
43643
119343
7435
115749
72276
134590
41475
58298
113272
78906
6821
12774
139881
73635
18628
137362
27987
16564
32331
42484
51512
65169
26861
10219
77077
9633
99387
39198
22886
111159
45851
56471
46193
116198
5384
23446
10204
106179
68159
120537
86031
145455
82921
9077
74682
38989
114566
100309
65993
134958
33944
88895
72201
76299
45826
94721
125871
11782
51277
104819
122998
7786
109035
140195
4836
11456
68849
7907
97809
39623
148614
52408
47490
62193
134239
93973
44970
111019
124331
55401
60097
115147
43757
40124
19597
53490
9370
93741
128661
64393
69921
29693
3094
45724
17564
133006
41404
81926
125267
45614
105582
31245
50957
69630
15155
95584
133211
129474
29415
141841
7355
148067
16598
39425
85136
39470
79117
69359
116253
37630
132544
135939
140210
909
148688
52230
98610
100133
73859
36199
127885
147785
14477
61926
113269
135107
24381
79610
129453
1986
134592
47797
81078
92222
9113
52510
80288
20243
85134
82461
50903
47784
53170
111011
105318
95743
64292
17003
1642
143882
66255
140767
33060
90976
142849
57165
61955
60662
49582
67602
41191
28630
121203
98392
64936
34964
117100
36667
128561
102969
45355
138607
67413
75874
23458
137000
91916
114971
118397
126178
48395
143010
8999
89481
116768
16786
53859
146140
25119
120483
50456
45000
67562
77312
59188
64103
121855
55260
83410
119535
109329
135145
44316
28122
146476
131686
59948
142282
74003
81033
74704
24369
114179
43251
71434
33315
138935
35675
74840
112236
117365
33984
682
146517
148662
92132
63275
97565
62232
119423
146118
96764
88693
149885
2732
129331
62562
9679
78990
134441
59021
50749
111506
93520
10992
135051
92308
57620
110884
133226
11236
64567
2823
106499
89470
41935
95957
125002
27814
111213
42793
18850
8971
145811
71886
53892
110266
7115
104871
49742
93713
33527
129776
23605
89223
136526
23774
6412
101493
57832
28809
73583
10350
16560
27574
12503
113919
21735
137878
70451
24898
142518
7036
130538
65939
92049
93949
42551
49892
87446
19057
93968
108363
122224
128259
119074
95686
2443
147299
7309
29891
133314
35344
69071
144056
72157
26936
17297
16316
47810
146999
86311
61157
141933
104484
63091
84247
78142
147140
72274
121383
60560
48527
107532
62030
44545
15762
127257
101358
145813
48736
138051
124876
139782
7760
46840
66841
125034
112462
125572
15704
116387
4240
85715
14116
111508
15425
95848
77645
10832
59102
39225
149312
49407
39338
25745
87258
47086
116477
118318
52228
16972
13998
45388
84399
55101
5077
7337
24207
4482
9653
71778
137932
85871
15331
122328
25332
6423
97872
126973
46417
108611
134427
10018
36256
103244
48036
10791
44912
145951
24495
100001
21309
57839
47612
92138
24122
142327
70561
24209
46096
60882
104638
4593
49395
95557
17888
659
18891
50412
31757
78330
74609
58472
74552
39918
58898
50475
45456
146420
44523
77690
61240
1635
101871
148937
30698
136895
73265
23451
7646
49749
117955
54271
77766
126960
146365
109189
108997
87937
69323
133989
7011
30440
17989
84068
27850
133386
121014
52021
65105
42134
70438
85191
95397
145831
137950
41586
66673
105019
79048
13462
84425
75695
92273
102620
3311
86913
76787
28719
79923
19780
104879
38554
24607
49905
2702
15970
21973
67702
88745
30715
140959
90157
87110
101423
8295
53895
96100
82430
62812
97006
39304
59698
91884
46554
33712
59989
53174
37152
108761
40393
82276
90496
78507
99498
95222
58158
117239
90940
18804
37237
83158
81125
15716
122760
21840
119994
70062
57466
140289
39445
6381
115720
133460
128016
46865
37039
71954
69803
25394
17468
42588
106877
63767
53324
117544
86981
5854
46909
41214
62107
66596
51822
130549
74866
47525
146382
43827
13041
46769
92240
131829
51644
62774
80247
129495
15329
90598
86574
23246
54830
99374
82949
130713
15079
59512
42441
117867
32976
137534
92152
142699
117668
102083
64859
89212
41921
109731
132673
117018
27242
15459
27651
75876
82337
144217
48912
39715
28486
2603
61179
18575
2154
93751
50534
18113
120744
11473
110007
57524
7418
12710
43190
6782
18843
149962
26388
83081
26177
42260
14626
139996
116591
82485
78870
77303
56725
2047
130962
15554
57070
28001
140487
56970
86337
25447
25314
104247
59901
137662
61785
103131
80680
123629
51435
74503
139095
10607
28048
87295
16880
21362
144028
92801
144220
107753
21263
56402
148076
138192
17733
53903
2791
87513
3468
77433
121277
76885
88994
136564
484
139928
53590
17726
49623
112571
20575
122815
92482
141068
103687
149399
42226
133720
110897
69676
8701
1580
96851
85803
2636
90451
71303
114133
48488
136846
95515
99758
89916
17591
40554
70758
139838
64704
148528
29454
43189
113081
73089
142439
146843
85438
23736
1581
106829
143045
102738
71266
27516
42095
104470
56844
84969
121872
24177
76706
121861
31206
92577
103736
66873
5164
117766
100202
136484
94373
106750
19144
34812
65088
66839
9378
109384
140888
147711
58046
810
66570
28434
78672
104345
31747
33261
78887
97040
79335
89575
70020
27237
96120
73040
55752
71723
39259
131078
48519
97073
10889
77364
128569
33484
62869
141959
70484
117870
22972
105129
119065
30180
94305
108635
2714
149497
35445
86627
43665
56471
139835
84012
28042
128135
104982
134276
28823
33818
111533
67595
32629
74404
144306
20325
66292
9040
51763
96017
122219
83656
77674
91906
102766
84888
69669
49969
29632
113851
10340
36750
138780
106686
140433
38986
123247
139918
140108
50062
17237
91780
137696
94814
72943
84921
3691
135584
87584
54516
134086
125561
44445
148382
114305
25485
13845
39040
96784
95520
40520
124532
32668
4451
140799
16349
1196
28982
19908
139633
128244
41681
53466
128136
136113
13792
109292
46225
17660
45085
10898
65748
148133
24487
53707
108559
146392
43876
77357
78903
105559
30225
42096
72105
146235
99518
3707
15103
72450
13699
10342
126028
124295
124773
111220
66682
64806
153
15884
79697
66568
135290
127237
140866
72415
71476
20386
102354
69105
50169
81084
131024
461
5094
76894
132866
25566
88301
147433
80280
66594
16126
77003
89585
21271
145755
57120
26476
105157
40872
19204
16883
20724
12997
20954
22320
83703
108623
135586
105324
127792
78935
35020
52682
114452
133064
111322
123297
31848
115901
13601
139888
10407
8327
12933
21647
125425
22364
132536
113150
147381
121990
102443
131105
10373
90836
128316
140055
117940
73095
95177
89743
14906
63212
136763
77263
95771
131085
51424
131468
146846
1493
82206
4318
31483
112604
15954
118845
124459
26847
98634
19410
32990
129916
1813
31455
104535
5191
96519
66464
87946
89861
45866
95900
88461
118800
56357
66221
25361
54460
45971
71145
120666
129792
119157
149777
122957
48802
119992
56851
100925
70092
65607
44569
18196
29408
73746
60516
74460
68090
28940
84132
13305
15766
112830
129060
86430
134549
55333
16075
35304
61267
101631
35482
16449
146042
77504
109800
102815
33868
63073
85738
132005
148811
31564
40653
110868
120229
41706
122859
2328
18986
111153
32843
107809
97231
105226
61759
92507
34122
122659
25892
97386
78058
60347
29884
85765
64284
102682
90824
101506
101922
107662
23330
29012
120294
127494
4487
9446
10960
55022
17183
30644
52327
9645
77513
45640
50751
133613
125350
17339
81204
85127
140024
35211
72140
90696
124010
135701
36414
81042
16037
77609
88289
2801
52750
62809
130055
98683
130700
129313
19103
126709
124574
28450
94622
132728
84568
34052
109415
37470
121058
47124
43577
130591
142138
128593
67866
70864
37192
54720
13321
142370
112844
139109
148155
147260
24126
970
59142
7781
130554
70036
49671
110944
141265
62792
41494
23016
122125
135392
12150
5332
4025
12786
37290
131652
136585
122086
57547
136928
50966
14351
115091
63453
51029
91556
88291
130792
65950
63825
39240
93355
41735
87951
141856
87321
127761
128087
78985
42268
72069
62924
15581
143160
19671
106942
71547
12436
125568
45904
36729
34397
147992
140533
22965
106007
142905
52261
11363
46338
57421
57794
58455
53828
82225
65493
147066
83766
22119
56604
25252
55169
51474
49001
3808
26502
44897
123876
133145
99035
95669
142666
19865
113286
61270
34013
14877
41177
12573
74203
60913
15163
39724
15351
15177
99726
75375
324
140136
14402
40861
68582
43109
125663
106730
70604
10369
124073
115653
87531
42378
76466
90902
2660
68683
116300
41985
51221
100017
28692
103751
31581
70085
20381
99223
16027
50303
22284
15811
49294
136346
32406
4191
54641
26522
26900
76975
148554
71335
102845
60595
87652
42118
66923
80801
70729
49279
84290
135770
15693
28061
106653
12280
135040
46734
21836
116393
69312
25448
13885
38399
148180
106622
74871
33724
56629
14406
138013
15771
104680
68931
137335
125817
1694
96078
76899
134200
72252
120617
60350
48705
81480
465
53685
140267
143383
19877
146715
94931
44841
107648
111765
73947
11192
56984
110686
1572
83796
128384
49637
102299
103297
69610
113290
2949
59279
49959
121927
99992
1466
124410
43615
113950
92396
30001
23962
67791
61401
12673
132159
74435
92506
11323
27754
68122
62608
44357
68341
105616
126993
16273
57371
28415
17698
143331
12273
71168
117627
140778
146709
96119
145662
85633
142333
25848
101717
69787
97178
77691
81868
70994
56337
81333
33830
29814
86902
56996
104587
47850
72488
83545
106001
118953
66067
39612
80171
121662
145122
28565
19648
108156
133774
39663
89502
23586
136393
142972
105968
92928
131529
95591
65528
107293
72694
14000
138300
35616
43244
111887
124557
119406
52241
18004
71006
46051
116829
32890
8423
93494
44429
105962
22082
45666
23213
126004
77298
103570
54927
63108
66134
41521
140659
122131
79041
117945
38644
41887
79368
51191
90761
106802
48580
33551
63901
17610
87562
37411
142706
36639
40286
43747
71585
145177
103302
42644
53814
107957
40400
105423
43123
11695
12866
73159
130251
136836
34151
71648
26110
85425
62159
34570
86728
73083
109646
11924
127727
29268
147134
78447
144071
125936
34922
36140
17670
57636
52489
33828
41046
131904
128619
2634
26780
70133
127600
95373
142182
84169
50648
115088
88355
43260
24200
95453
119230
106
121640
74078
50871
144379
47706
126116
106340
111183
132631
97038
69399
21682
74806
53124
71647
86816
66368
1271
63268
59978
27780
104496
32682
59746
114241
119586
120565
131450
933
65311
22960
47186
87205
43077
69531
21558
99529
126338
77389
75728
141841
6924
142192
132280
101490
66502
79893
61376
12712
59032
50488
123907
131396
53389
136071
75411
26470
43401
51738
33244
149261
44840
38322
136707
145221
144031
111999
121654
98868
34550
11182
70786
106659
20667
133947
72696
115973
104860
46700
100994
133409
142830
76757
109178
41549
84547
82013
58673
86108
15264
21858
117012
103332
8371
116460
110969
65546
114220
109083
89342
71050
10272
107621
109576
98230
117549
61145
146867
42906
66641
7146
6592
53961
145899
61915
40348
127364
81616
127353
100842
76760
146608
32898
122812
79260
36553
90721
83843
131873
82294
147142
24022
145175
49233
63834
42189
148549
122417
46872
79570
12939
41652
67022
133319
10839
36495
25329
79452
15545
127540
75042
99666
59371
108502
119936
3390
14384
88131
30839
20008
81807
40310
141056
41009
20203
107956
27725
63033
11875
30397
103487
113457
48503
32969
148814
98549
109764
84088
32532
83736
79504
74205
77793
8118
118024
11507
77589
40388
128977
1340
149311
976
26074
127020
81465
104893
26807
94676
106566
19362
123766
139938
147414
9572
127332
69484
100564
42355
83848
100301
3718
31048
107835
36774
60208
66926
110261
73232
34000
28525
8393
61881
31570
86404
102906
78136
9294
52604
8258
66369
54869
8424
79654
53099
143938
14535
58733
125138
48752
87365
122135
75906
127085
5669
27204
73213
86599
124608
93131
101933
1020
125888
120244
94026
2269
66130
53094
144825
34334
134804
49863
70217
62339
7484
5769
4965
86188
141201
146239
93431
93577
74385
146884
92476
13573
110511
140865
8360
125375
14305
67973
40282
139852
81275
137210
75786
31595
46286
27099
20018
113306
130851
147890
21666
100640
100525
44171
110651
24460
45470
124998
127772
62612
14508
39530
31794
114440
139629
24343
17023
108895
85588
44341
145526
44439
129574
101456
114797
57000
65305
78840
93557
41622
102208
66072
108487
61380
102554
87953
111653
78270
55615
109138
55473
85319
7172
127703
97949
10389
81539
103054
137480
58665
39680
43675
11772
3648
32971
16203
122054
98552
38320
64951
85158
136958
26088
24214
124035
98898
47195
65933
122199
141165
145483
21097
98338
32932
104444
24197
111277
22737
22381
73938
60646
36445
63758
145117
120658
26875
109066
88225
49844
24167
81526
112920
116653
72015
85958
9883
108062
56037
76874
87850
32281
88819
99813
29072
84090
60372
63636
40596
83079
129673
57531
12671
20420
37087
51217
17543
100196
128305
29630
67190
21806
11714
83401
19181
9749
33365
35560
119466
49364
117853
65028
73215
142826
26065
79016
149225
43373
91079
32939
17069
111535
61064
96609
41978
79416
35902
51007
31789
56992
103484
49607
132767
54379
91567
62179
63437
105311
26905
114947
111071
147425
75694
62363
122264
30299
128518
7427
7256
147899
141580
103381
10826
85257
109135
111661
117792
139455
25268
76178
46947
80258
138567
31299
142344
82504
65322
40279
114080
9893
14884
50530
76910
136286
105006
51896
143811
1296
21397
254
145135
26984
13278
132199
83267
51837
97955
129745
27315
14732
78064
63935
122802
26848
10410
122045
31544
55642
99643
106022
47617
73124
24245
53560
44693
57874
12213
142443
96729
70252
10467
35243
81456
60735
53951
309
86271
27912
125482
26387
38285
85196
70807
137529
72692
92991
9815
138860
724
46967
84477
66843
73888
78808
29457
99862
113199
77383
117125
85687
11613
9455
44497
4827
107306
3822
6316
72313
1855
77507
60222
66753
9867
8735
82231
50637
29709
58658
71707
116169
115507
31942
102089
4974
32293
145134
110120
10251
25173
114368
14993
33400
138656
68250
105979
44014
118598
138274
59023
74223
14289
119400
39882
89547
43715
107559
57464
100795
96
141405
92812
10549
80640
39322
71130
66595
15548
51975
126579
119963
70872
101985
70496
47691
100056
31869
101505
27968
59325
52195
32184
142469
141536
143899
52490
83530
27148
48106
121621
111488
22804
50363
19176
62404
26199
125424
140239
39426
127945
124294
134500
50825
114155
78267
92418
34198
30863
131485
137383
70600
60437
93355
5070
46486
27599
53666
8129
52759
76421
125602
1769
128659
29217
84683
117177
87250
33283
130637
102403
115241
99209
137274
50462
149734
39254
39583
84049
68700
44836
33258
30187
88123
94965
116442
93359
84013
79945
8295
126334
48804
143760
110628
83319
92736
37283
106513
112976
54432
91944
35465
51045
143404
64058
143358
29991
9029
120344
66206
62042
142305
139327
63545
96952
52838
8760
133970
32537
55449
102040
18629
72442
63916
55211
14478
9809
142769
101723
18440
67758
82655
61451
40392
10098
25061
130739
124120
127051
35269
140862
122708
136520
113487
88829
38998
55243
97601
81372
32611
81061
10711
121547
55997
107816
28871
1420
101517
42862
149419
43021
44338
46399
73505
101006
56375
139680
48835
89121
42894
103743
22942
74437
39554
72493
58203
43281
9899
104416
72313
99111
12585
30049
104457
135096
111206
124073
4480
3432
114598
138817
149650
112406
81928
104051
34261
87849
149314
128232
7298
101509
9265
142599
70072
61593
61677
132102
59765
79778
5063
103184
109859
52846
123282
114891
29769
26606
51787
35205
43616
107853
126205
11578
42018
55193
23580
99197
45112
85712
113486
107096
129599
89563
99860
84097
73258
34002
146630
122830
119530
31814
148604
20213
133334
67577
29024
40058
37417
10629
4314
13493
122777
88623
103683
45684
45968
142284
68890
102181
121625
20349
143268
13186
64679
133212
57288
142031
35722
39678
128986
14818
16084
18860
60719
116360
88453
67915
61212
45083
61548
95525
132665
70655
3114
97769
76423
132969
43960
73465
137378
114820
100991
80900
120683
61547
106279
103824
28008
69105
116908
5445
101475
25571
140069
129357
79084
38260
69719
16672
8746
35806
144353
1383
21320
90739
53822
117321
116041
125053
140260
49076
112721
55804
26695
60369
137991
129408
38227
11542
54625
115117
125534
18024
45171
97612
110084
4769
14284
105594
51100
47341
5636
107745
94097
111962
114019
69618
117003
16723
104364
58899
38345
72581
71003
76759
139235
43360
98034
67006
134919
89173
131403
41565
131795
9944
35539
15722
119158
93013
61409
40490
56825
117982
50431
58402
105767
128906
64272
33012
48063
28937
78662
3908
19274
80793
67572
47646
2367
40646
101394
52118
129714
133387
89792
104685
3954
27688
87062
102161
63328
77551
79649
34230
79644
45316
118319
3926
117487
3041
6775
86710
126945
35710
134893
32295
47670
73418
84736
67032
6952
32114
125985
87118
109610
56498
42046
22289
95456
18959
78240
34385
30463
69264
39884
128839
82900
65657
117901
141184
139407
76372
19760
44344
51699
45382
44730
101247
78040
99561
83217
20846
141815
51705
26170
39367
124671
65925
6830
95278
35209
61694
85730
61020
64134
82046
47196
142698
137807
13342
112154
60639
33246
24259
147015
65602
8484
15796
101733
122359
106563
47533
8058
97443
144327
67200
124491
59744
31383
129949
110982
48832
148043
73333
803
73178
119345
4935
8202
132656
64078
121860
80072
94509
138623
79989
28246
93631
33061
52350
65677
62829
62237
20621
55141
30740
75264
42106
71167
82579
79517
98267
30022
59928
110806
126196
144647
35787
90334
90504
486
61626
13752
66239
61786
137171
107124
78445
30321
42079
108942
66366
299
32270
80750
29703
137864
40243
851
19323
75086
10082
139743
130902
91691
70631
55062
33699
134794
56608
146651
69643
79753
72561
119956
86359
41118
138884
75152
134352
110696
15887
34571
90681
79759
76389
102025
95269
59654
112789
24371
108394
121531
111257
97075
104385
20652
141233
49175
147158
124858
62059
142060
128145
5401
85405
62180
16240
81741
48508
90782
54145
81385
122468
43837
124868
75248
135310
73563
143778
7911
14737
2792
15196
110226
51572
72677
123000
34606
134512
69423
145877
20676
48477
112678
109829
54851
37652
118288
43484
20542
32590
10016
93254
45453
53905
38144
46945
37354
105163
104396
25737
88055
116357
94711
113954
113581
47577
7950
73233
59798
46798
7647
59184
86387
61454
47864
2486
61740
139390
24280
147254
128738
26724
2359
554
98913
15925
129204
68281
143136
11423
143551
84822
105177
43438
149604
97345
106726
68495
42899
50378
97146
93926
65905
118752
7780
130703
59955
80809
58187
104913
111980
85857
88145
63567
64895
54268
38998
18776
33725
135108
136473
24127
129687
111297
123025
63121
63473
105855
66341
16026
37223
108545
149849
136581
52818
66746
26261
140375
116612
76514
119901
72025
119521
78626
4120
52862
69379
4183
134758
123732
21996
50300
34496
115327
69776
19913
33091
100339
80136
108754
129151
59606
90441
60818
35194
26427
26457
107448
94446
101506
101908
45536
37048
14930
102197
67908
62245
70407
137294
86624
30060
65016
50046
111338
57683
134836
107825
126747
24437
69305
22601
54151
55286
48827
17307
29466
32335
30307
145683
102616
35124
141502
108674
83071
129650
3849
72805
26355
14883
60041
37686
10271
22005
133065
66689
88959
15800
2553
13185
131499
95488
94148
127336
125300
51598
10174
130403
43336
4981
7926
5154
129197
26121
115950
77764
62401
27726
105496
12312
6747
99646
149333
11867
12974
97359
85590
21782
70167
118204
29141
90570
104963
72188
63697
127210
143911
131668
54313
32739
116313
129460
27364
133201
24208
65665
110926
115864
126797
72073
137554
2039
115532
103833
106267
31691
48346
46905
97199
101937
72619
39319
90192
32831
15073
65498
127575
116146
42796
5003
96432
43490
4124
10827
55859
70707
147379
52580
93475
95651
3839
63617
59823
118374
125926
116220
31797
56381
4561
80883
129062
96962
135029
66360
55334
144942
70067
15441
146811
136062
104728
71524
53342
144426
39812
58697
89429
6559
53121
126124
84131
14551
28347
102241
91045
56311
64032
111879
25639
1400
142121
3362
50140
102942
71853
48547
50037
1682
113005
98541
122913
131862
5589
124734
50943
94851
694
92348
76129
88314
113821
34506
13482
42690
56235
48021
113048
20453
44949
116553
25996
69805
142359
125416
141088
15663
130249
27172
57477
107123
125061
88076
74965
85105
102752
90837
21292
127605
34449
37673
45059
78368
47241
19062
144219
122168
26802
95685
137663
67136
607
33378
96768
32404
118526
86316
14420
120539
59904
17092
59957
37369
89888
91181
44987
47319
96444
142792
132878
127863
126767
30892
58439
112645
85940
3443
94183
96276
12716
43726
123286
93231
6134
37561
85065
30838
103739
33659
46188
54202
46822
146486
13991
121679
75557
138819
16288
144273
25605
91485
135018
24971
43410
73909
109283
4254
133705
55092
34748
10096
79446
144315
49768
33281
6935
73920
101390
75610
135913
79477
48772
144886
18400
92428
130046
29488
140819
31726
147342
16839
51319
119725
126958
29231
24859
35161
118436
33287
52415
42549
68173
142491
96569
23299
137857
87319
53367
136133
72221
88541
65482
59343
32247
63634
32277
256
38669
96464
18926
13599
133923
110215
28023
130788
66318
96865
103645
39296
53303
91117
110130
124779
123769
34044
57372
3194
53534
97485
64828
128230
3190
52421
141908
81534
29919
32730
23014
145718
24326
81311
60797
149293
16649
29842
74035
9847
116058
8032
69350
18202
140419
127176
142029
10160
78364
69977
28541
69067
36412
73462
64142
106933
88370
45984
1531
86835
120822
146340
128173
16827
147133
133443
120389
87157
121079
29865
62231
25060
102174
26657
37086
44012
62660
112060
59231
38250
135392
123144
45176
96720
147036
79346
19901
77304
94604
17557
140414
14827
45749
128135
140198
55116
124911
78061
8344
21616
78510
5859
78896
66362
135618
80664
105900
124818
127122
112029
54072
70610
114207
13188
43966
124744
134422
41365
16891
108705
126832
55918
52222
28561
134103
140857
9470
123126
27477
148188
17594
61130
14051
114414
108939
28805
80656
68329
13849
91140
5724
43068
55889
71449
135407
122057
103872
50382
118933
136617
117199
132436
21837
128923
77653
91937
70105
701
106709
17392
296
71333
79574
68451
51258
4145
21092
90112
53128
41945
138222
120449
95809
114518
82125
129436
40271
108520
29594
69555
21541
16195
121222
109046
99640
45264
53121
12360
45609
85333
64248
40255
67940
69375
22148
9746
124241
141501
9690
116332
32401
93526
136557
32375
30754
31627
108960
84419
149605
136440
82981
107651
15817
69826
35302
16654
33884
77384
15525
1068
147408
5179
9327
685
54070
101689
136128
126734
27202
60014
100488
131524
16546
102343
4787
147479
89029
118386
82351
113842
48490
48615
21620
140227
50220
43361
7966
68743
36440
53150
52910
24169
120779
58503
136101
109063
135985
4333
128521
128611
131183
78328
119714
132088
94756
147019
73217
77827
6864
11584
112268
21357
145270
81710
33044
104822
563
88171
145697
40418
141591
71021
59338
92385
42472
47405
109763
37736
102556
75504
61364
75772
48733
144251
19299
2557
139690
90063
185
23800
29395
25280
89826
134204
20031
16110
18528
130339
18697
149301
125380
59508
137060
86486
47485
51663
72392
87238
23592
107607
124857
144399
148856
145290
146064
87044
44326
101628
138998
119269
123530
18031
108574
44707
104745
47235
121850
7119
149581
40050
101436
116755
88698
125846
136787
22363
92199
75937
48394
134293
60594
71346
5648
37572
58816
34100
102812
82327
79870
128438
31868
45033
78847
29966
99997
118445
3964
93659
2313
18698
61556
18875
42680
704
131153
12123
141945
100647
51407
44158
91237
100765
127416
56306
140877
46329
17438
45522
68151
91992
76185
88110
25057
58330
73580
146611
137211
108009
25513
33011
59988
109609
55484
123604
52171
55417
10458
31997
102512
31917
89358
33656
115369
71200
58924
48914
13816
37776
36265
132526
89624
122337
103997
2644
91726
43030
51659
73248
23104
45892
18683
73112
128337
96849
116013
3510
132891
92082
134802
43515
8927
12506
15452
90450
68325
133599
33487
120636
35990
129352
92628
120395
31270
110918
70369
130539
30829
35258
50225
98296
58836
110513
59295
48817
59906
60318
7379
139061
61286
96311
117257
84518
74029
129789
68971
10608
80214
94733
144975
23527
13119
41373
41972
15997
132067
57700
101315
42567
40502
109512
71657
82168
46345
109282
74346
49064
9942
140143
118504
34796
39849
10110
10298
91751
123633
128834
142427
79033
144648
110145
45293
108866
22903
91138
87138
149799
79103
66349
1652
99247
16432
47380
130353
15624
129249
55028
47933
37066
79183
59716
115538
87672
118552
72246
128113
51010
125352
43175
137667
135057
108535
71528
525
147108
61574
33003
5467
126203
94324
8719
119646
39598
122888
106907
30511
48129
24929
77096
18877
134532
122961
84087
146201
55315
128943
13755
106740
50013
107014
44871
89824
38853
89549
138609
101338
97261
89440
122573
22309
49382
72094
61447
147633
73344
44595
134918
6878
100940
22576
139920
18079
110277
138286
75312
148563
142351
60352
125481
60722
38969
131216
114629
89234
149918
13463
53900
69067
137703
141416
139355
137078
96314
149017
74496
105023
69034
36767
57626
117606
61551
81219
57771
78801
7772
99641
24522
57167
2041
32124
83274
14655
115619
131670
110755
133778
63700
73986
75022
144868
102034
110693
46526
116484
89222
92810
64135
21188
140467
38656
126046
24017
14202
137775
14895
61922
93605
99724
50552
125924
18865
114034
16459
121973
39223
120276
149319
48038
9796
1440
123831
893
55127
78968
46572
39206
116459
109596
13082
65631
38090
46156
32193
104723
81290
41984
122722
69328
2565
89957
58882
25148
34448
58708
128905
139988
105612
46389
84452
128212
144234
10684
69316
96655
82636
69089
63295
75647
99440
52237
25627
5417
12950
114987
3333
79199
693
118208
141736
145711
57239
120786
9998
72258
121136
118275
47381
107309
89946
143967
84145
34059
133675
63428
105206
18086
51603
143365
119224
121570
47820
32047
57844
116240
59494
123230
103615
82641
10274
15259
38911
127385
120386
49027
62010
47460
44656
100259
98792
128915
143662
20196
17492
96986
92078
60618
16390
95212
125367
65686
130803
8384
136239
82272
76487
109485
57145
147331
135240
135756
127320
25375
71340
10335
19678
17059
46414
63970
10213
432
108428
65405
66878
39667
32836
90486
82037
143772
77243
77159
92772
23697
50320
4002
22571
111686
8479
128715
121868
109060
60631
45883
37230
105751
100852
82158
8709
74483
36298
131260
29590
131414
71195
11467
82873
129548
28545
137970
74528
66080
100301
100954
28567
74313
37361
63230
94683
102275
49264
59614
68367
43568
14438
104922
25577
97961
144263
2778
45361
133333
2672
63917
12023
36347
43431
115051
13767
13086
34121
134558
80889
106483
74330
117158
27786
42586
82659
25789
51469
136359
116149
138497
126591
61828
13567
78841
105739
16036
96291
27456
102415
54933
87294
132844
41614
145640
148979
140581
97752
17519
27448
106524
61150
97588
66478
136966
33070
114660
52627
47199
8598
25825
57321
130951
124802
33733
144805
121726
124979
45978
48188
35900
15337
77014
90032
91076
28135
77899
21610
24094
75467
101418
100047
51345
40823
23418
31427
3023
93660
23121
147830
94748
23652
19116
40561
56121
16586
85073
4439
113527
92879
103394
128198
105090
24627
85021
108290
9258
47474
39872
8718
105861
128553
142503
4305
96435
47889
115897
105008
42837
77442
90086
143520
50695
138487
65941
78365
67656
146621
21862
148354
15278
140619
46109
118804
118212
149632
31557
140761
53096
39604
75561
96266
27316
128268
104584
99665
46113
54162
126351
45843
26512
107958
114526
26333
123245
129804
52471
35067
79580
95481
6045
127207
43292
79835
49321
138984
11111
13512
144437
19459
58193
93969
133199
93916
93777
6510
61010
104376
20053
149128
96838
79049
50722
44006
111848
126362
114685
127309
145911
64403
33879
88725
87102
91921
88738
26588
127864
50948
148402
99171
134706
127723
99013
66831
52726
122800
22310
146218
89771
44641
142683
14550
101429
50
139125
132300
81431
25120
44150
57086
102562
56878
56638
5120
17406
135877
135585
80474
64608
110469
139201
224
99854
5685
28528
1394
13829
48407
68937
136557
29369
16235
49166
145710
99748
56360
124303
148630
84387
99055
121959
112391
51871
148294
3126
40373
39990
100553
53614
106725
121669
5500
113562
89095
63475
30849
141039
87457
149075
144087
119807
70009
121217
13664
28084
103500
59566
114444
41167
143016
8478
126838
110410
14599
106554
63602
141784
3704
25418
107686
143364
98640
94605
8011
46233
145517
56968
124106
31116
98313
140505
137354
63447
83229
60160
119304
58917
51484
148863
125813
136637
97852
88000
125333
123154
60234
63488
96415
81377
131004
437
17596
39271
21639
102638
13515
28270
91228
29531
52934
1281
77706
47682
6429
48818
32770
10169
138468
13812
39744
117146
90114
71907
99615
64308
146620
138760
8007
146498
35172
23536
141488
133046
11131
123020
86447
1827
59737
19985
14692
91026
9366
20168
32723
46818
84804
104087
8919
33945
21665
9822
61111
62983
55775
58096
87726
105967
25650
106141
47268
135177
72809
113076
104160
17104
95061
17514
138750
92905
130089
84177
32829
124320
84648
70459
63487
91739
121743
141722
132872
8984
50779
68996
82472
42466
100254
3509
38632
116179
129820
57185
13905
32954
4970
96546
13542
103792
830
71543
56930
20544
101861
66833
60136
89421
47470
74938
137311
80473
128114
61706
18781
51432
138582
64424
31676
18800
6627
61716
144197
65531
31791
100568
59774
7607
110757
67510
111812
44492
109104
93850
58170
25354
147059
93789
129368
56049
130977
50090
128842
79288
22827
2910
79550
94089
8653
149700
136635
5447
105053
95718
43685
89137
43154
23051
14832
19447
130785
80527
118693
60728
60297
72057
66638
125561
36913
110811
47487
8391
147191
3796
30627
26786
61997
78452
101665
105238
136767
98502
139783
9427
22212
23452
14775
35118
141926
111034
42256
138540
44788
131619
135917
124022
91865
136177
90396
51868
113865
34016
44752
108443
98652
21633
83902
135293
4810
18854
113098
1570
50632
109892
77345
73378
106749
77295
122673
26977
36082
54287
133492
54223
3314
24547
64477
67655
79054
60861
52114
140418
94310
99087
126633
52811
35195
9273
1398
26554
100520
16420
129314
39842
90206
144798
72640
45093
131376
6389
117282
148846
72635
75898
51616
49561
145440
31025
85997
47236
90718
102021
120246
48649
94290
138976
79045
90804
64617
98583
2917
111241
134794
84160
90083
8565
71364
41086
61896
52027
49039
17444
22400
23820
115426
93626
129134
104668
75323
9005
56703
2185
5302
78850
44167
58339
97609
77877
122599
118076
28911
60459
73481
35138
53208
82452
5901
2055
138396
44923
75056
132656
91723
22645
132076
131910
134659
5309
146706
126704
80386
116062
18911
80000
66799
96149
95561
52740
17315
135086
29195
149096
99045
132359
102613
19842
111062
102192
75512
120249
41196
40080
65456
67451
25387
18119
81873
96987
120252
145924
11100
115036
75080
66921
59104
14952
122951
53237
28303
32251
15723
142063
124376
48147
60514
67234
31615
55440
116400
86834
16165
106173
40531
49933
143514
124549
140121
3819
17454
55831
51273
79218
32028
49304
108107
107739
147497
112919
34039
56948
93684
75156
133726
100465
96218
12515
7730
10873
132444
115542
119566
128831
95386
98525
57945
81897
47826
149841
130500
99129
114091
117447
87498
97267
139361
83936
29580
84917
14996
76523
137872
40312
106523
54331
2296
12287
101905
84040
107782
140795
11513
77495
66466
78538
73638
108530
82944
99502
80424
134791
16025
143836
72726
22746
27173
41280
92262
131434
135829
62037
28664
9530
10828
8649
96553
49238
38794
19266
9229
30843
119868
19873
115519
19802
26794
49249
33124
57568
69872
121421
702
67976
109696
73817
62336
81260
82864
115219
103303
145303
46205
60335
148768
5131
3679
33295
145748
45335
47628
72178
84370
88954
50618
44043
39318
62735
99954
142978
63139
92905
114701
132902
96080
32172
11257
112218
20660
148857
10403
38560
149276
66199
7348
76415
43261
116161
135970
44026
44204
54722
26416
65010
88998
144941
96710
7770
102245
105585
122269
140171
97646
135159
149176
28601
85010
99403
80963
67816
100147
32633
8313
88496
102124
50965
149598
133123
20128
18232
79801
80758
48922
34797
6638
127519
102183
28499
94331
37273
127330
56958
138897
62986
37590
29774
29066
10943
114474
131846
89655
57684
106040
12227
94139
49132
92557
95866
8388
115910
133511
78851
148071
54319
70602
91920
2007
139392
41158
89974
57065
103691
22839
1966
5904
70253
132132
72260
133502
139378
55632
64138
131291
124484
102462
79281
16830
130925
35223
69356
81838
135245
139956
70965
114466
110187
27200
43614
25150
111126
50351
70911
63594
76811
132412
13061
67765
95028
141629
5129
106309
91591
96896
61219
71986
119495
105209
61276
143834
135211
88104
15719
8433
68309
39761
26502
36101
34184
145092
7034
8549
114249
90362
51395
41852
76504
2701
26777
125129
60396
71253
56321
62319
6179
142903
104173
113065
112213
64893
116211
144707
92048
89279
83325
79308
92069
18152
69030
21039
39390
104623
99115
133388
92773
10562
131242
40006
14
32685
142641
140870
125434
79790
23496
34456
60395
69514
25276
95944
142164
12276
91363
113584
32750
82892
98638
62466
127174
104675
71310
101815
145973
141167
138824
106806
47145
86619
96941
50502
79433
127589
61156
110561
85659
80585
60390
18037
69690
14366
43285
27415
93287
26022
98033
10750
85568
48473
25661
135388
27980
48518
52555
44710
86117
111942
50281
118582
74212
56451
83540
58145
106787
145917
46516
28424
2248
85404
106337
132658
44600
10706
21823
18551
94769
86920
30850
12841
96764
113550
94725
141231
55788
14788
132422
26931
50540
131139
146945
136665
105293
112351
6821
17422
2204
149870
120804
98346
25744
35217
165
117563
44713
86099
77842
1656
44531
74887
80583
109316
24767
79916
39673
57537
61119
116731
144504
83788
135357
50104
69548
130861
32988
87422
12356
5882
138446
35006
113213
13016
96136
63123
64208
49474
31127
126470
148246
32959
45103
129729
118731
58485
80021
125433
108671
130781
26252
17783
459
115193
39798
114727
45668
59605
95336
72627
106819
64862
9227
130674
19885
80500
131810
35286
112037
95374
51387
75167
67963
147175
116294
47685
7407
149938
127791
128999
80245
15698
2490
133189
109005
125763
9877
52821
101917
133902
3579
142433
111869
69032
95735
125143
4516
145928
77484
3616
86244
108823
70420
44247
58109
6120
60536
69577
44100
111731
145583
149410
68351
22630
139273
133229
57965
66445
2793
145357
31165
13347
116362
84453
124104
56374
86680
94853
45283
62331
103085
32077
87495
15600
47026
45619
36793
131739
82512
26436
86910
145128
51458
98088
16872
102367
54545
98533
113370
95971
67529
129279
83818
66225
70196
1852
62400
132289
77403
16593
1719
47792
74387
45169
2455
129686
23741
46072
134833
35531
75568
24708
9844
79178
18749
139997
5459
142426
82742
137543
64634
143610
116325
32471
149925
12759
61471
72501
69266
52847
122749
117117
121669
129252
102628
25425
105073
30041
87926
54741
38662
21528
35123
110642
75002
31714
22798
120070
9962
41733
93927
86649
129739
78043
90597
80627
134340
107047
89054
98031
15023
61388
50788
12218
65061
139166
107045
17695
61422
43790
122876
63301
2788
99703
28598
27441
109317
46215
1574
85066
67392
110258
51179
126488
23621
110115
126545
40417
147144
106846
126136
96424
133869
84506
109946
53049
51766
57150
148766
13632
142768
107099
40084
52204
86678
52088
142598
68052
106296
130159
143631
19228
126774
143872
121061
71502
31057
68263
130770
132829
114952
107293
91595
22553
147021
68660
112525
97262
35411
89627
82039
24317
41171
148791
92367
137767
77511
43460
145708
138073
11082
144091
30043
87477
75621
125525
46838
112884
51396
37570
21801
79379
84559
109257
96390
13605
74744
136499
11814
21773
84687
131201
47387
126347
56563
109343
39579
11388
49640
113279
123668
64630
66068
106765
58184
30448
147201
145683
36884
110963
96321
113007
43272
90400
111797
52793
1517
21432
19987
122099
102214
63006
22170
143006
43150
129215
93955
45603
48989
43134
118742
147670
69224
19512
4116
7668
77970
6168
124231
91204
133034
15218
125599
2117
79571
25179
55204
10038
108985
118831
139043
101492
144067
22246
62615
123816
18222
45824
12495
16445
69117
35871
67981
73861
135077
109440
108453
138807
128249
64658
56071
13570
37131
71634
19384
118635
68026
138473
37571
27813
20244
32166
629
22624
100305
104150
39694
43090
183
119765
134010
80303
45379
60647
109835
88488
22428
78066
110038
80983
18555
44335
87254
84406
110238
5426
45634
13199
80504
816
131041
86801
80942
117467
52276
56319
85601
149794
108905
5906
87939
95150
109459
51319
137436
129967
147498
38334
28368
30093
66309
33377
14336
124218
11611
97208
37061
55833
142668
29585
69856
21982
11734
5295
108972
48042
40336
47442
140594
36063
27670
25939
19860
97960
128040
96213
32015
60096
123533
76699
72365
75874
33549
62818
130986
81101
22623
11467
5671
139510
62870
25151
91002
32508
26540
11942
38635
87774
37137
136766
149031
64843
61906
51709
68571
9467
2215
54664
54328
54198
93180
99154
126935
20827
16227
48306
25296
56028
58762
147346
27399
69714
22721
33515
53857
147856
11834
47002
121306
127550
42061
119894
149762
128499
12002
120594
120795
135283
64476
56286
117911
134042
11646
66311
147420
144810
104251
66251
16537
45909
25263
103832
133274
118452
111568
65263
105892
20856
88695
149551
83609
121658
11839
137904
7358
148125
42665
107370
38142
84368
115815
146238
13321
59191
37191
71756
147734
63312
109477
9051
126141
6781
53289
112358
50349
89964
3761
88172
113377
88002
26495
146232
90183
36435
7067
31259
118963
49573
118350
140629
6753
88329
128061
140728
41264
62668
65002
61691
3527
67881
148981
15619
81980
20100
31561
14899
87634
100870
22291
128441
140776
60154
118168
27857
4236
30991
24675
44100
27228
31964
131557
104181
8127
132017
25105
66009
116643
48463
132516
33958
116903
145406
40644
123191
54275
55375
92877
103682
101332
75382
136649
77586
142238
30345
125015
119115
13205
3872
71680
47051
75502
18003
9853
16276
26394
4654
124692
50863
84126
56847
115707
15393
18485
898
10781
12955
36704
140338
1352
67550
22263
76301
144924
99546
56982
82804
41637
51388
105222
106701
46772
94195
136588
110515
110359
62610
80109
79803
24809
1128
129763
79658
77142
17575
106613
58106
132870
39625
83734
31243
74836
13094
19569
102536
85542
76294
88223
2811
54667
127976
112727
129499
115378
49360
73875
137217
90760
62447
140222
147846
46785
114363
108668
93148
100231
50238
130197
14715
32493
46349
133411
44333
118675
69000
100712
674
65251
147979
94544
66964
20127
76762
135034
88374
13270
87554
138560
43303
94443
101870
29606
53749
131398
113204
101311
24769
73560
97204
108914
82851
73253
34771
137438
136632
70430
75071
59233
108578
18156
129316
66585
94525
45762
23956
106795
42550
119808
3090
67361
114895
43940
143231
127464
120740
3749
92126
126895
46163
118100
68964
13558
90002
843
137704
101361
17875
73990
95966
28539
12234
72567
27220
130971
14148
80760
30336
18563
63140
136267
21176
84188
76685
10504
9341
133908
73425
16138
89111
116331
86633
50001
31093
115909
142700
96020
73510
27089
54259
68545
98135
77993
35707
65318
26213
76738
63786
22369
29230
21895
114737
142346
100817
22655
11359
50433
42962
60950
133781
39157
40818
116391
5195
143557
29765
70173
48476
50725
27133
137827
101028
39994
144016
129036
37030
51098
25414
84451
56427
118946
37584
24655
67571
18080
35879
103900
32515
105646
76007
47240
88264
96264
14540
60693
129235
11465
131192
8920
128608
78390
41133
40648
45969
6599
79468
141820
125158
121431
44393
93986
42434
58197
94915
80011
137216
62349
101023
78722
64093
91959
41910
16809
126280
131859
121237
30167
103025
96814
133503
20506
63864
29662
39575
69350
109668
40928
129018
32610
138292
96441
145204
101637
3990
112692
61284
84364
16471
106743
108305
103273
24154
86072
139128
76686
84279
78813
145702
135010
134973
37653
55853
87635
9028
141029
20593
23613
116381
27620
87715
64205
119454
53215
60377
109482
52342
106927
114279
59859
111031
122272
113108
88185
115548
87240
90527
69883
14834
668
30960
129153
12419
10740
52163
72535
86231
76815
23339
6910
31040
41900
143646
121724
10430
76923
2009
103339
45671
40619
6676
23770
108924
95322
34440
17345
74512
142841
73739
148068
111473
66988
20800
42173
120350
70250
64001
141367
61075
17540
145921
90488
46882
144366
59608
48901
10090
89551
26035
51290
98629
49013
131758
49506
131751
28299
59087
75797
146763
81250
140129
117833
30931
136159
85345
77782
126307
96352
24463
69593
35630
34503
89140
43796
104022
19441
26860
65225
13017
29045
65801
14184
47052
55857
136073
48722
92522
3914
97836
11318
91355
91588
36240
11575
28263
7991
49404
30862
55919
146447
13287
148570
76723
62264
53058
80659
98610
48530
91779
101426
148405
127800
121785
116274
107807
81870
61334
55871
94552
73822
75674
81756
51634
78158
141398
81743
60307
127316
144419
46552
49647
135570
20292
89789
45714
99952
41235
55390
106531
4923
52072
5443
141214
96263
137649
7180
928
83144
149933
98421
73921
134105
87836
56162
40238
104833
106603
19009
145354
75401
122422
31267
147500
95219
128474
132835
149954
145616
4722
25207
85617
40798
15285
59473
42910
89987
134491
83679
27493
113713
947
110839
36589
123145
23088
84935
12523
142283
46037
27405
64902
116779
113060
84686
57138
2869
138695
41606
100782
66390
113211
33250
131940
139361
10092
49063
131481
35023
126888
65749
46023
55477
51913
27222
54132
65199
47097
137014
146389
102549
55760
119762
67148
130594
64145
28460
104006
24057
95873
76057
110644
145492
9586
84224
32178
134358
19304
71417
125851
109927
3367
59081
60527
46451
84283
130659
56645
148632
40452
149931
39528
48336
95232
30379
137867
32834
97117
113509
25760
5827
28017
146913
116469
136229
48668
2417
25833
46318
99983
27043
67324
70082
35350
120774
5075
28317
108089
65509
33291
38457
148711
121273
19853
48655
79291
13673
102227
44576
84291
129143
59185
8516
43826
97272
49922
131677
72864
83680
83768
34048
61916
136144
127251
104071
67258
80893
147388
126410
20876
48100
141816
63181
47958
52697
4312
141179
44665
105330
21246
58652
34948
4723
81870
105297
2879
149092
33228
112306
57040
46982
136510
21289
51921
148648
71051
2084
131364
110472
48623
46995
48797
34788
950
64408
81373
60778
75825
142569
22714
119468
145412
121397
4310
136663
22583
10711
59944
140218
70988
132999
115184
92431
69134
133368
94556
24505
108123
141261
116286
76860
142488
27548
56254
39964
36411
72412
53731
125906
127726
7428
54183
18028
53571
120291
112481
83069
141254
88901
22700
52659
22232
73342
11827
36157
100704
134547
109044
53804
148548
88514
27030
66329
45349
132056
3007
116560
46175
65501
14998
32274
25846
53495
34258
138059
77336
135334
125974
17182
20777
105020
130490
11590
5574
113505
39126
12826
59311
26776
15603
149356
121185
149307
72387
29357
69974
4482
31472
12225
111365
107590
135862
54177
23866
71650
142158
25609
20861
14553
91230
105852
69648
95445
5674
43721
122175
80619
111468
110992
23052
108011
134546
14565
38880
65361
98372
31388
134148
100803
47993
30520
18680
58875
149457
94521
127650
89237
22107
10995
84537
147656
112577
36000
72793
54679
126475
141552
73802
106326
92293
1998
133338
140312
134900
11260
142423
133546
34844
120523
16406
102482
99291
135550
102137
21708
31092
4763
47206
11068
12530
68827
92880
122521
136781
115173
97115
133771
125319
15482
84670
100413
111290
46394
17929
141639
141805
32863
60898
91528
61076
21139
90968
46411
83722
82560
65045
34202
114765
42661
75452
114948
121430
53949
93517
8847
95279
84922
22407
58734
9837
88889
17763
28143
11146
125500
35459
109962
89646
125514
39302
146043
102325
80520
25964
44674
80983
110719
80510
82563
17548
89276
31222
16547
144778
115230
57994
10167
106561
7902
73019
102884
131339
41083
140236
46767
55085
63991
8846
119066
66687
49069
113737
97708
62606
126513
86310
9422
22199
14340
122101
57240
131837
94734
108252
49241
10230
98711
114804
27900
3354
51412
139250
83570
73296
111239
79812
103524
132847
22379
61973
27886
43013
106120
141797
67464
113100
148969
108541
88786
31748
149960
42833
43566
146290
68949
13867
46374
112091
121609
63334
6622
46912
139466
67135
95800
129661
98833
58361
104127
57674
3740
92398
87209
78480
132762
96081
89489
131394
139477
99850
69194
98198
89827
143678
35120
45981
18250
67531
3146
8436
105043
42401
139950
68752
93607
55852
98022
100054
125386
13861
139395
43622
111534
82280
30631
149154
83815
39540
109315
49603
7836
7597
128035
32632
95516
2449
25319
71404
102106
77869
100243
55456
94221
69271
25424
32584
54814
120673
109337
149139
120671
110795
107646
52002
84601
49541
149160
109682
147471
6935
61575
124884
25674
40071
37559
70053
42791
108850
44518
32206
140572
27021
143300
104980
9230
132670
71027
34793
28648
3911
43259
32405
125662
113655
111234
62373
115734
105396
149662
76586
60494
21948
3021
140561
100344
15828
105459
87257
55201
72473
124670
137771
96697
2230
58342
89546
65295
64278
107754
121098
38268
53202
134216
92655
15850
144701
97279
50429
135310
130153
79395
128735
143030
84380
25446
16504
47492
53306
48046
50110
46811
102909
92952
111903
26991
77725
31274
4442
57514
58798
16526
83428
16665
136783
63308
53320
117822
137847
82139
90844
81656
129205
48925
57370
148649
79541
140936
139417
122679
88700
138635
71854
58131
33665
45439
91767
78221
136009
87438
144493
110180
124236
78162
16874
2635
145414
2262
105301
16262
30537
144440
60273
116314
112756
22589
10121
13457
103137
10998
81554
114943
101800
62643
64059
49308
18128
98522
13688
70785
144603
92972
100516
123359
46249
21345
17752
118382
95232
13154
59177
31578
138417
86757
75362
113164
133177
43488
46685
96542
17757
45501
32246
145016
64918
54816
44652
12720
102821
95684
136334
127382
48968
113887
21257
41981
107679
104688
125811
66449
49486
5430
130440
57301
42064
131172
128778
140737
110438
59002
99927
143907
3590
59525
86226
18569
49386
55463
115143
80978
100737
8514
120186
31099
86236
137853
87944
99772
74581
74386
144020
118632
16427
998
143719
90061
65511
89596
50276
95377
41721
39389
5397
32211
121278
89344
141072
24531
130028
122770
140299
79333
104325
128414
24001
64065
30207
137899
103239
58786
49206
29536
111210
98571
23119
26771
4267
130115
891
137947
97784
32759
114268
133801
105758
149651
46759
129951
139494
94807
31311
100108
7415
38077
9713
33991
88831
90058
41164
68347
92118
792
98713
54538
65764
46602
118640
116230
126822
145123
122491
108249
71531
6648
149326
58534
27954
140063
108690
120613
126424
109781
78129
67962
144836
117383
122526
125701
147607
141369
113976
96623
67923
62645
132865
44585
89634
93503
111257
119000
111773
103294
113883
110949
9749
48296
31100
971
31772
56187
23415
98683
82256
53562
15932
90244
13584
113057
55972
19254
96579
58076
109583
57207
17952
3457
2676
86720
68396
65051
64501
98267
27622
133701
112418
93918
126803
121538
139173
47839
9242
27254
32735
49525
32341
64809
44966
19707
14142
85395
50785
145039
34911
86100
86051
13234
107127
122065
4714
91668
100466
54227
63004
72052
60339
148614
126645
139729
88056
119169
67389
77091
17453
72957
90130
42788
31681
84673
81161
81469
59934
26105
12409
59750
28299
56348
143645
7599
98051
26136
34377
42950
30341
83394
61637
3161
56651
122294
57666
120572
36300
118998
137628
109921
126583
58412
65698
90127
107228
77352
51771
97428
141504
129061
85201
119908
33123
89024
33784
61123
59856
122566
85790
105687
95569
147659
104227
99679
70654
23880
67394
36935
79167
123349
117122
57854
47799
18502
107084
90998
35568
94442
132916
38826
32490
11449
73024
8639
84558
15715
101659
85415
82519
59801
37574
96247
71518
144295
126924
81238
69932
95998
12845
8959
111312
105195
106064
41853
78763
73519
134403
96669
6965
126266
729
122935
9357
113546
107842
75617
143425
61571
92626
80047
47116
64847
117936
90349
132877
64104
81659
122467
143921
57100
6614
102986
138386
37070
117696
114701
29128
149273
62476
9914
113285
7529
57335
37130
43636
55276
53925
84938
97484
19179
72526
100863
1829
118236
78414
2110
73930
101546
31438
22640
57914
142840
87207
98984
67066
141534
24910
138871
93445
123260
135869
103991
126030
37964
91421
87464
109759
10528
93518
40166
37974
90097
96878
131009
52837
55697
72200
33239
88908
115038
47615
66557
50354
119970
15449
125000
50214
98690
70676
67445
66537
5629
114183
118999
9471
86907
37659
128354
148346
30446
103829
6708
49402
117044
97711
107329
37805
103232
77735
40144
106284
66496
88557
89491
9777
137841
55392
149286
22593
11312
69674
63689
113677
37744
86664
88817
58648
48072
27354
2290
7518
71832
130749
88506
36746
80049
148683
88050
47390
142854
64172
60060
126873
60208
91516
4051
111858
95151
37329
23733
135789
16167
79097
84044
46351
142300
6761
146383
74950
107632
73660
147776
114052
132004
9709
75753
73087
43179
9185
128892
40043
112095
83655
89899
140458
54310
60773
54146
82834
66810
27302
103227
88786
29312
18010
126129
115149
59549
58670
34270
40453
117809
37151
73716
13126
87803
3601
73287
144788
30477
46453
123156
78912
10433
42354
15511
123697
104813
132045
118527
119968
145322
44535
128335
62904
140598
7484
70161
73394
25364
86938
63713
20236
77102
9502
40801
133843
30889
90891
96183
82889
58937
65084
7631
87672
31865
87807
43201
129379
117346
127288
55263
33688
73513
76222
97676
53349
129049
50777
105953
6509
102703
66091
93679
117849
30610
36317
85255
110232
133135
117290
47221
140807
96501
78747
81724
26813
97156
83579
1330
146781
114650
2941
86463
88074
75869
12362
27457
52823
149862
110389
59610
25211
125554
133585
138352
57846
369
130401
148486
34945
25071
105666
79926
46616
94802
33708
104112
18640
78993
137081
61909
87028
19127
141538
127770
24026
22559
95915
56968
49457
144497
28721
11840
74697
58752
10524
9894
124645
131379
121122
79700
13073
47385
138114
1620
123238
93834
51292
62186
2765
118745
15073
57991
140056
69446
47242
134507
68312
137503
43269
94271
52650
108103
97768
86078
15769
29609
29253
72804
141740
122018
88463
95493
121519
38253
23783
19048
118151
146330
131979
72433
70229
60324
51269
143020
51266
64419
29736
107343
68788
67412
37699
22916
43227
141951
103873
104993
128059
9266
2161
58422
102494
72303
2700
90918
121627
18763
147454
139710
94738
151
130154
20342
80387
149824
80276
96081
16847
73315
143361
140485
18201
6740
45553
114193
75893
49229
8808
43516
52185
149365
78474
148428
85111
32371
102569
129784
44218
147701
32358
38648
134778
25420
7718
4388
32619
64179
135597
19518
148259
68499
148877
45737
40667
97080
101738
92915
49814
17099
100037
37069
77344
120662
102417
142985
54834
147728
148230
89534
83380
85531
51177
99543
113627
149
136706
52243
49408
19862
86092
130724
119769
63874
112662
130662
99303
52983
4456
10193
87898
63800
116896
47726
24987
35298
124983
134041
27658
83409
47704
22507
74174
1277
95411
137532
88579
36114
29573
76563
31637
14072
32497
85912
20490
35808
111588
40414
144423
59752
147781
119329
93411
140184
135477
51851
113932
7438
126498
51789
52302
145608
141706
106199
95740
97330
91551
86771
43347
75254
123259
5858
56968
149221
118387
106439
123915
80570
80550
111838
82728
132538
17501
94535
59294
27580
75105
104919
70701
105384
127216
92176
148197
52899
24577
75072
102706
97088
13725
20248
13356
108042
8960
38897
28979
57814
102347
142297
33732
147009
68927
107596
127517
126236
34039
47463
88296
70317
13732
75103
9339
34419
95986
55737
51452
142515
11034
131868
101687
106508
17928
124847
108700
59845
105484
7831
65196
59478
47060
6979
75196
20011
26454
87776
86881
74771
66119
68405
108036
136119
1501
7150
2534
35689
99078
10240
5638
127965
127344
27484
14231
1058
121916
138504
56875
131454
145244
132340
12801
56919
67182
114984
99462
104163
13734
149074
96099
62309
71055
71757
21349
57011
106652
30544
65152
120299
108371
100091
54195
74175
100978
147618
101533
37689
141912
93666
107783
146200
30027
49170
113639
69678
116960
13394
64969
99667
147280
46328
86744
125804
52320
123346
69598
11817
22171
80961
25504
71217
129139
34744
106322
132885
78799
12897
60242
94637
27269
87864
45758
48535
119140
25279
130122
22572
142558
116337
138060
111375
30821
142057
131284
120082
83938
48971
141205
104092
116657
73539
81203
104583
50887
57645
112967
103931
124616
67035
9650
115223
100643
21648
96976
132668
59649
110435
38054
104278
106476
14084
38431
9685
71965
3756
12316
91396
18715
60859
128404
46531
90835
8519
16651
137449
94587
72403
67960
3687
49035
16987
27952
62181
94466
92471
68645
119607
145051
85436
30664
48352
142296
146772
16186
98295
141461
94997
16667
1899
9163
140106
138896
67805
65981
144374
97879
76349
116265
81975
43047
119859
123016
944
87832
32998
148261
94219
59977
101794
126547
126907
86069
149375
30204
22583
17861
105715
25515
42673
66719
93504
120192
5321
106948
81484
94397
100949
19505
80291
95765
79318
34523
30658
14409
53134
124109
79910
87775
114801
112127
47182
1081
58708
16359
31770
9772
23223
103902
3409
21761
130481
120502
95819
50346
135997
78001
26019
81350
21036
61605
141584
79259
65816
138382
88015
109346
29650
34215
69399
54989
137784
95767
91194
75438
77488
16144
14624
145014
61071
82416
59264
81706
43505
15087
88331
49004
56540
59883
49714
40132
133437
32145
21054
26756
89264
32043
57370
146926
65267
66838
92920
127857
87447
104102
95327
26240
53216
145670
31780
103271
79735
52171
68193
45080
127489
67691
50206
9522
115385
29673
140607
43459
82459
145574
123261
137925
60777
137040
78296
20355
103124
36780
106681
10606
141065
60224
117476
24900
143504
142531
82141
145032
52839
1109
42947
43542
120101
31252
104827
43205
31369
7490
145992
80131
129257
114032
100846
67956
82178
90887
107561
5969
65143
306
15765
70469
97315
121735
16092
100321
8109
48676
86510
51824
16711
97173
145150
64002
45196
129563
52705
132561
86622
70837
29443
132582
90207
110064
104040
130068
46628
47729
91859
44809
121964
132421
57931
102074
16724
141559
80540
82056
29835
105433
42500
69304
58785
100057
103205
1820
92385
111025
50885
58857
112342
61281
11672
123814
88121
81263
62108
11337
125400
64858
132121
137937
53217
131992
73127
36354
43388
45667
76869
149137
76430
141896
131512
13340
33066
111469
77710
79942
146896
4449
57357
66218
103064
67622
14110
68596
115944
125318
54675
75760
18304
66863
128796
140030
67570
60011
1344
144000
31576
56449
8899
67277
66488
145647
108501
137600
106584
22201
77785
774
77060
111638
60487
15597
57619
50011
14449
49008
70063
120901
33962
112032
80543
64524
23829
24551
10887
119238
68330
83119
12199
80457
39396
125805
63157
31842
7624
131643
45391
42431
120199
84713
53692
8614
59974
44155
15838
32058
22315
111283
1836
57228
25585
117178
137170
68848
74471
140782
103684
143031
114354
79425
134732
109899
58254
87949
27862
32363
46166
116372
125580
148513
25293
66966
100691
24251
13036
65349
38883
37638
19296
87588
44616
61502
89296
1462
74154
56187
118344
16639
145273
46129
5978
5128
12766
19533
112366
127522
138047
116112
38045
110812
91510
73163
105
18374
136394
14677
149318
51815
33851
142452
2242
121005
85107
108158
105871
3606
113292
63546
138678
53508
77398
78084
146404
82080
16201
140284
78610
18494
116027
130519
18719
113248
2671
42506
123855
43512
86956
25264
4330
92544
86293
76697
96980
12676
34053
113686
7843
143922
40557
75633
88053
4873
98010
132043
140292
14680
55244
137305
27853
77700
122317
103846
19784
135560
67301
117115
21304
117257
51897
40598
34110
68192
123759
11896
133853
19353
237
59027
11653
2640
16377
118045
31516
89679
14324
132204
52641
31618
128843
10317
58811
126260
30458
107410
23828
32169
42995
88836
98351
3808
149913
148551
103751
149625
104691
73586
142703
143118
139146
117793
89893
11984
97058
134574
147697
6021
26426
100610
122990
145479
112824
47714
115802
1696
100456
52312
17903
135545
82646
65097
128641
85615
60990
54673
37120
108739
118548
56340
32806
97503
41270
75288
108676
147230
10531
145901
147355
8819
147214
88151
64167
25861
57554
88454
44675
113839
88288
1790
69038
130710
108340
77010
11786
6361
4395
23626
77183
28570
107079
99993
48617
13925
62113
19861
21557
82737
55801
24366
83209
147293
36072
122053
79683
4972
93156
66301
124581
147614
6532
144643
36711
102042
95008
106676
60295
103527
93866
142647
42548
26334
23079
50424
147882
35728
26298
70564
80769
35318
133765
101582
43140
149682
90202
148740
56040
82051
30072
84678
76805
139261
133178
103853
146021
38506
18207
37322
77941
57227
105296
106532
124638
113004
98246
34713
110159
130281
6659
101740
48192
113353
24744
56199
17669
76741
40727
112814
148446
127696
71149
49902
105300
55785
83107
17465
89161
16684
122282
104185
29353
44033
72278
72346
93488
16492
67167
122348
144023
82615
101886
23142
94564
143943
49489
9640
19949
104626
138159
35916
79198
146168
83507
129860
57184
54111
127201
94529
75857
69709
110606
89924
17884
145848
60371
90009
118695
78931
105048
25262
31478
6585
143355
54387
30199
34128
95217
139895
128886
127532
129240
147873
96394
130970
71884
99199
16279
137627
134231
134424
40186
120734
144951
130023
57868
69850
70041
122469
101693
1445
99057
6017
23072
116463
102235
38383
82816
14667
113529
20619
68084
64799
51767
37606
58872
78825
135622
41604
62091
36492
11977
18995
77718
109047
116629
111419
142394
36888
145619
46085
105826
104725
103241
131682
67184
11926
143097
148775
19764
131561
10209
144580
111083
74196
78636
39828
73501
143164
13598
82424
27101
63119
86449
149870
39412
22771
89165
115844
26755
76545
69235
95022
26501
23125
102748
77958
30799
68654
49049
135322
113483
26591
90632
58903
798
14277
30228
141104
7092
54889
69198
92416
89224
109497
110488
29515
21469
146932
88361
21559
138014
13748
2963
76137
20388
69381
66433
111944
32030
76156
85852
138388
76355
55133
62591
106729
140009
52964
35173
37350
48696
88029
14969
61494
110958
123396
99031
110864
135800
84135
130404
89016
92336
110177
118566
147876
85368
110453
74903
143720
111752
141272
57614
84261
120570
134465
107941
27905
114356
83294
72688
19208
109041
31542
59393
107895
56623
46530
41
51197
13581
98394
137551
95859
23561
103986
6080
86776
106047
102423
133482
97312
749
39002
109774
45021
105542
67566
26583
103445
31858
24840
128043
51038
120626
123527
34068
53611
148553
138981
34687
147771
39312
111231
37834
28244
101372
61752
110123
72757
147493
7852
806
99722
72399
65544
25028
1359
64778
85968
34469
50129
55510
36195
137131
73311
70537
130095
116917
45457
19474
50182
102215
54342
103935
115091
3218
35130
106738
97037
53742
96063
81031
2386
11517
76306
149216
54967
98969
79024
137761
94946
85893
82479
8385
14174
100813
14282
143192
23507
125542
8888
29329
38912
44361
20782
33154
21312
70640
24960
11212
127304
44694
77307
103732
80531
92417
103432
95316
149340
17191
25962
10142
103154
74809
11924
71362
70542
19355
113940
79628
119922
131769
59473
99105
126354
98452
12030
138512
11495
33236
115846
118404
101839
5729
62716
18720
147200
134787
65054
87222
59882
36456
119789
53195
107514
992
80378
2453
36252
29166
115995
12711
124535
119544
47835
51553
145176
69911
4337
112461
144493
140596
44838
15208
63222
136512
93699
47810
95040
145660
70888
61131
87011
134779
93003
64590
58943
46111
129576
107505
76281
112197
102578
146591
137176
66157
11400
100541
24748
8356
128805
83068
91515
147985
11551
146801
132065
28452
65116
48744
58607
77228
30867
71240
133805
104075
96284
59804
145142
110704
125227
56508
6563
113610
47059
33098
61563
75959
128877
10788
85458
812
82570
81254
9770
16081
142646
79105
46170
68923
146399
138951
105429
127258
45159
79860
31332
114459
6006
143822
92282
44851
45449
124330
118246
119065
101032
20459
99150
20625
25479
108970
27009
40764
10483
126549
37965
3668
6871
39811
97956
109443
103389
117268
143182
69168
107580
19805
77661
22157
58757
114190
92129
43731
71745
62798
57334
1215
131778
121016
98935
98151
132175
49673
127860
105619
120826
109648
101327
47316
116780
73451
75643
109845
56895
7815
2473
19921
117598
133826
101293
132521
22477
70998
31945
105378
69386
55500
100130
113254
64420
60573
142674
11085
134360
20637
50063
104560
147582
140518
131715
53123
128469
40873
116898
67365
146293
132805
62593
26418
77910
125518
85129
142564
142833
122638
87185
139163
22643
12642
37099
6838
15281
30100
33082
124499
88003
23532
52236
27419
143473
133907
115251
72227
82264
112815
88468
69041
122787
134070
13765
19477
93379
30452
93008
104625
85045
106903
108100
134844
148472
61772
145750
125768
70049
58628
627
146127
34901
103020
99330
38418
146034
46477
5281
99668
122084
86446
123890
1991
14608
144764
65123
80184
94981
60414
11816
124091
55243
52096
95925
55977
52886
128248
75585
121508
40149
41483
63084
69818
142707
24125
63394
62879
131055
83171
100018
39511
55187
113315
87284
69966
135378
109195
17256
44395
141966
121831
104319
50266
29535
95372
1774
125659
126224
55625
23895
8472
90358
83906
126089
23254
133926
43684
6759
42004
38523
76866
24425
105115
59317
26118
21748
109385
3611
93388
118856
308
55549
114262
148913
37439
54254
128972
85535
92697
102952
68361
63330
141069
76549
116738
138596
142783
67879
140057
21079
5322
53586
76769
55311
20895
132587
57234
15641
69992
38825
107706
44268
3418
3348
82629
16430
114007
59424
19038
15052
3081
63234
104348
89475
83344
19763
78139
92202
132779
113722
104
111684
109849
14775
126306
29291
102521
24420
29248
6022
133234
68926
67724
33023
46576
119064
42435
64569
20107
121495
23640
61684
40396
131974
45471
75147
83748
122581
43666
59619
139508
137139
77792
119763
110218
121860
74876
74783
33439
20357
97483
19329
79744
97894
91244
40761
35274
111063
17793
53734
4044
8374
144163
65321
30190
13922
28342
133901
36412
35880
94956
95628
18411
67911
116868
68835
98779
134215
106723
140367
68826
112174
103558
17014
108470
288
29381
58350
140510
140188
137099
44506
37955
119332
74082
120349
97326
132626
47508
84854
113910
67868
137652
42481
52615
105253
22323
21732
119988
102283
75987
102849
129603
92850
8737
21516
136184
146756
135972
130879
68738
40134
44764
132775
81083
89406
123576
61628
36637
67543
25103
1587
106753
90888
83356
144956
110053
21068
132898
40586
67998
11305
42878
25839
46132
92519
20715
142779
42399
67424
13423
136485
21775
105399
48433
137926
100430
101944
15386
34769
124634
104533
32908
88140
134115
80262
44578
70236
117942
72235
29499
51916
119363
79808
134740
145268
104636
91236
106985
145605
142119
99401
40862
115771
24269
84869
73935
30733
67
79174
34830
134888
139737
115017
89459
9205
17600
119594
107113
27062
22432
26429
131440
77797
104973
97984
46236
69936
147594
32869
94118
131012
32365
115225
40236
107506
85834
56614
127934
103472
90919
90693
11332
30512
43362
76635
100404
105477
68009
32783
99265
45078
86917
28652
36221
43541
135127
4949
131063
31846
122304
76067
8170
103069
40762
85945
102311
65170
26627
35847
106071
90208
127584
38569
103847
16452
149414
62282
6439
110821
51704
146717
120676
1492
54510
56760
43922
139488
35299
70831
103765
39148
90505
145333
129976
109048
47548
85318
33430
119217
98468
50761
40288
93225
125869
146700
40316
130587
142415
9241
51539
117008
89126
56610
71150
17396
64443
34260
117119
120843
9554
68650
133421
9135
69918
125182
18949
105720
105474
92585
3504
25589
5572
2543
105844
39183
30874
111455
91889
106731
147195
5673
102414
141988
128024
103030
138783
138530
142011
88542
108073
106485
43641
130363
27110
147438
2680
83455
101977
17577
93780
43129
15011
72101
12371
148652
60155
103453
57913
91155
113991
22416
37374
30468
4452
100827
108777
8342
39539
53964
145405
149480
26610
121903
32383
48546
70001
129015
51165
127335
129493
100861
144543
111046
26201
129614
123542
98749
5515
36236
122795
95665
64200
12391
69254
121478
104528
100163
134565
98332
57276
62830
149177
44295
68884
100760
37446
138660
138873
91638
86526
9608
75453
123303
23417
18802
56804
80344
119733
141246
13499
19384
57180
56602
37985
37284
100630
134675
19846
116710
46563
26783
28487
95083
6485
82086
90400
72920
74109
144558
42712
34600
74091
11283
27818
18277
119904
10923
12083
68337
1442
101410
25699
9596
11880
124336
109637
74797
69695
120813
127467
70312
106582
146666
63070
35242
62033
94626
27485
89138
67593
46213
64406
84948
53146
56836
41697
102868
48890
81411
146418
124473
16436
109273
55739
125980
71409
146970
90894
110557
51168
14070
8105
57037
83667
10866
135334
92985
43412
33736
100022
73857
128316
88574
93098
57967
90329
5424
149442
89102
28564
8072
77976
36900
87964
145954
118540
96396
120041
67692
24798
45808
70492
23509
33192
2191
65600
86935
86733
37823
55429
48936
139388
23144
37757
113043
110667
49338
148022
125520
135964
2893
25436
103826
148457
28468
16413
24475
22339
148378
59910
142120
134247
114180
20563
129033
45594
48286
81746
20458
114360
36768
36988
134781
115145
115227
110558
17218
145000
142958
96462
97635
22603
45901
11881
32957
96788
7750
9006
18367
129444
98512
109478
104225
48465
63245
140109
114754
18066
34801
21442
129711
8814
121549
69783
103505
105373
105334
93663
71552
38000
75614
117223
41936
9552
87465
1947
2514
50357
130418
98088
9466
14614
77210
109419
72558
95739
113314
27292
45952
101198
63647
11051
59022
1312
97729
11105
101046
88106
33343
43865
147062
78133
60395
109130
101665
92747
79101
18189
7296
93183
30589
101197
143285
3048
63472
106720
67923
94019
91673
144541
96561
149612
132320
41960
82240
140991
71661
99276
62150
70985
97795
97291
81162
49741
97126
26728
76157
106356
52245
106875
52746
124513
54660
120050
138730
3938
131134
38519
76086
99490
17301
103688
130252
44385
130699
122044
45755
94090
136241
523
62616
141700
108702
138091
149552
87695
146412
137694
2455
117090
51935
129594
20862
20308
57774
30858
51177
135423
149793
63535
110245
31034
93216
5771
59351
72603
145166
67516
41217
37637
115983
99861
36425
50520
28086
70717
25117
54261
114017
57860
145180
41472
17729
115445
144717
81692
6292
122576
120694
90905
97592
107696
28633
89871
53786
54245
129701
55975
86358
132603
41220
130558
109616
103857
43839
88024
139909
149835
60884
121045
20362
102120
11037
57342
134572
86460
102799
123459
136809
61034
130043
129663
85028
30096
123596
41909
80920
131933
101549
47579
59177
119373
111422
85500
34491
32828
95384
114944
49731
15240
149691
24951
92963
85690
97386
5809
143199
2771
126385
123623
22683
15808
18486
147958
101742
68625
115735
18928
70935
34808
60932
71285
134284
52981
71107
69590
46315
31304
85642
122075
3627
33486
61858
39147
54366
76517
69325
25072
103145
3007
122273
72660
53526
15168
107223
32641
362
134741
143429
147543
77685
86614
11641
36129
61444
127850
103171
29033
145179
70458
113898
84747
69658
64648
124767
88493
31017
110854
114600
107571
30556
75981
112524
100734
85342
140460
122807
92389
16117
51152
104933
126389
28859
147130
148248
36061
95572
11125
149209
41366
121552
48034
146034
107115
60608
26115
52258
149418
85741
107526
76003
74331
29768
97756
32162
142368
11408
97482
109145
107092
59799
86275
102843
36126
76330
61589
56404
61432
62628
46397
17078
20353
37376
91364
67034
145156
100438
76814
78406
135945
17336
95547
144084
38466
3826
44988
43385
60635
111014
16096
13450
5876
139447
12320
105389
137038
11286
2820
133052
33267
106181
26260
73415
141562
131050
53545
144077
142458
66993
14901
56716
63849
61177
120929
136222
111030
69747
112821
142407
47425
137351
41579
66712
87184
137669
122560
41085
95785
124632
11910
102457
16530
2888
35838
105527
126295
86407
13484
21473
68007
112805
118154
80767
795
67785
20948
83641
100431
143259
54677
140709
5328
87397
144703
39136
43309
97236
12473
28028
126488
112987
110442
57500
99899
38400
75745
51312
7743
109423
8559
137568
71664
145074
147798
104277
90201
147444
32023
63367
54250
6126
32918
137324
12529
5319
96675
2756
119735
135434
146665
5653
36607
55898
22445
89495
147011
73017
65193
1324
62082
64081
114512
67348
47388
31338
38908
52649
50114
19446
84931
146367
40064
120561
44575
134887
107784
99492
20240
106499
62949
57569
9974
2773
29239
54142
53189
125058
35465
144200
107374
64357
135604
3657
85400
67222
99811
23690
105782
127345
78707
50915
335
137857
124304
49164
17637
43932
121162
100516
31059
104957
111981
80295
34911
45718
124256
47599
106535
8315
27590
49766
73008
12414
14376
25139
115822
138963
11688
134448
38453
33226
86952
93788
96004
60524
139936
40840
59395
5537
34916
40148
2513
149333
66497
137404
17496
138291
18059
89809
129807
87225
49942
114611
140005
88279
142983
23407
125837
66075
101701
99303
64848
102009
18521
101086
36059
72000
70659
83600
123229
75359
95213
18118
130800
27266
142013
119512
120135
44632
43226
127723
12757
36261
131456
33084
108707
126513
41377
137710
91407
1632
53631
85023
74859
140661
108409
144669
136730
4991
48902
128664
471
135437
113565
42525
50885
68081
144129
102439
121974
38823
127995
132360
2954
14724
50358
77169
119589
55091
32730
14988
121881
46084
58771
42869
127526
71939
6270
27767
45685
40107
93210
103143
103998
18806
135186
137810
6297
51468
43053
118356
59791
140340
8945
31114
29328
47353
116656
147756
149032
87778
113375
17360
65745
13364
15133
30013
9476
111426
74519
87790
1009
84550
96790
20514
106967
34168
57933
71263
1543
26834
110425
10519
18044
37886
62653
83572
65375
131498
112143
123172
123097
54324
37726
133472
99313
119713
113153
60678
33593
14984
138510
139594
42078
6027
139961
79914
54154
44813
143622
7437
141775
128956
67053
51602
6488
22951
101519
129590
107611
43847
3632
48920
88111
105467
112176
32746
142241
99527
112126
131892
115204
94741
16602
138444
131141
21301
8564
123534
24612
53576
116690
1133
13055
43601
127026
102962
145868
27938
134167
40302
149880
89373
25461
90186
24236
54874
74828
65121
38259
69815
50449
845
129333
137431
9941
9006
66682
2451
83712
109528
46641
136997
41359
104715
97896
115288
72844
115024
16715
47290
61504
32558
61234
104894
18583
21252
29671
143111
73001
64136
33933
148067
55531
66599
60064
110501
139650
81776
105778
89848
146252
41683
104633
33120
67588
14587
38831
92491
102755
126486
53057
10367
24510
115355
73003
126635
116520
25104
52561
104974
71603
147437
38364
70921
13246
72388
137338
68771
109128
75865
3920
65188
26251
68415
143428
35944
7363
50434
68666
18819
121810
124508
113059
31709
59368
136343
105076
103917
121825
50037
100615
3895
135953
31647
4526
117926
10343
126135
98094
3226
39592
50336
62293
87774
126360
121287
88773
112327
89072
93570
63205
79030
69189
24166
131318
114495
89692
139549
142275
116897
44387
1223
12795
104734
22663
130553
74086
27899
12471
16968
58083
41302
55922
119251
5943
143802
142409
101225
135996
26149
31087
95368
60290
145890
111107
80778
137187
109441
134936
103426
31831
43041
13993
56283
46005
108521
101593
56940
132293
115367
86905
133642
137806
135460
94736
23049
53770
26878
143584
42448
141058
108645
140214
31605
78427
35112
115751
36891
9759
37336
42439
138371
81471
5269
25599
77230
131786
124536
60955
113537
80312
128907
116824
72703
108913
49434
64831
9682
49829
83962
80793
104646
30404
116930
42507
14765
27551
19588
105795
107388
96189
57593
142780
95349
127079
30706
81238
140070
136704
139556
118722
67864
137012
59150
18948
34649
58286
143196
19164
149990
68647
56440
31313
127765
41195
103139
55185
137147
61201
23471
72700
101449
54682
30918
31113
94500
147996
10893
111450
140915
131025
101975
56635
20330
51431
84184
98615
45942
131993
89400
60003
132185
26278
7020
2983
33266
33564
89059
124783
49453
57155
39524
58991
19666
14412
53569
91883
61822
58427
41740
142154
13336
111269
31381
46296
45778
149469
97600
87410
64387
11328
70212
46162
94315
67107
79471
29056
97823
38319
54904
12826
96147
52540
48284
138223
120961
41494
62449
127420
113401
4713
39922
972
113711
3100
77657
39067
18085
55554
45430
89179
58625
53319
39789
132431
35573
35727
5920
4717
77239
4670
120955
57508
129883
47391
140236
98341
31389
143674
121668
137947
133280
1604
11759
41817
113262
31258
92415
88894
63980
88019
67447
99510
54588
94700
30575
83392
30884
26953
82637
26526
57801
86955
76648
49267
8820
37345
93245
40817
94918
130056
83387
46924
145387
107402
116554
6627
71644
125754
4673
82280
104943
67239
114101
32376
123347
111368
144658
145313
122627
97303
42190
141964
134139
84700
33917
41412
52842
21964
6091
4007
70461
51224
23457
19178
1680
57306
146316
92433
86578
112
137834
24449
44647
98040
148433
65860
141744
60784
30549
139471
41874
143042
106054
48639
55162
107202
107014
121994
96621
56904
40545
105448
98805
109153
138885
7401
113270
55135
115035
28134
124140
44290
32319
147753
27777
10183
135184
21377
117638
123389
146448
130338
114171
130125
77298
42326
49753
22676
2002
148896
87241
116483
63348
124841
40906
44614
9642
134581
13677
8162
13927
79102
59004
25574
44408
108546
125306
42666
70030
129494
94599
62772
107072
135525
84383
96141
112498
89737
101718
133404
58082
40835
127875
117554
80708
90437
38301
19924
54265
45168
43662
101382
101609
130568
84312
12959
110233
7039
41491
76871
50243
103754
91263
135160
34132
46251
106188
77536
72213
53440
107872
43169
139882
102446
47447
1517
82618
144864
92159
71220
70070
6370
63772
40856
98492
119946
147587
142797
13385
45320
137151
94861
16320
138706
59471
38565
71494
49502
44036
30790
126389
120308
49600
40897
118226
44532
62147
140354
66683
31482
2166
136884
130841
142081
122378
142927
100759
24551
35153
125536
97640
75080
93587
27305
109751
31106
67684
3589
54696
89487
16059
90378
69583
120080
68616
57102
107483
109224
42400
148703
137268
118556
78743
133255
91714
140951
7933
135673
81981
27936
57190
81966
34325
105295
72542
104705
108839
145106
530
33312
48062
93287
28088
85684
42707
90172
78748
25279
47837
57320
144775
85373
2207
431
37435
89538
119004
135363
2894
142026
47250
77765
82932
32781
95277
144271
28087
51133
84882
51790
86659
31834
149652
52107
129354
44634
125475
60376
113200
6233
63079
34252
40826
11844
63680
45177
105705
60717
90152
37984
124328
127189
127618
135764
92814
121221
16995
133830
112449
40947
86820
11573
144656
134307
87371
101670
8537
63128
43081
148551
419
84175
76886
58325
63637
17715
114928
141940
108922
33848
44272
71157
84945
149226
121353
120656
118947
76746
41501
915
121835
48822
35272
18375
105502
101214
121645
4282
23819
48294
24237
81744
50437
119522
60694
146408
37970
79606
105292
131201
101235
95793
80939
102572
78679
71515
61899
134126
32627
149663
24763
95990
71111
3252
552
112617
126898
54107
126741
20712
92481
87783
60726
54566
83412
40844
147247
121840
88891
145065
110298
142774
56041
80359
47866
59011
12197
38301
141045
56473
6267
128457
104748
72289
64017
93745
4260
50707
146409
109693
92555
44220
141033
95857
108609
138082
82290
128088
117689
78543
26605
46696
99994
79276
40831
11762
61850
102166
70111
137687
69573
111500
8333
97350
28359
22608
12751
99796
113865
73404
20291
41814
25994
41506
102086
20322
9593
100326
88182
121383
69034
50897
110096
8801
146191
96134
88988
148347
32839
43593
42478
128160
133463
52745
111019
137670
115441
95984
70618
56742
88825
128435
94663
54965
147412
118198
40245
97981
1042
16572
77802
115468
113488
32077
44916
106097
118505
75527
1434
43692
87725
76195
108878
35277
37162
118112
59377
86235
127649
54548
28308
135700
76079
137365
56854
18123
42499
65234
43264
80272
147049
1714
69656
101544
93384
34212
141842
116505
62769
13341
56231
133683
28136
120326
143087
133985
129481
62099
133515
7145
60325
110306
21827
123767
60989
45699
121578
81052
25740
93676
96787
65373
130482
83665
28422
30851
113567
15143
127365
53572
111705
18565
120241
62462
140780
25187
142457
143171
24005
111896
147683
147844
130885
81449
83485
134524
67229
67063
74079
72620
83418
82374
4175
137729
119324
6337
49377
127675
20664
34803
7703
32893
89049
42896
69157
20255
141201
56057
78811
58522
77905
123210
17898
82774
123406
140077
123046
103190
122709
100468
145998
36109
136791
102021
113305
126194
83449
92338
74444
134793
30652
29
122949
78972
18557
7513
81655
51696
120028
230
35691
48703
7461
91398
5615
34452
83425
142335
133243
7853
12129
108931
34692
23047
8541
113531
52072
96974
77879
101230
86322
59577
146753
98838
121103
11790
9948
93732
72836
37848
81936
140869
62672
69879
105564
8797
54714
130452
130210
108663
35658
93138
75804
28578
37902
104960
61393
94504
4938
130952
75010
98707
94908
54114
57523
8942
97401
18662
19413
148015
53679
73440
48232
88081
130757
47383
84728
63932
52976
141116
70180
135400
20568
73295
117991
141821
19669
119834
7492
6444
78770
26013
4581
27676
97775
13778
125703
20077
84177
298
98569
127756
93897
46991
41005
55888
37584
106197
132605
120106
124401
69547
44241
29359
17638
42176
56416
45993
48608
124767
103940
7964
142929
87014
72336
15832
13736
17411
98950
134297
3501
121794
134718
141921
109790
72058
115504
834
31321
77865
57314
94592
42440
135390
93258
146039
71776
14855
108145
121487
33265
49978
29670
104021
2268
112325
46676
54852
90350
103027
33150
38477
18384
80334
56609
29976
30294
130749
54923
122765
17395
86258
32646
17644
119916
59916
40834
42496
72083
71847
124958
89882
19186
47278
50161
47945
74002
80296
107873
11333
118769
146442
95465
144637
121342
8662
67221
79052
18535
9728
146598
143208
1597
69666
122424
90372
51472
4064
24876
24320
38461
73458
146620
47914
124048
58792
139683
120187
102667
69124
123210
62906
143934
6870
37551
119014
21096
66559
43524
36936
60893
133291
71038
22380
61057
111301
7100
112006
89271
85305
24961
6350
103110
124079
81112
142694
6146
137907
32075
127844
134939
11810
91904
95076
79444
89260
86580
53303
26061
32392
75883
47828
60152
66079
25567
139868
147089
111518
25384
110166
5182
57631
104334
135099
1943
42894
81543
63370
123857
119993
36242
135007
90824
130474
84437
134691
137395
110065
70851
50322
87912
23817
39796
61234
98941
36928
68652
103965
121496
23999
107985
41419
61081
114850
28175
105535
24102
23665
52725
113067
49162
90908
97086
24789
107605
79732
104510
148751
37774
10258
40585
31025
83173
79472
118709
10644
21402
69694
17778
16908
57575
34606
111770
77202
83756
27401
114292
106245
107677
111758
135662
21709
123630
118809
25814
113863
32297
57570
108782
25245
3834
138301
107361
90451
109629
131215
96708
47559
117511
34154
49330
97393
119126
114396
80970
85857
126606
45170
112211
55358
141524
38722
61607
147061
77006
120557
82071
4958
14891
119823
127192
75863
517
127461
133225
2872
75901
123878
27852
2659
65372
107368
99408
11971
42340
61488
10238
103380
45743
40277
9044
62359
18554
49143
59255
25922
102248
140427
9397
123334
31502
31911
54808
90066
116774
17068
52551
33101
106274
106247
43795
147870
36649
71145
45613
149646
20640
104026
13425
15243
65847
81786
76951
65461
139463
56081
7398
22139
31289
140122
117038
33255
145039
29226
139403
138723
24206
106635
38850
138962
80081
6826
37183
64132
49067
10341
42887
149733
67798
11711
94671
11216
114543
62560
146560
95110
23267
5897
13806
37422
108480
77975
94078
104971
93512
37321
50625
111355
35072
135419
133862
143839
32738
78989
102209
98112
18186
100457
54960
23249
57393
147261
37731
83522
56470
19567
125321
112594
96409
58038
13791
81564
136442
32105
117221
133293
32625
28149
18561
8889
128654
59425
66715
45007
42234
19792
144593
28566
24491
79113
118905
148684
52867
120225
16657
127687
70991
11171
81157
129198
88314
124947
104355
114563
137267
72895
109719
35635
66269
84629
144386
5553
58431
81098
148149
147721
90742
84674
79820
103452
3718
114837
63846
109666
115222
136124
54994
49231
95838
62427
96755
120054
131851
46850
86504
139702
38674
58530
29036
11017
18664
31153
66913
104038
116806
60289
106679
2271
125816
68643
11477
23787
91609
147924
43811
6073
134232
52445
141030
6768
96876
47265
420
39622
100749
26217
4783
148888
77906
88928
22219
77059
45240
5286
133293
69005
59810
95826
17513
91977
9088
106902
88970
110321
94364
137289
82471
102033
124546
129082
10981
57779
110699
143069
24851
107034
49792
131301
119142
40939
145094
96282
83351
36873
89289
121866
121274
22789
102785
96421
143966
107160
115615
81072
6747
55960
35256
140595
53035
97847
59587
39607
121731
109063
109770
92579
37920
80566
89389
46190
145362
40487
110342
29325
3273
52600
63497
56874
88328
66347
137030
3685
62572
131513
110178
100784
67750
79173
110337
103231
144701
130953
64190
117037
1528
62026
112768
93087
107023
13143
131969
133113
111785
73697
5600
54880
6795
105222
74487
114529
120280
34618
98565
75183
72907
106635
39395
34632
41631
70827
100570
131015
110194
12935
141848
129841
112719
60850
9325
144971
146246
122993
120099
101634
97992
12513
87704
52076
98066
81859
125585
139653
50253
136727
111089
20074
6776
149529
41316
79955
20393
46144
54153
22563
30398
44526
130212
62371
75178
120330
53487
37682
4323
80729
35726
125777
124455
29566
62759
31076
59550
26290
58369
87945
62097
30623
95502
76004
68308
62750
39737
12048
103007
55941
32670
148452
116197
39958
48733
10646
136246
76210
28378
58077
104793
45975
3293
102768
45625
75423
113683
119249
78834
115874
110620
50237
110279
68940
10411
112671
88151
78882
10415
147469
84635
142245
83645
123267
50477
125732
41121
30342
119137
138913
120657
69006
53364
11071
89955
15964
42060
72460
85480
104729
7094
104189
116088
96023
44021
23607
115086
74857
52566
1470
141637
106365
73255
38373
18322
91536
100742
28380
107904
36283
24034
96096
24521
72077
100626
37478
114367
95786
109444
126656
122877
117988
61710
119018
667
81012
133925
129844
86246
34118
105146
83598
45484
117652
72487
21701
74958
116508
134223
128979
34627
8595
148205
21
111712
25669
73118
32391
70017
142892
3234
2755
141758
82395
36776
34116
120931
102411
73444
48927
138641
21270
21664
37245
14842
139639
116866
82850
78648
25890
114633
147948
88716
106106
86587
101006
127854
2335
62180
133121
94782
95862
149334
91275
80238
3905
139122
79912
60276
109431
33457
139009
105002
47624
50506
20452
62664
95579
12640
89846
131473
31411
80371
107944
134183
85268
34898
106094
48834
24943
89485
60830
99037
22143
112635
69068
117216
88637
103529
39523
11732
42308
37930
114456
88227
101149
94489
51340
90973
127771
19218
129004
23170
147298
56107
62047
96021
101971
18184
107703
128672
42239
84892
92360
23916
114714
6421
121354
36958
142745
124682
85932
62857
134308
132713
3210
60535
140939
100688
81076
31930
140336
57296
88887
60688
136147
59222
14293
54828
13931
26736
39979
64894
2563
57381
2066
11869
61109
145387
136056
129
125399
75714
85647
12583
106991
113750
106167
18126
34004
46456
61729
91919
120852
108044
104687
38078
109120
145945
100171
23890
14837
74211
42003
51318
36694
68972
121796
95661
12968
38921
116437
25799
57609
2004
35709
93845
17730
108391
38510
139960
54748
119043
94774
78621
59316
37272
30312
52817
53886
89954
45998
11108
147687
45716
136900
75501
135244
58641
14980
104787
49716
116122
31607
97196
132745
93739
25051
69518
144533
8635
90736
5352
60415
15204
64204
1021
107876
21946
16456
141113
132782
46026
7384
103569
62134
98449
35168
86788
20516
133086
27122
145642
49475
87828
122169
47043
90697
111169
1399
80672
28210
87308
104845
106420
133348
16635
113951
90061
86482
134397
104749
51456
135089
143852
48048
143456
55259
136218
81327
121145
23677
41075
6145
136482
60524
50878
47642
45100
5531
6700
21936
104741
14300
146714
109492
92318
128392
149661
131869
26603
2704
53166
18880
90235
85954
144655
8576
55854
102609
51510
51443
118231
39817
74473
137154
131278
7919
88717
39362
20364
103372
9494
129513
144929
81874
28947
85897
15831
10191
2807
90312
766
72001
131289
62877
3845
59626
148785
92804
84479
18549
538
12941
111730
36016
99426
101469
3217
123456
3263
116969
30300
107730
53098
108524
119511
103419
130375
9339
81501
44864
26318
40569
134255
111804
125835
75755
9355
95853
86696
63626
49815
62840
11284
122921
68676
139770
84689
49625
28425
8432
141218
16077
89388
115726
111642
29190
149562
15381
61835
136190
97603
73220
20735
118467
28066
121569
79095
119949
70540
145257
56712
38636
7416
44791
131697
66758
114533
147531
18896
81184
79971
77148
45400
80751
84987
9146
18007
33490
74139
72045
78198
5822
59879
109517
149628
65447
141628
59186
81205
13357
5551
136021
142466
72171
105303
4529
47365
47303
36297
126119
141197
141204
130596
122853
23251
142005
77806
16536
38684
4210
5568
87512
290
74857
96345
144001
104777
16866
127873
78449
11595
124219
67567
82026
140973
29068
104466
80383
101069
38463
33055
126025
107555
83370
121860
100715
8186
118198
53841
43693
62541
18405
42081
59665
147907
30879
115061
139699
59489
131131
139057
70110
81550
113836
53813
85347
22786
98572
83946
67800
138456
118561
73084
12279
70407
116563
54958
131123
113826
24541
11824
70177
55284
82505
9697
26612
101207
86639
18253
124326
73369
50634
10236
138873
140947
65006
42309
25340
102543
94021
63571
29950
5258
62995
15386
123119
52001
48314
89614
101495
65893
99876
143581
27864
105327
86663
15493
115369
8659
83856
50315
129120
87065
85248
123136
3101
40553
6744
78907
69918
138974
43603
86105
116355
29362
93499
65788
69263
51985
87164
19957
18803
105741
15424
111340
77849
52499
124869
28729
27596
137334
40792
77368
41891
10997
131067
33538
7682
142256
128961
94301
127856
127351
13366
94343
3227
42228
144782
93563
122033
45577
32521
740
74570
37715
147317
19615
97931
67194
124183
148209
20358
66064
29246
140904
16783
137034
44869
59697
116316
69236
96313
82379
6239
106566
9464
33646
108532
123640
114852
14561
134682
63807
17387
30383
47386
132381
35292
91751
24651
86223
48370
13281
58181
78660
48718
43566
101106
89907
53965
83020
111211
17672
139093
134826
139349
46396
74296
33530
89017
5901
85716
524
32655
66987
44759
30686
104074
26511
84072
69301
82061
140576
20951
60387
30092
48942
103335
96774
67341
128683
56701
72951
78901
92115
83216
558
29199
90470
77422
138937
82152
72193
68049
13290
22321
68171
101728
36731
95827
34936
16252
52453
148978
53549
32888
100251
136596
133448
79445
149639
72942
74172
110304
68275
39317
148560
10503
38197
137708
149634
61155
60786
140006
54995
13764
97581
138035
128109
47419
90840
119098
6320
34523
87641
140695
20302
102955
82266
102754
36861
44773
147039
26153
65843
10909
139771
36453
69351
26851
63997
18059
27721
148938
77943
58274
69334
44091
72891
75111
82074
134243
69607
74742
24188
148340
75897
32650
121755
59082
87042
9404
135134
102803
90548
138897
89065
100275
66096
80080
14016
38633
69534
139326
11960
54062
117697
17129
75310
41000
126368
24588
149738
75826
25743
93900
53258
28472
102076
83534
77979
140227
126543
25586
2351
16848
15631
42283
90630
47036
94331
125282
114884
55063
125633
1637
77052
149890
21798
42405
21808
107903
10610
107916
54943
138960
19951
136340
17321
84641
44064
61748
99410
120866
73305
145269
149409
70298
46678
141911
2460
137515
105652
36577
93764
48601
26692
34201
108094
44718
74979
39374
138806
64529
133011
46010
72165
55569
81667
81705
59561
89077
75999
138376
74362
64541
55196
21845
38212
12116
103051
35477
29216
31385
5410
70936
4168
81118
89887
148274
89622
63153
48300
99613
135440
104315
86106
114283
100416
58767
8125
11214
85282
85984
85011
73236
60344
128055
48656
77923
76023
105153
94867
70782
25932
31218
69828
67740
128533
103117
114113
48981
112957
14382
46756
62977
8416
87056
86972
37948
142394
13769
114901
72845
141415
39065
148007
43686
111880
36964
90185
116104
23259
71914
57877
117023
149851
17663
54032
42361
115818
3137
39221
74676
13420
29424
134785
134786
35682
8169
80070
108163
18465
112953
88888
46966
145595
106425
63017
86009
144416
12696
110259
126703
18962
62888
72631
25388
113665
128714
41456
103674
91177
69957
141891
94585
9168
72859
116132
33356
25442
22710
15252
45052
30716
80710
20135
43961
65679
45994
2176
149190
29845
79873
90884
14552
41828
80138
128478
120446
771
134049
18263
28847
95839
85422
98221
147814
51348
132788
42553
92840
46956
77592
583
128870
96899
141150
105085
26614
111634
93835
103838
44060
40723
112997
116291
117963
147920
27707
133401
29972
4832
56990
42663
102666
133344
100778
121505
99929
120076
99928
66095
123858
11845
83668
32623
74344
120188
93171
11052
74883
124970
47397
147514
31466
87591
97568
33418
77247
54780
4883
14346
98863
13345
144758
3900
25801
103422
90927
16072
93742
118530
2994
98488
35059
81518
137586
149052
82607
34538
99484
108358
29977
51552
138008
66092
60365
146890
83554
28004
62292
85382
23978
54916
24557
53688
50415
24762
69140
101333
11133
57758
142247
133345
107813
72837
143681
5786
140056
117488
99571
129630
40800
82382
16930
138523
100380
24474
104976
142754
3656
71944
74639
101103
93393
75002
51086
36962
63832
29427
47674
94435
139144
70332
133325
143029
120580
120738
68790
31801
144104
14497
55657
116804
11811
97672
121229
29225
15941
64313
140747
146664
75951
82389
111689
134362
34784
49318
121231
3159
64543
39986
106863
874
74660
103526
116935
68567
115799
40003
122183
61297
116028
31271
75472
146825
8145
118322
67315
32982
119874
34902
54092
65524
102657
60212
20175
121610
122372
23081
82185
8585
49205
65938
130040
58933
77931
79428
135744
76147
48940
100879
43738
29327
134355
130243
147822
62865
74379
39989
46097
61239
69367
90454
143950
2158
42360
84845
73338
9368
38226
120964
7495
138591
149903
119519
60981
103125
1513
132417
2449
47955
129357
133336
120581
29986
71470
52344
119430
42997
2670
124430
111349
149811
5094
27178
30561
102899
97378
111246
87834
108248
90568
5136
5816
75780
60783
95556
75261
30813
15977
67466
52829
2274
112226
39839
36626
119721
67390
96999
21705
102520
146477
120094
39111
133984
35858
110680
21817
62883
38771
75858
110568
135052
106665
16792
5226
84150
20111
42751
63215
110922
122083
35516
145043
34395
56703
11224
124151
84941
7404
40298
47001
53734
14933
23143
110195
81708
138550
49158
17188
74854
50756
52401
47272
137112
25142
1430
49215
46932
72138
95119
93840
71292
63006
20054
129646
1041
58826
24829
18006
77196
31062
88599
41658
87582
117900
75510
102178
39903
36358
140443
8562
93711
139425
80370
130617
51804
40423
3447
18180
71912
85873
29271
23944
18394
115675
122542
126153
121363
100808
17168
56865
96177
65363
141296
145069
80889
148033
67260
111292
35332
25248
121214
11015
107932
80696
136567
29296
2285
86071
34481
69393
54646
118837
19285
144709
44796
4322
81396
113754
81088
16806
17882
122748
114344
65126
20978
50814
94562
10308
114336
22232
89527
116594
73188
74390
115642
43696
33502
121031
5121
91454
61904
95485
50035
148079
47167
17934
89863
33262
64255
31020
16912
79832
7452
28746
7430
30389
56400
101300
140529
43379
129910
66404
92788
31409
126451
45547
64189
30591
53556
42055
24400
72548
122176
6594
94851
115498
109675
57144
8858
55314
99149
106481
135958
96591
84241
111718
11113
103420
73171
102254
65930
78521
92330
99937
49528
71714
10536
132660
61
83852
55453
103209
30270
93852
113227
124190
10844
41226
97067
125952
135050
51556
147911
60423
64505
43023
136679
91962
36238
30519
40681
64978
101874
20114
89973
87918
97502
143725
98992
145597
66979
95232
73331
84957
118030
85697
32631
14007
11758
74273
146904
73732
26327
54550
102568
19139
146645
139808
66569
88209
73471
73659
19764
99738
109298
50678
77479
84556
20210
96463
126027
18840
13368
97217
11005
125491
105031
18529
8990
46889
56863
23789
53800
84836
48429
109664
87675
39890
34037
102052
56031
115407
12328
130805
147229
77681
143734
64108
118043
39915
144582
3257
102538
92930
123226
61667
82443
65671
51597
36152
139620
25121
28620
41924
66237
79741
136163
19770
92408
91492
78922
121066
11265
7288
33230
293
24407
4086
47605
137716
63956
104843
93610
60401
2770
134577
131854
122223
32385
66392
23493
71372
22019
31155
107010
18463
94610
109271
83835
33966
929
91027
119019
79015
35160
30275
102314
14463
75279
133632
18573
118061
38764
60807
147902
9243
47245
116857
136584
104722
106093
127528
109186
18943
138689
16680
87466
91846
16323
130300
30135
137932
61668
17038
24730
126072
22546
8429
595
117977
7767
79660
44137
48114
95492
117747
28671
63259
42098
58107
1141
87312
93540
50866
76315
22578
75948
17145
146129
112242
138207
148439
109804
106269
14132
134519
75836
50577
61725
66706
116202
108070
23487
36385
43087
59571
10003
2188
48393
61895
122865
112460
137584
1179
109547
58415
2197
23138
135889
130370
70168
45305
123520
97375
10418
45780
21105
134725
70192
79669
24552
89553
14794
149158
50125
141920
12440
134076
49477
127767
67331
42812
124341
47355
38580
89026
43365
82415
64483
42827
102861
141674
57460
50129
33183
127471
106619
91432
70347
18428
107313
147276
90014
76371
138795
136936
7713
122046
49417
135819
95409
18964
101218
103335
73183
76834
8604
105765
104223
56273
98908
56409
92192
82739
65249
46885
141721
146688
127036
131572
149923
111023
143625
34158
86291
77120
134552
67998
137326
27008
92936
17222
75799
62364
136380
50471
75128
3197
26723
71711
8549
69993
9478
66814
74791
120704
83890
125508
70744
72264
57061
79123
62782
121438
33740
6547
98611
46559
19163
7923
59500
137153
84225
69920
10329
87745
45268
115313
59233
43069
114908
126460
69766
47871
50443
27005
52279
88399
63829
3576
21615
5922
56879
53868
85124
47096
10921
68230
25725
62845
113281
103951
54847
40195
25188
45377
70563
19239
59102
81877
127737
16721
140309
101365
110770
66227
106798
119104
93988
57402
27489
115124
115356
29240
72715
331
29899
146343
26629
46951
11182
64557
30917
84210
140357
39320
50726
88983
72591
141603
76050
61882
3244
108788
120869
128596
124742
111975
124990
41655
56091
137141
98874
27298
45511
3281
51512
78569
126845
111359
13543
142758
33109
108998
22781
118927
115133
44469
59831
86820
135000
132975
67831
143983
64819
74016
8150
46718
74524
80213
1684
55592
5008
122536
17814
21001
107629
59203
88539
70657
101334
15219
24047
995
80036
105134
118437
49439
71463
11208
133421
76780
133436
115823
60508
39039
77177
12429
29852
94974
106014
36532
81209
81680
30328
135891
131699
49657
102105
1849
50312
59387
121206
148276
40178
146637
125462
72782
14129
95138
76311
31986
81061
23274
149748
63673
12238
144076
49303
80578
8612
137499
37504
36248
14606
136609
88555
66376
41056
50040
34860
18454
5414
95315
51496
99226
107210
37118
9118
15335
59986
22743
149567
11300
31609
79062
8527
4172
139351
89486
73756
47293
143766
125108
94388
53098
75449
60757
14784
20186
95243
91950
122637
125947
74747
133769
23712
125741
107452
90144
52962
68779
102945
137033
92169
126035
45616
113587
84379
82914
3793
25044
105257
149341
33417
69398
80320
37805
102309
143424
5176
93532
60481
109572
36971
42594
67052
63903
77890
139499
121402
84859
47026
117922
59485
5781
53345
126115
96127
119021
54403
140912
84945
6565
47007
95936
122250
48838
110384
29458
142842
78997
138062
136946
2051
111868
110540
76043
136940
99321
147969
99421
32212
119133
99483
37788
7622
142944
94838
22351
34522
18274
134851
89132
91988
110376
6341
74458
4611
63303
142835
140261
128418
118388
109435
136202
62422
55298
116001
48637
30287
39100
26392
16588
115298
84187
128098
79707
118703
17784
127566
77016
63039
44300
84567
118133
4243
108991
9916
15178
144901
92226
143881
109355
107820
107176
47345
116270
130030
123960
14642
70585
120355
34849
124897
95539
134886
102751
149579
4728
5763
46650
80973
87579
115122
38475
61200
61621
98303
113559
139022
85708
135589
44676
22093
26214
33208
145133
97209
126766
106649
102494
27414
25315
73018
143570
83517
4837
81405
121371
70203
4032
46822
42879
131472
128996
84362
55134
86947
44895
82401
141137
58410
129384
88191
122131
52714
116717
19514
132494
93734
6947
71413
30987
7899
98485
132915
118958
63950
30792
102848
140381
78378
105042
126007
55046
88036
97061
78315
69838
123139
130618
3205
3542
36541
94611
95849
85216
139558
25760
26156
135453
55503
21018
111157
56425
127836
51601
91633
4866
18682
139365
36893
114880
36011
65634
102061
34760
62490
42247
90231
102516
142428
52157
56560
951
129642
15332
42271
141899
90001
140476
58066
90188
125629
91013
37280
83345
122534
75465
147489
37071
116692
87129
91452
143801
11676
95317
85798
58176
143609
6333
31727
56792
35268
31209
140494
96366
145324
71859
10523
94594
129095
90949
14977
56017
83803
109336
86666
50955
12288
132282
16590
85907
19796
95514
39692
117473
95026
25868
148487
98429
11330
92984
122582
54924
44771
70270
19706
36807
123783
47201
88156
10957
96252
132834
7816
46047
125900
2318
17765
147936
94356
89613
55174
130546
96302
32156
47066
36829
61726
55995
115927
103576
56169
120007
105782
50991
92266
44182
34109
66624
19644
47434
105618
24926
108436
74575
128934
123026
97701
96322
79248
18063
27712
106479
126649
81077
11724
13074
41769
77702
51235
133474
57922
35091
45203
105251
125219
139085
16069
122247
62455
94390
18349
5607
133973
128897
57466
20452
98972
52682
105752
59250
35182
136103
74190
55850
3899
72756
147428
42153
95224
46713
29942
113162
142237
140660
53441
87585
41126
51109
73900
114451
117705
90023
51383
126603
71979
94687
100392
139567
113357
27170
127883
121784
76152
101551
142970
40106
109018
66414
97654
11842
75053
127959
145251
52608
95468
42466
144242
24687
22908
9172
139693
120693
18553
85402
5689
38676
146562
47226
35090
48247
68430
95423
56671
57025
65175
2593
92557
139049
1535
148494
9371
76200
43109
91162
28003
124656
62561
18782
21306
70434
117581
19759
44973
6716
88610
5053
102938
138716
25065
2903
66070
13703
122514
6169
69282
4667
6268
19225
22135
99424
89818
120375
146071
62019
87684
133268
140856
135282
44564
47485
67138
54412
6446
93634
1518
108684
53225
65965
94055
8554
127279
126736
50523
38450
11784
19710
91276
64583
68128
86302
61320
89006
120047
146146
132197
141336
94028
144453
1819
93107
50804
86754
131609
71932
105830
16728
76853
60841
56145
103857
50450
80177
52020
115923
140917
87316
37401
100909
139784
57857
122854
48026
94542
139832
64774
140929
83989
3086
47284
136560
51502
136910
114778
139096
114406
76342
40588
82112
128756
25777
104097
116993
105223
117113
34430
25512
145287
24043
132958
17254
68605
15634
75296
98573
20378
10937
4976
148016
34123
96606
116850
54631
107958
135606
129298
45924
8171
85009
147487
107529
141587
143818
81376
9216
34398
18759
84007
76565
106848
56672
50689
122155
128136
95670
15772
135498
7089
8190
122631
103946
66270
123807
55761
91318
10243
78911
22238
71119
124820
59241
96215
144555
91069
4882
108185
84911
119795
143692
64673
90835
29804
116651
115979
89620
135838
4743
41007
125872
32576
128777
23925
63670
43967
60606
40777
104780
59556
40042
30868
115798
10247
121574
12061
66149
75611
52969
15093
30900
134336
2042
127474
2535
87924
68551
99182
114334
86678
121282
118996
70856
13564
31908
114932
28216
48229
17885
99038
37694
132186
55766
21272
139886
63567
95272
134982
117334
145990
45178
143193
121527
22957
70434
149514
14708
77343
11410
94816
125916
19663
112223
10436
15899
29557
19021
63339
148014
136147
83859
8477
85584
55415
73845
20369
97180
114035
31593
147186
16624
81627
83479
54155
66166
139472
122366
100771
8286
147809
100455
72156
71695
141673
15607
146965
129524
122129
91527
11673
53967
2481
101269
123430
76709
48589
15040
9626
61990
66905
47789
146124
54451
122036
119084
16710
125407
130302
47872
94800
44921
132540
144265
131325
106600
145694
133000
115785
102372
27324
5884
133075
73291
148995
83070
111352
145228
121169
111981
99370
101707
126117
61203
112479
107838
91531
53262
23996
127514
111447
18877
10655
140887
71028
98787
8500
138661
112966
18108
7366
103544
19958
115348
11295
110976
88098
116580
123771
60668
2331
121650
62861
108477
41038
85533
123243
80852
103778
1026
108067
70234
30071
127048
30303
124598
84801
53678
134631
6843
55708
118129
105069
98617
58978
37546
27969
75185
15284
116575
15471
140345
55544
66006
68373
149417
97716
149571
7132
18008
89187
127142
55887
100125
40950
83203
89105
139279
13283
136216
146817
31056
66471
132971
3912
71098
25121
93469
136299
49036
85634
106812
45027
57001
70946
132478
60910
110755
134162
93297
96673
62627
131975
137684
32306
66613
114626
134531
110808
125226
133285
41741
135509
55261
5794
112106
10626
14838
134587
135897
54021
15105
141884
66197
117465
106131
71419
83052
60300
90680
139032
28044
138140
129911
142526
14589
35263
139885
137868
33980
130458
109726
44334
30444
148829
143661
10553
7455
39266
51747
52244
100148
55230
149478
14997
9901
120242
136057
74862
41804
63086
36454
64397
102050
55888
72731
113160
72779
137949
134968
20713
22468
27701
133718
133273
97309
133497
8233
93018
38992
63671
143490
61029
40020
12444
95607
146220
46247
130099
92630
109585
37938
53358
119306
29802
15097
95551
128358
42024
74039
33588
117813
108537
85675
25143
43253
70295
124537
122589
133833
13486
31951
146822
18753
38452
141194
51324
7009
13118
53384
71921
19234
132935
91511
18444
36892
129831
85694
92800
5008
139916
74853
65305
60079
66483
3817
6258
79972
80773
113027
118329
69819
93655
143676
18104
12128
5753
59532
17942
63655
67834
138727
40221
66390
45554
120059
63993
45829
74618
55643
98462
67781
4294
9924
135713
27931
37351
27994
123265
127346
80191
90110
116148
115332
112591
79555
103833
82711
18934
83947
2647
138809
16196
130533
46186
137922
75654
68033
75852
44946
81092
96749
129432
140179
89324
82535
55228
110804
123883
76495
8293
16023
84834
69826
27568
54757
100533
78433
132926
103694
84795
61312
140073
112190
107678
32942
103744
94852
39939
5909
69309
138717
44800
141303
21873
41016
80712
40312
39227
56173
90869
48785
67522
61401
116856
117142
123245
45620
83499
65302
107762
128039
53960
75953
140112
148819
104899
13620
25912
66120
103844
104532
17008
41416
90394
100561
2548
59908
103440
47719
29149
38534
54266
56205
126508
124052
18688
61223
100997
148585
104844
125087
21846
48946
138834
76323
77054
54692
74527
11969
138100
83205
149660
130074
51303
123140
5624
51581
99297
80891
110805
32049
94961
88238
84180
72683
41396
70952
146016
82852
83761
57465
114154
109871
36991
64929
104037
97003
94513
138354
46303
59448
22398
102353
5433
12546
41051
68256
51933
54807
115002
132262
62060
98798
38071
69407
148317
35321
18103
34762
85668
138276
134026
141691
45397
134171
25793
11854
24421
143207
12928
5453
67259
67175
11766
132922
25728
142015
98691
754
64082
18711
52763
141387
115078
76922
122130
19534
137855
4052
71011
72830
111024
130946
9164
103050
98885
101301
109787
120928
69671
85750
113389
37493
37262
88818
127186
6880
149298
120253
85197
72928
69810
113554
40007
77675
66180
23522
56133
41346
143632
46669
116348
140220
94945
135938
13416
14668
68400
108111
13975
66283
136132
92834
115953
8609
126993
17883
73809
75447
80772
51544
127477
48523
120489
50445
53977
74118
64376
139917
7694
68692
22036
124800
32397
41808
122352
74757
19973
74556
8115
102625
38115
111222
131985
85836
66226
56740
149624
17835
105456
25834
99910
71720
42888
105860
673
149085
100370
57976
106739
115140
7616
133139
42414
102701
149791
145071
121411
22155
879
98512
136272
122776
5872
118470
121811
40374
15954
79854
132573
133957
18501
32767
76491
6756
101528
3322
18816
142033
149453
18513
146640
136748
126179
63518
138671
5870
15438
79915
86830
20755
95480
124626
93491
54368
90577
57803
84698
3514
148258
33565
90614
40684
118166
26228
51286
74893
97414
89002
138940
80073
27863
21161
64478
121499
112689
78517
18730
24433
96073
75531
62500
10383
104455
147779
148918
67377
81310
45310
77289
13710
19000
63585
16791
18038
137814
24285
64129
108193
41995
95077
91167
96281
91714
34351
40332
115317
125709
1952
144199
93058
60176
132800
25052
131119
25933
52971
21570
104464
38390
100273
29809
145046
101314
146828
111964
132213
107347
69243
85736
21576
34949
6659
111037
136383
114607
117251
3167
133218
71353
61101
129518
62795
71774
122374
114031
142162
98937
118114
54949
93522
147610
142740
83055
49685
143823
86377
86884
8713
49656
119985
24443
115250
104110
18132
91844
61134
86874
145561
85795
92290
123432
137249
125457
65984
144142
84066
59151
143022
48002
28083
6806
41718
31936
110622
25596
117708
108342
77415
127653
30189
353
43310
17049
149995
116812
48204
88558
8128
99412
60132
137347
103669
79017
148311
42200
140391
24671
106858
18388
3291
113964
102829
147853
89884
45034
134082
26106
6401
149553
54340
80507
48746
102831
73437
99481
24865
64399
119110
108769
36263
40628
10146
4934
143624
133036
18319
45445
53494
97992
146428
72061
59199
130447
119139
4391
8091
23744
76628
131885
97741
30119
14370
48645
143761
139263
71555
135032
86833
90148
140535
100019
134274
71688
113495
42577
86540
139126
66068
16691
31216
45696
135450
75665
81737
103905
28524
130364
7930
60858
102541
116559
29827
132011
42254
146291
48412
65768
145191
66879
50526
106977
143694
1816
114033
149057
111684
22966
83862
81395
88788
47928
59439
86745
30524
34895
84489
16304
125911
132934
42984
9600
5212
15636
103672
47982
53089
129416
18359
121406
41454
105887
140201
148854
65988
144408
11989
82207
80965
142180
140886
83671
66593
64800
104354
5186
115424
130294
23166
24786
8010
135286
126011
42380
22695
1045
27008
109567
92009
139131
112328
103329
130937
23378
61890
67276
57834
134897
21165
77140
18245
138664
133499
21189
71783
141338
92964
11837
110535
148834
145902
72754
215
37463
61508
68168
23061
76820
54740
32599
142069
82094
142613
97958
145147
91052
8433
48515
100973
109785
145116
113136
67150
57724
37054
11010
57286
71039
132290
14896
93658
76120
40401
78525
115282
16219
16171
96763
142843
36138
142917
28226
21352
40650
137660
9385
97958
28150
94398
30951
46378
55665
36742
101349
46442
57274
104825
120584
91537
87070
28355
129867
136636
29352
45266
88502
99290
95681
109669
22641
84151
52083
115727
53259
19530
35881
98355
145892
104090
49454
146209
57950
60692
73081
133866
113917
138893
895
86912
35917
29401
23040
126918
140228
38134
119360
58385
41259
108247
83066
77056
145259
50149
98877
108412
633
20250
141260
122144
53182
36207
21078
86152
51540
125151
73918
100221
64562
108711
36718
122756
91933
147747
17044
79652
68205
80859
8886
38904
63151
25165
74499
10497
31719
20928
129359
104852
38439
61093
9100
2008
107637
76201
73058
10753
14471
146121
100334
126966
128309
136503
91719
91836
119898
62434
84203
75894
66358
141723
134065
132402
83553
16877
138902
13070
85511
23614
24824
149752
149033
148234
56838
129608
147221
112852
69238
125593
52734
91350
120610
38449
45861
148268
434
10684
146147
78430
116992
121015
99905
7494
110419
39974
43845
49828
77029
124512
18838
68634
56624
98709
144164
113091
107907
99257
16591
67564
74247
56948
129592
8855
35210
85205
12326
16355
97210
136420
138490
28503
60319
109261
107482
75798
13481
44719
40934
66264
94866
44238
126245
244
40556
116453
87458
56417
67542
12369
97762
106068
46737
76611
4261
53159
80887
146384
80693
80103
81784
68868
91161
105768
136082
101523
118625
52945
105554
13705
136024
3669
115048
147382
149920
106837
61913
17094
108345
133088
34151
87619
127337
77520
53083
66740
74715
75173
87541
22062
113921
123113
7423
5533
35384
40257
105803
1523
60832
83847
40672
113549
103315
6557
18068
72833
101103
117377
98926
36046
36438
11792
2969
4056
54405
64736
129340
87685
64337
109031
63995
58414
124303
25594
88388
139313
14484
63871
30047
99844
54959
19919
62981
58228
93966
103018
81689
80207
485
53173
141527
2583
54781
40788
55826
116698
137736
124344
100016
4200
8481
67683
66151
10701
20933
37849
91156
142442
108461
68531
45576
131138
28868
137384
92830
92449
39696
79968
67211
130397
77279
59655
77643
50933
107465
14030
50721
112697
102999
68711
98416
114783
5318
45181
45145
87055
44907
129507
8974
109065
72022
62252
140895
127635
103658
41163
91761
39712
25779
148793
140050
57
11656
125309
18120
15453
48164
136465
84886
100993
72071
11032
63812
77235
23423
100823
2734
101483
81172
37864
65739
71235
576
42642
144627
16091
137641
94673
84462
3999
142153
148237
39137
33568
92777
35590
56128
26785
47657
625
2429
132151
46936
37158
123578
69756
23434
60983
119933
111361
58678
19852
37295
14371
146111
82182
33008
8550
23087
80468
60703
26142
106744
80651
50288
132274
83245
42839
9200
79769
137152
86492
999
140860
147779
113149
133634
135045
122190
96797
73120
75101
115809
102918
25892
128582
83160
83310
136102
73375
134591
72513
77305
146491
26235
133915
85864
63299
73558
96116
100386
29182
130495
86996
68032
53882
50354
107508
34103
128060
140302
148531
10974
128492
69857
142299
53239
69040
132274
104009
51317
43405
45216
37386
59067
71399
120992
105575
21435
91420
67200
91512
45304
63056
44329
43783
100398
64062
98943
103225
73877
147550
4565
77813
33336
15003
77770
26034
9905
141867
33813
126161
42169
139375
101018
68091
51608
88529
50742
24353
8218
87569
18065
59258
114273
39914
46114
26289
84193
70375
62700
20087
96131
81297
23629
126028
121860
114674
63237
130800
37860
105396
30064
29734
8966
143274
77630
64777
104610
129057
61105
19027
84062
14670
141191
121056
44107
58867
89602
73509
46984
136170
52986
6058
138988
98849
53246
20529
60842
106297
43321
139405
129184
9445
133704
43139
5301
79556
37668
2297
41011
63820
125430
125792
4885
19664
100459
136247
103098
65306
39067
111892
125596
20130
149936
34623
42999
26587
100233
144206
79787
51963
27644
74863
134189
6088
136643
20663
85870
32265
108671
40631
65449
108375
98514
17687
98291
84130
35261
31586
33652
34798
31186
59501
127144
111448
25525
35872
134345
65912
26172
58257
36339
94393
103428
141715
52794
108883
121038
15880
64074
142904
29483
129497
34094
13965
95586
45106
61194
90381
86569
49223
135182
104413
124069
132370
110593
113475
149390
26735
140910
79327
15174
144070
84901
104300
62609
102106
27438
112239
69843
74324
147272
111471
111883
104078
6276
113049
103379
3953
5970
135268
73675
12527
68808
125980
42779
26558
115778
95768
70708
39930
57082
16371
132182
146099
91160
116840
111291
146736
62068
92607
114365
56380
16014
112704
147443
35812
4223
106074
135499
16928
106630
117706
115211
67314
114291
916
54088
26819
143859
37870
47989
81708
76241
146411
46014
104503
38706
48753
33676
104888
87936
85639
94743
142606
127022
100155
93405
88071
149315
143740
119950
57418
77074
95617
132842
43786
105442
92841
36566
96563
45115
130368
126387
141467
118547
37395
149635
77957
103401
46989
24277
40864
111081
107530
90256
47963
97793
112115
5382
140465
102371
102382
96027
94872
42758
93076
71946
30589
123979
94903
125450
2414
126411
18298
75553
143302
43025
117074
51801
17190
61222
10221
46550
145961
39143
123937
48766
74762
73328
81139
118901
42603
111760
59323
64418
17256
132127
125887
53252
34810
36930
116760
102
21419
43372
26421
129627
10618
106240
23829
87892
25973
101872
95256
36115
100261
28492
19809
115728
7634
141827
75034
142258
111505
75309
71640
4894
103063
40507
4340
20275
30741
117673
39355
63645
4821
88847
132108
95606
41757
51218
3173
71305
34527
48424
57901
1968
40812
66383
81334
73422
107728
36545
112475
46959
17250
19830
115893
93346
131874
7740
40149
111479
17792
58050
96825
71770
58091
139669
37855
139015
115869
2688
75033
26207
99392
54222
40575
148859
27909
5826
92093
22016
39630
60901
4966
6941
74500
43582
40620
82701
89411
95494
63548
62567
71966
19309
46344
142715
123158
85917
120796
20319
66407
143230
111710
16042
12187
35704
74117
58240
147976
55694
123996
115202
76223
60022
44842
48950
23062
72233
120777
32933
148165
55253
80311
47060
58923
51739
106079
77857
6291
148352
9576
96275
109871
136263
143659
70162
56903
114726
36724
116342
6042
26911
65862
28386
72240
42705
80668
115799
59502
23095
65439
94456
6131
137425
137987
117826
52936
27918
105237
134100
126982
121125
54081
127915
39257
134573
80508
59252
139132
56302
147231
137499
74455
44701
38900
51041
60359
127849
111690
82692
49817
88842
8564
149148
39394
104610
122245
48636
95736
19050
114033
66252
47175
15315
60058
25977
110664
69123
144338
107163
98856
28648
20134
59596
107978
62099
18441
10893
4207
131920
143067
27840
77820
64112
18984
68153
33021
141020
68389
20704
31915
136038
46145
144157
99999
146320
125083
114131
42312
32881
96707
147460
15645
90951
99286
132387
103633
117031
11898
118009
25958
25978
52873
1249
24411
94024
45156
72932
55381
44192
81284
104643
74540
67296
117847
74547
57694
7603
23195
71302
123804
115270
20282
55031
9922
23578
82634
108544
61396
22312
50830
70832
36872
24830
130645
128942
41724
138506
97191
114644
104244
1519
143446
52214
4569
69736
36751
61554
70655
86628
68506
101184
47590
125418
67468
27889
142103
54491
145250
17699
134723
77383
81152
50376
137509
108792
129647
58860
15711
130437
131068
45202
89746
54729
38147
48195
59687
8281
2052
1170
120631
61266
35969
73934
88973
82828
108612
82672
62119
41438
84947
54842
124107
45588
79377
101369
104412
73316
117086
68086
119961
94429
120417
143188
138420
71546
53557
71370
32916
143053
72798
113936
40258
117814
107456
8834
115829
121760
80074
5642
75689
3154
28193
132350
113336
25382
80188
51715
63415
14143
40756
97034
127510
112792
23376
73976
108564
26771
119130
127193
17495
53719
146702
120179
140712
109341
50810
47133
76825
47978
75562
103759
141357
104964
25123
136240
142102
138946
113741
82277
28463
61553
59371
49638
100585
126861
23263
73284
16305
40726
42882
124655
12011
44452
135436
73205
83127
113916
145592
105342
109330
82044
25309
134421
16817
33637
64726
84994
107638
82528
48223
30450
70909
72437
21201
28548
8193
6246
17812
25194
44223
84772
59860
142697
76794
50827
37526
32360
48738
21430
117444
61046
139268
17423
139141
102330
72456
98694
57915
27424
60255
82394
34275
18232
37349
48884
121210
82450
147252
872
25749
16481
129843
40586
54812
104754
104052
51445
114906
122146
141684
98799
128367
54557
743
72204
72017
143029
76520
57214
94167
23851
65608
74363
84675
59767
29625
106306
6417
14530
64891
32777
58230
95174
83238
91487
69154
106226
138214
85955
105000
118524
64283
27718
42036
39169
124493
95941
127592
122924
105442
4704
149802
115767
19101
69847
122045
105176
109481
119290
102563
3695
73432
114199
118851
97578
54895
7800
56973
95921
8307
12850
50743
12580
128225
120543
129091
58932
42526
37312
43397
84249
54422
121246
3370
81045
50732
141351
12501
138678
92658
126413
76882
101367
149986
5115
133510
19992
18707
21808
27714
9278
74141
147858
126605
78039
28152
91141
67333
146713
84719
95147
36683
132659
35831
43356
116749
31586
75955
73747
149812
16330
98190
45858
82104
130845
95708
121038
134575
79122
71856
61671
139129
126226
105040
74666
80692
27092
79359
13322
89673
132249
118964
98618
106803
88670
103415
3635
116846
102730
796
27705
77667
96055
136714
88546
16573
34347
31939
82592
57321
38735
105475
14097
69120
132159
116927
96459
8306
5949
102164
132299
75194
116011
67354
135384
43426
29633
147084
117137
46721
48824
97521
49488
16158
72505
72610
78491
106920
112173
46324
125598
149601
43497
126681
114381
82048
60578
78045
32697
108193
39059
145422
17155
30530
118104
91326
32533
127898
12191
34432
26244
67821
89150
119122
17773
134475
7148
50462
82151
112699
92967
79035
13291
57336
34592
108961
80968
7745
28769
62120
31105
98069
109010
110045
145316
79607
23155
134391
106241
138924
138815
146855
121152
63001
3328
111131
77073
127354
108441
46868
35940
96848
138054
53009
148025
75603
62652
37096
115696
46479
5495
30003
59161
122702
14985
130950
3219
611
63620
26114
130258
8679
29313
53067
21043
132346
10331
24000
60619
56962
96009
285
147392
64174
124737
77128
118229
35389
26148
75501
54049
20789
148591
79815
93606
59223
81378
49007
19434
59724
64581
137892
60254
148108
121097
87125
817
108580
147405
53879
111997
129705
149471
113914
27698
92167
32427
79333
30555
30762
107315
86588
134905
148503
64510
58594
9743
28898
88395
26238
77510
38698
81276
20536
114745
1275
64115
76830
84052
35841
27314
112253
71416
33191
27104
88825
71837
145159
51073
48570
143860
115795
87983
135790
96035
106632
82723
79828
111764
8489
32707
39106
44321
9053
47274
105709
61181
44334
90291
46874
114401
146076
106075
11712
99080
145521
94897
25993
21920
92292
104148
144641
23949
95288
66212
86291
55696
57578
100435
28961
64537
111296
64310
27581
58591
63806
86777
15619
96765
13503
67944
17402
90819
127282
60648
23489
15160
112580
82953
89393
58996
106745
141101
85661
85156
14038
39930
79230
112703
57092
60475
54866
58557
135582
61780
133047
36760
144890
121443
118353
126359
11775
35967
74984
13716
63687
49439
123513
144982
62545
39063
38851
48796
27310
37912
32347
124216
320
145623
1526
6365
79859
40633
139799
28139
72821
80327
112412
131580
68959
41599
64414
78123
9571
72708
60332
112553
92085
90771
146581
65335
2346
45732
65953
71859
111553
137177
66717
143128
127469
12103
133886
25951
90611
131042
75773
132854
99972
19430
90130
46913
34934
19801
88036
17352
58660
109094
138936
62425
72220
21563
41920
41537
42797
8544
103281
38369
146998
66244
57876
47368
76205
146705
50668
111775
114705
121178
67992
98981
134136
144574
3748
114729
102992
9907
101147
94973
53366
32540
130590
128184
94004
80182
42529
84456
73753
146474
104901
92857
48998
95067
21876
133455
34978
45847
8742
101255
120015
137866
35524
34410
76025
112596
65211
136248
51463
35848
36310
5591
88987
34673
3546
36277
62533
31303
121525
110832
90524
37949
147375
83993
82856
144878
81362
96827
43505
125934
21260
30224
63495
21641
47271
127637
38082
36192
92562
30736
115893
64413
130581
26850
32463
140232
73816
105814
9699
85189
114450
108001
116000
86861
96200
122406
52826
50285
112217
90577
142850
3747
19700
85483
113805
148646
58936
3517
89695
42385
79641
8041
105331
93044
10453
17244
132795
131905
102115
11525
14588
92393
20414
80541
37953
21645
44345
69656
102075
104084
116289
82917
7589
129602
1190
138182
58399
88746
129012
8031
102982
1777
142568
79849
27843
50664
17154
9784
57596
47309
72475
133890
106775
86250
85766
132114
38477
53650
63736
112982
130008
110759
96581
103010
92223
74176
117475
32101
132718
65618
55022
149029
67186
96201
132185
25841
25707
32791
36141
51577
42730
146729
114259
61880
91759
48646
54553
132235
51059
10682
27390
55234
22012
54859
83483
147269
66598
110513
29389
25339
78074
142765
66118
67300
75727
59626
40506
26198
97109
96721
76222
32768
132880
16510
98971
257
92122
131525
130883
97357
127503
38545
91983
57529
98993
57401
29529
69201
134187
113324
93827
72290
144786
84589
60541
52673
61290
51518
147121
114482
46466
42029
20565
63599
87071
9302
56014
84525
132068
56993
3273
75835
143185
100737
138353
134569
134544
29099
132120
77954
126175
55869
10687
113115
139532
96938
148613
41322
40402
128374
94260
1086
105080
132776
26245
24540
95578
29835
53070
143886
25972
90435
63165
25902
111893
72995
89099
69019
131086
105881
121576
82853
137295
135354
3176
92459
121518
125903
105894
124803
128831
14651
19402
69166
47161
31270
63256
50712
104391
33093
70050
71187
53460
40118
38232
55066
132762
95235
16156
76353
44774
96139
29832
66634
68154
51970
144757
6686
98286
30593
15024
127741
25247
114196
148609
98922
10044
114977
137330
26077
32565
137035
70747
92347
127841
96778
22280
60898
62164
16541
70656
83514
60746
111895
36489
56836
105359
35915
92057
90861
139427
122242
63077
57952
57920
88689
125019
85958
86797
30974
29472
98374
20228
85815
22018
119002
148122
136544
76249
25188
38778
68786
17671
35259
9835
50570
61729
91744
89010
98015
108365
97536
78539
85250
138244
27207
40688
5203
22
33290
133005
25966
30068
133938
81057
118926
54747
52332
64578
28154
18139
97256
85532
121530
76296
14163
22695
42582
93120
56983
74436
113616
58893
105075
10544
115969
118499
12124
35686
138587
85524
104795
91434
10808
1904
128050
126324
84640
91459
111514
35030
39378
87232
132871
140428
61721
135831
94885
136623
72861
9545
20225
117491
137723
52362
75812
2824
78298
117282
148581
110763
82909
148670
83155
29131
104477
27296
122096
5328
142398
35166
66323
90165
18567
41867
56932
95307
42277
134594
68245
142132
52783
30142
24842
143902
96775
121242
102168
139294
5762
11311
29349
119858
81443
21389
111950
82388
128913
125285
45160
41625
67433
149151
126335
123861
68731
54465
52834
144538
115858
32665
144096
39107
69011
108341
64857
90420
30078
35559
94989
107261
91605
41040
100260
91815
144594
106570
40754
146193
101348
143502
52012
101773
13580
108461
107121
106746
129998
140987
129620
120359
57347
145067
146061
88872
48121
118656
119375
99731
45247
140
16019
135297
33778
102055
30428
142436
115940
138744
51861
97561
42276
62485
97118
83095
103241
19815
125677
115743
14801
26204
53190
66162
130633
124606
124211
30719
62396
106598
82096
69393
44128
6742
106121
66031
124257
40094
135955
76292
18214
100714
69145
56735
59283
49047
11441
130810
83977
100510
41495
132751
144431
53241
130056
102930
148979
32604
15798
23564
11823
129365
91635
142878
67057
55780
18490
98628
15151
136892
107572
50270
125461
58073
32848
9232
75114
58747
83354
4402
106016
37700
9870
42638
7121
12232
25761
148305
12014
81131
8314
1008
29523
104950
49322
4643
4730
36030
94063
11871
11314
31342
140197
53524
83479
37293
115834
45643
13698
12948
109981
8181
34183
22662
48486
84246
60803
112385
15025
27121
67375
112036
66301
34066
62890
80827
30525
64681
4171
144983
1273
48739
54890
25189
126779
15147
145423
97558
30365
59872
109351
14186
144535
110364
148906
103397
133245
26547
140863
51250
69111
103731
105320
10243
27799
86217
113109
85543
15232
87863
55668
22259
27151
74020
68556
21051
78318
34308
107214
34621
95087
55096
51723
3661
30785
97380
110021
17098
54690
122537
27413
9704
121687
107271
82053
64170
47912
1214
38268
138112
127812
98905
31482
47499
40578
90916
95652
84734
68514
39581
51005
80401
121412
73641
76992
140579
127107
100815
67425
76722
44214
74354
40455
63879
82772
70533
62429
38053
146874
1071
85027
103507
11242
69511
83572
125118
27706
37328
34534
142381
71482
43950
125292
97968
83512
119446
34875
358
13132
47067
36618
22517
45022
76554
54344
115721
21756
46335
123472
22363
144131
3580
81598
135714
114040
143548
5893
92594
33534
114895
102180
127607
148939
146421
52791
122452
117159
2097
72422
96949
134561
113040
13552
35140
94044
47761
54186
93207
106901
82133
10598
143605
66102
57580
21753
45484
74660
13691
59975
124769
59467
78290
23027
92608
138147
134752
35355
51454
134690
111927
74559
80652
149531
137547
15204
60854
137587
74579
19546
141359
130504
99857
28968
98907
80039
10244
108731
42616
101942
79793
15513
76234
23586
80390
60217
108868
136764
30216
108934
32419
32658
66703
41249
89984
111348
146183
103470
132739
130009
77273
98940
139637
26853
122921
126196
91897
19604
77516
56368
65997
16222
116926
75059
101744
62679
43765
16648
105999
74746
49634
68844
5399
11308
1987
127333
95732
130635
128527
67423
90590
91671
30662
27554
11998
138247
104445
74127
19387
116151
82947
818
5333
48198
6848
118527
85454
120234
145954
48321
59317
127798
43819
119255
24412
128387
62416
37050
11121
145539
136449
13441
56541
81227
39657
102090
62871
36015
6033
138171
38589
64881
16460
118679
143833
67388
18614
142819
121099
119843
129747
68857
84819
140958
37034
148172
107869
60629
108906
21277
116606
8597
146622
16034
43116
87450
103093
16114
61831
66280
23911
15808
61654
20858
38373
75367
2365
146316
72359
135468
25881
143476
38745
100350
39578
139624
72461
119166
34729
53636
133981
73133
84119
100622
96967
74457
128900
41672
46280
888
108036
7575
92018
26435
147173
12324
82982
114066
126342
75619
84881
51908
78131
55820
12799
134485
36401
66936
4081
52992
69408
131104
100576
109553
56766
51449
138628
96866
103031
138651
60821
80838
78619
73247
64032
121108
34470
102759
30668
62165
96240
47553
86202
45250
63435
30039
136972
105936
11413
114792
108862
97561
132061
98696
74047
140203
144256
5211
119361
144906
89315
74595
83521
70690
67494
125608
11557
27340
122063
38304
72158
26452
91158
64694
2175
146235
123786
35270
121275
47750
87700
14973
91096
85367
16480
59799
71569
115181
81713
137942
103971
94626
115922
143159
123045
80979
28279
93542
23380
50268
108417
46130
86936
112467
80723
40430
140371
28711
138534
122172
63941
40376
301
3111
31792
83753
108663
91455
121643
9056
45050
134286
19956
130324
139830
134942
89244
55467
13758
22030
111324
112048
43554
1193
43055
100720
104723
80209
60899
62717
120380
116373
103594
86207
16605
120601
56644
94042
118588
130376
1569
12325
85131
12894
85794
130832
28295
67895
25230
14208
44462
110538
42299
120512
103042
80937
141889
52057
18784
67001
83195
16450
794
28091
111327
116843
15046
57397
145743
51689
38312
21500
91169
33
41893
1886
39242
42429
28890
17142
42780
64643
42105
101275
125285
33047
83243
56061
68737
142403
92956
6044
123170
1231
131825
143601
75373
67650
126135
50422
93831
78923
49628
49624
57856
144946
24368
39093
146869
128915
66832
68816
67444
61215
70071
4629
127497
94844
98124
136824
41609
142073
60342
80481
85586
2239
36628
34484
133641
101273
78031
122893
95648
87753
13743
33717
43301
78388
92581
51865
73960
36916
15902
87879
3163
111418
136886
129412
20610
47738
37497
15093
78515
135345
31028
110735
130195
83306
128671
16164
28339
112449
114592
16676
86584
39751
107486
15681
30355
128358
146359
131332
130423
66851
31617
144835
128417
55943
118295
17523
21422
131993
3831
11935
78787
58075
100166
101516
77701
141925
50673
8791
113884
76889
78768
138314
116667
118070
31665
68225
16279
135976
112380
92365
88659
114708
65849
109447
11361
22463
10150
147060
137624
70839
45354
54431
4991
148735
99445
136789
52962
38826
98228
148532
4418
88941
118221
90997
93623
111373
78565
66064
89280
109695
130396
133836
106096
142683
106263
82751
70715
42485
146098
69383
99859
99665
14811
4686
47259
69215
149473
43884
75564
69273
52768
72099
131895
96343
6609
99705
85475
69525
28485
85567
142677
4827
132643
118064
27020
106010
78961
36551
65655
95430
95158
41435
96285
24919
37725
127242
51990
88459
45008
72551
22863
145425
63058
125331
17800
77639
18286
5171
93303
129463
52040
123505
53742
125139
95927
101709
27934
76828
89569
35935
118058
128235
125702
9220
120270
49424
21580
112026
71360
27996
121123
5627
60927
119746
59890
10179
135520
22879
25871
9117
101709
77815
137293
56413
150
113368
90515
37603
80184
119920
636
106020
98879
42471
11478
41617
148976
145047
93939
35470
32706
60235
63279
34080
80357
45868
76837
69894
96188
13808
132051
126228
13444
132856
61180
3737
14283
13972
57180
76030
95190
64446
37695
106583
133810
104986
24559
74208
22209
6661
107962
128857
120360
58583
34406
66614
66960
107714
97222
36539
129873
16110
127065
63112
90085
5835
105699
115154
101542
98621
66428
67202
125840
62308
81451
90802
99750
10466
71297
7690
57158
67644
46017
65520
62496
19185
52236
42407
122624
71718
113415
108678
51914
139498
134957
64277
4406
123185
75878
110314
66774
30350
137248
32683
54651
117368
96734
101685
37887
57629
53627
33851
47248
35846
5148
61781
80823
3956
39766
89685
87200
140390
24689
60632
83533
52460
101116
73310
98067
55427
15636
16388
44559
21217
103315
108755
118638
37111
87788
122267
104519
16339
134224
24741
127343
94729
118374
139657
68157
31068
77773
144414
450
45727
110549
147532
45823
95943
126481
127895
114706
49301
30079
116853
129868
11471
35509
36104
124362
96850
62856
63450
39830
89511
57510
9683
98092
84696
82747
73905
74525
10289
124816
129569
28151
76437
106783
38245
67814
58037
115862
39697
53954
1376
128503
14388
50747
99447
136968
43295
19734
42203
68955
17798
112090
57135
65332
65200
82870
34525
62455
68610
136302
9984
29547
9761
38067
77425
25681
18020
7696
80172
131132
108844
113495
126472
138246
54013
6914
93495
95070
25272
26810
60216
23012
144554
146545
10301
85537
33140
147700
16968
123651
104210
53769
91534
67550
10305
3723
79417
84071
99531
83102
58570
141330
69299
58781
27984
55455
88841
138502
103152
100280
145666
88034
122606
107654
84915
74293
6016
127937
19858
8263
63088
38507
79593
55281
149881
132578
34656
95432
4639
83658
47262
16924
127070
61467
48279
5222
109383
42253
47994
27530
2804
67068
65637
144749
39468
65152
107881
108992
147914
11940
134630
120027
56004
143680
3729
109990
70222
87133
141824
26405
14039
102352
46537
104334
296
78202
140788
123120
126436
94862
116249
124033
93947
15849
72067
15173
61974
61354
90571
124959
63412
123270
43387
24856
26845
53655
118142
127205
56606
18631
56217
68184
92445
43872
67402
7667
117228
142763
613
79474
92458
101153
112108
68309
76868
29087
45169
109621
141682
134124
141023
131072
10847
31510
138256
40373
59521
21917
119100
1811
63509
113360
56706
106924
32454
19845
129652
90598
114961
42555
127431
40776
114225
64437
73964
124047
17015
82898
58637
33953
89041
22895
33476
25443
60399
37506
133819
2041
86531
105751
73594
49677
47347
134203
27745
45622
72435
142233
69361
76598
65890
69073
135204
73912
140708
115907
13399
78010
128113
127064
12615
8912
24144
33008
68730
37795
7190
63773
66495
146422
136376
117665
74418
63916
52500
142424
114305
88103
121588
35790
149042
57043
46258
36595
40290
117112
82717
97390
25758
132281
80077
93123
28214
80419
49594
147961
90075
86848
72926
15615
75723
60612
25764
85044
80068
73966
125979
135265
137446
70296
23074
29051
41262
13386
18235
11511
77883
53818
127748
7475
20394
41682
21476
54385
103217
8294
52485
100496
111970
8005
141941
51435
34893
71736
63707
101020
26218
50164
54724
5887
98504
20878
126098
143388
58348
26540
113536
65909
120918
85526
54530
66184
51303
147183
131092
38042
64536
20020
4744
26417
103880
148442
592
11715
46647
131563
98590
47209
138402
89238
9840
115452
86124
128794
77226
23559
29088
3420
99194
114467
57046
75686
31715
78751
35209
88350
72279
64448
60362
8953
8901
9225
27450
9934
128751
92679
72374
52059
97679
99545
146114
32372
121181
129930
132928
47126
117301
56068
124770
85497
21909
51702
128717
1555
108846
76405
79727
113959
47879
127905
55568
74983
84369
103904
145107
17999
39907
42281
32775
91449
105675
137997
115996
55978
99166
126706
16444
38913
9134
95218
117396
80747
80377
85789
50715
40510
759
144183
135636
27964
84493
68500
49127
34646
103764
55224
56022
70400
23834
23147
98000
113643
16696
127790
83405
148806
66053
149536
28510
27240
58128
111116
81753
45013
85301
99831
45420
84284
149119
61682
55791
35623
124000
145563
122894
135942
47693
84650
24782
30062
4044
85957
38594
9354
106752
25093
63515
120365
44682
132808
54783
32844
30170
14972
58432
26910
41323
86719
88079
110478
11130
54941
95878
3403
143999
88963
43150
6968
127560
129106
71551
76103
96828
117100
26394
147529
25755
111079
80418
127432
76027
59734
134473
53717
86070
64165
18093
138061
145070
40945
68606
23909
11803
74412
51371
19096
15857
24970
149544
53279
33442
41211
59337
139012
98354
90601
82283
36880
107085
84664
142513
124063
58814
136493
113791
20977
114509
128746
90494
73785
47929
110137
121051
3572
13262
31166
145648
137455
147645
117162
120350
142318
80569
20218
2990
99479
94508
54990
34505
131396
93709
33317
135523
30359
60158
50376
80660
128046
113626
122381
57250
89001
37791
143432
121768
55094
69014
65588
138052
37106
59455
80416
95503
62356
22979
10521
1015
10072
13382
95810
111538
135837
72398
7833
140213
97696
109950
117057
43211
149922
114972
126675
68855
60246
77503
100401
145145
105107
23187
67111
21228
123632
110362
50917
61368
87997
147125
12119
50273
25290
131244
146417
103228
146175
4793
80192
13774
63614
36457
121139
34355
4485
87810
17047
67399
140394
72245
66353
85637
65595
90862
69225
87644
149728
15494
145484
101364
136813
67103
14240
83011
78361
98551
118778
63729
149196
84281
61703
84474
25575
103887
5936
79686
33811
44996
60959
8053
34100
89961
62978
115677
106271
130285
60302
87635
58109
112585
119391
59929
108525
130086
61964
147371
22341
82261
70152
37540
70830
118569
21247
26896
28352
89496
114311
134734
22313
128822
147652
5880
66210
144862
2664
77147
24582
38036
80571
80775
39232
51640
72870
132456
119643
120947
63574
106160
129406
135929
119226
9284
142350
66168
59579
114488
128906
122332
457
760
67173
28212
1031
85583
120896
49890
58418
69392
2731
6519
129479
86564
5430
86437
87161
34354
84514
129981
58992
62065
94122
132505
72934
56195
110235
147813
38154
76757
135241
9594
42330
22227
109982
118678
96964
103864
28900
56963
138204
23668
21358
76012
131328
145272
123936
73114
8511
108658
7734
40711
10555
74452
55203
78373
70989
91768
51425
130180
43009
67440
108605
84582
7558
43413
23531
148345
21087
78592
13517
98904
7130
41339
147303
29504
149627
98418
20384
488
33601
104254
20717
33009
15476
42490
76108
10553
144249
119171
50931
143099
34614
60045
111079
2043
63530
21335
82949
58454
88547
28840
118597
38019
53708
39985
66357
68948
59572
3157
63932
16344
68740
91804
121630
96326
119757
91698
105018
123327
91219
108218
19499
75537
119303
70538
6440
54252
29781
130284
38102
52069
22309
34899
30680
36675
102334
48502
8271
88516
94020
74954
146318
113583
100819
19886
93736
76384
143652
74731
143342
34276
69275
116584
10200
6701
11048
122674
126973
31036
83473
126865
48170
135363
145052
45645
86876
131047
66330
35301
84118
56816
5807
83569
141806
39617
60619
121438
12036
105052
107499
125181
112352
149670
115554
17169
100523
32655
60929
85154
99060
94679
81103
10617
86581
79876
101155
45603
71127
124701
34156
15760
54274
126957
16464
136636
91793
4495
34388
60260
132033
139805
147427
84572
126882
66503
56804
50868
110660
119555
10773
95979
105196
88372
77029
92147
29371
78655
124008
111362
97618
52718
96273
93151
45925
103033
132066
33479
72925
106796
116238
137560
43956
46488
34648
24134
128075
3206
81388
139688
130514
32015
148583
117372
68943
83506
84345
73498
100106
111752
14905
114419
139424
53535
134790
99979
149138
49966
80302
89560
108812
82343
101366
84841
31950
63299
148152
7289
49028
144465
144029
94534
85572
69377
39381
17437
93128
3344
33129
124355
125848
105239
34732
139797
31530
73179
14191
100105
18026
31181
61515
21343
120181
81155
110143
148887
1859
26992
75041
78226
13341
23995
102201
122978
98156
43985
4041
128536
142141
95034
92540
79788
90241
57474
92440
65767
129333
3705
54810
115232
105346
137861
52897
119286
12210
141203
45737
19998
139803
13665
89649
16333
120055
56687
117418
1582
56188
98042
9396
89531
88964
29572
99894
71361
71184
46365
11986
112743
78065
17618
877
21838
146273
126200
75139
4185
16310
55061
115637
99944
59839
31301
69866
20247
85605
43077
35665
55797
52878
130661
92181
115208
71043
147599
132404
5766
101726
147579
58864
45440
119832
160
60828
58813
91134
47783
88302
141617
86535
129862
119138
86951
64156
42923
28179
59530
98200
36376
122905
12882
93413
27349
84741
122151
86551
139481
65680
25182
47413
118720
33211
117628
51018
33857
75755
61639
103022
123911
115212
50940
128490
143010
89803
126685
127104
137968
106264
141659
56228
105848
91222
2957
67332
37936
104830
3758
26746
63115
90389
128682
92681
69364
67819
57248
96738
99775
95328
46825
21363
22210
102402
36611
11190
130109
47687
44631
71276
109965
38699
40495
12600
9924
130408
96615
30735
116513
139449
48065
127480
95715
85377
140988
41641
93755
88662
40361
117385
126756
69820
85449
107331
17322
75576
43947
1216
107914
40854
118281
62951
69206
46700
30500
3132
149648
48447
13477
91125
1881
27700
106263
83193
62558
23481
32553
39190
47510
91839
6336
39132
85951
18964
55246
52571
64734
99105
144694
50509
118982
112316
133768
141092
63488
100942
119656
2163
148297
121628
84330
126392
37979
145388
93945
148968
71522
129470
84579
64184
28611
99659
30000
74350
44517
53186
52240
137618
95703
85386
136210
88280
30528
78533
7307
35397
130156
75282
64891
21508
75451
46744
91220
53658
131744
108910
44409
120496
105938
109499
83103
11917
26689
80858
13039
24107
50246
8355
98690
116246
46410
136204
82135
78512
26164
92445
31763
34593
64044
62988
41193
129026
56438
137433
22886
66277
119379
69878
130791
33311
135497
8015
108180
34787
5691
113174
27165
33703
7056
64218
145681
37156
121134
43521
41738
30080
1605
119751
1540
104868
137430
83542
54966
142400
137224
43543
135269
53516
135960
58258
141640
122610
29629
38177
20803
114734
97108
126404
58382
97873
118611
130336
42350
85753
47620
68353
129611
32170
114319
149118
20033
67563
106530
114372
4992
105732
140330
538
63256
114380
92923
130457
54206
85970
98893
99952
111712
1444
108826
81834
111798
138549
118342
28436
137442
128680
103120
28080
123504
96467
86501
123788
125080
76543
81881
75433
92604
115575
41041
21307
48910
28715
23729
5974
90582
70419
118612
40231
138150
104025
66127
120850
100100
33551
43275
48066
37889
114795
69914
48498
83125
42923
57751
90744
32914
140634
83945
31784
15117
108938
106004
128743
93604
147635
122210
135270
89515
7577
94205
116592
55309
92146
114828
41886
35842
17312
10918
4504
74831
137415
20919
25741
114366
16595
15045
105660
24178
53254
115455
77468
132539
14027
103689
59597
132199
9634
73694
127126
57350
134447
102689
134811
102850
128638
91082
15810
139730
1329
18106
21115
17760
57998
53373
87989
131395
38783
83716
60153
90190
34139
33538
127904
56397
43535
23473
49319
110033
79905
140582
5340
141439
24511
36892
118641
55705
37941
29576
7059
39279
23186
115785
46618
135145
70755
34576
102463
80476
109707
45200
116298
45098
136794
132720
7679
17159
30534
13168
37900
114136
46847
6976
43789
95490
68902
69290
49294
7434
102399
50537
21765
148319
66716
117994
106634
149783
77306
126127
56902
51762
132969
141300
104166
119624
63363
93201
57661
10583
36467
23674
31997
139684
73981
19111
146161
86203
143776
124967
8326
94108
27782
44256
75322
63714
25874
72508
45422
130116
17595
92546
6986
147796
63247
40307
8016
25308
14936
32837
61418
83493
55709
134478
27120
53914
27373
128281
50994
99129
17306
78930
138820
118725
43250
116940
147078
106253
53506
104286
133760
2056
108087
54813
91834
91450
75511
59881
85712
88501
69200
62362
43554
118211
20624
78953
134469
40877
149983
77111
67379
86799
46638
9049
56280
37173
143024
120334
127043
3829
71669
82882
76365
13747
40095
75353
132438
126943
48451
3659
11341
10483
47328
89122
60840
123409
26243
111142
133959
64995
52442
69414
71788
119674
81888
108136
128594
10267
75268
77402
67708
130677
137629
148586
146487
124214
101178
54407
87534
106032
95476
145371
115501
72817
14443
122446
42512
73552
73031
148006
112616
91778
149974
128881
138004
135423
3060
119608
44830
68773
102111
42826
21122
88291
54112
75107
123600
137146
128788
118750
54917
13057
37671
28483
68527
14215
89192
34835
78838
89772
36506
48049
130828
108872
20145
132980
124158
65456
67395
3360
86462
19165
101630
75138
18457
14112
46059
107947
21210
108903
118458
129527
14015
64012
76761
76767
138203
76419
119190
72978
132148
111306
96887
117360
103547
130753
23843
44165
17691
69676
10513
95721
98783
131669
145985
13128
147727
65156
59952
133961
42139
29660
2954
85581
102944
53171
128508
96554
44883
48308
71332
393
22621
54212
121100
19556
7066
109184
119162
55035
73249
41748
73679
66965
147595
24972
52127
3408
119435
124900
75151
98038
115307
48157
111142
107517
9384
11919
100014
129619
148020
117271
66514
68921
147621
93434
32837
3626
80108
16506
20296
114794
78836
72192
58299
8121
9149
59816
40249
106904
59079
146761
135258
96560
104960
54377
52064
10833
33897
100508
106739
58843
58127
77054
79270
22035
99334
143896
69009
113777
130112
147761
39620
101036
35241
64401
156
122059
96243
44161
56155
10598
48654
148409
136027
129651
69207
81806
14452
148350
9814
117823
95079
48546
118825
45290
108428
98704
122842
46832
79405
94291
12478
131977
2239
51368
37817
23742
125402
144987
11692
51679
57143
135343
46812
107940
64731
89749
59115
59190
72353
117681
54002
140307
74316
13776
129519
16494
40982
141363
128871
117551
149114
59909
30567
113897
96083
18195
68199
142288
79469
92400
111075
131355
63184
106149
141443
90659
64312
41505
63284
111842
43728
78209
62524
36598
84961
12368
82986
49917
57281
126984
18323
102953
137500
6003
11427
138020
34095
98769
77079
117969
27180
43627
74215
32636
100956
2202
96686
59153
145542
115387
138692
92615
124016
147637
60912
28477
53778
4266
111596
29455
110032
33615
130137
60933
62054
67922
56707
98120
142848
30725
56165
137044
89516
4369
67669
47137
140241
30069
106237
6377
1439
42285
111187
43475
111070
138347
58186
73676
65769
115327
118522
70290
83146
133335
39824
101941
96152
114887
101427
25641
141341
295
35765
127765
91772
56884
133442
123715
141020
140704
117331
46181
142920
47164
31565
19436
13087
77524
127955
118954
3289
50682
84267
59864
4574
40363
64233
13288
78555
58406
138089
46304
110895
107513
12418
105723
69109
112130
125155
14058
75199
15950
95707
43128
61928
50783
5310
120469
83885
142841
135346
117382
138722
93362
64126
77903
113639
2582
5997
112991
132390
28514
84357
78072
71193
96503
110917
127298
52598
77119
24709
66721
21613
75384
18215
10961
88025
86365
82425
30049
142048
5261
114426
67074
62163
43875
109043
58498
137045
102493
119533
20172
145261
15342
57797
143155
131385
30476
97976
14445
141494
145023
4563
118602
149711
102580
4106
68788
42624
75266
13052
63474
99951
52441
139891
83904
82400
50907
79970
130597
86451
139103
48582
89232
35713
89678
19005
86436
44054
109778
105810
93633
119457
143246
79748
8675
93701
35023
68944
99678
103705
96070
88604
39555
116541
142908
68623
8545
36194
96602
130384
72621
140235
81864
146171
134899
60864
91991
139415
99110
39910
7295
56230
43767
6476
89127
13124
141331
126721
83704
68318
57910
42880
103287
75226
121148
119558
69251
106786
104848
62430
119547
146734
68025
55851
70035
141336
3989
105524
108882
123779
138165
136522
25629
147117
77126
121550
142822
62229
13714
124242
5678
48849
13623
80030
110156
15043
18015
31031
100450
36153
90683
2065
6113
86661
130768
131664
138864
127091
59758
23693
38088
134451
40521
43313
53665
17147
64108
18099
46413
86531
91964
115362
90622
137411
82825
137630
147196
147266
104679
69044
105643
85261
53738
36769
51818
77561
117093
57509
125157
11062
45600
116486
139305
91262
116589
146872
141358
8522
133125
101921
95417
11295
47662
26419
4374
50072
20286
59604
27920
97945
81426
112018
79881
19142
6353
24719
1058
65300
1052
141317
13916
99320
17580
42423
102594
112034
96328
63540
44811
65785
55659
121314
17103
72753
110761
14413
99773
109169
22162
45151
96408
6119
50294
22211
543
22123
141290
87880
17871
9798
67638
41682
60398
121813
75888
3596
59826
135115
75265
87479
5616
15801
54028
50608
11215
120232
4767
11829
106132
39120
69500
79813
142601
8879
72139
31683
138736
104584
129237
122837
61569
58552
42424
70099
74220
70820
38529
91367
72482
59532
40061
139865
70632
148228
67899
98539
129281
76733
35786
70261
138987
123605
103528
100201
97464
3754
98007
102362
75930
91221
27061
11371
92054
105966
81935
129025
73203
68449
38566
132034
94998
37716
95441
50361
54126
46321
127612
89896
53233
61988
132435
6456
23057
406
103230
118321
143519
127468
141875
124239
40750
70811
40200
6112
87618
1008
64994
47121
67103
71283
125910
71242
44363
90319
104911
18491
46032
133737
98182
139240
83388
82099
16564
12169
27944
20068
29526
73150
120785
32772
3390
46245
22961
71193
120808
31281
24645
90137
6622
140500
16498
14964
21875
141192
133310
122444
24003
18522
43962
70595
43325
27769
77534
96357
23863
47572
80305
46044
87711
99101
93053
36456
84985
49134
99898
111179
34070
61828
119408
69
102129
139718
53521
5832
39953
99630
12274
57535
118188
28520
145214
100634
125577
59007
33867
98147
139877
129232
12032
26723
8680
90961
112280
114975
86985
23343
9401
100891
43325
88960
18099
148893
145843
91318
76506
41236
12864
57326
3498
111665
68470
27481
37002
20957
139044
138216
74286
74744
87994
104220
48941
74474
99619
144856
86019
69186
5267
35585
146966
79160
93034
97805
90227
31126
38051
145879
78461
9192
132266
91004
96795
50877
121665
3883
70557
114563
83049
117615
73544
30599
62202
37164
39746
100353
41097
101102
52197
113740
66536
58720
94130
44799
38793
62758
49512
102056
108930
133140
53480
124028
8578
46698
14458
65505
104063
91216
65639
85703
57697
99035
114246
83162
100592
6954
100692
3708
47108
145518
48891
73941
116918
91295
113891
62569
20216
3327
43119
49718
37641
47192
149695
72715
33451
101756
134149
3951
80819
109231
148372
83073
58155
137021
83833
146875
28857
73548
10702
18652
32321
41282
126337
139245
109554
119891
50348
73629
88737
56909
80328
67967
76960
48643
61549
24911
147829
108432
22079
123806
75796
109620
75226
141369
62355
59098
70811
133738
137100
140006
117664
54386
51944
141579
80598
48540
117427
91495
54372
8837
131425
3379
85245
83975
90938
104208
121019
67046
108877
10806
128927
76127
97229
32261
116330
19577
140882
92761
67121
114863
41520
103384
127445
149054
56801
108641
91281
12005
48679
22115
125320
72271
55742
10074
72543
74217
10771
114861
93937
22999
146108
105114
20040
69969
14104
20868
13071
127885
148674
87766
46560
79456
122362
143179
136535
146019
111933
140994
147207
136852
135469
58942
129035
121465
103377
123497
146163
108523
106100
58512
31570
72516
105941
112622
24373
149385
66343
13569
30845
17678
141492
126101
79645
43037
50479
25462
149686
113577
119745
3037
123742
96151
138686
85699
78133
148584
78754
34610
10565
65364
81348
46844
12738
7934
11566
72944
31352
105819
24810
90867
82897
31195
46035
23229
108772
68557
115883
22408
27860
4181
21190
49748
137050
59236
53872
140625
88667
9020
70294
113621
57470
125188
140303
43726
118820
121728
126089
67453
83220
54630
44179
47044
11970
106198
93240
47757
31392
73844
74534
55332
75742
141863
10560
213
3258
105258
13585
112517
99642
21939
143738
61279
33821
85143
108888
90838
68059
96629
99245
40516
75949
73946
76322
110181
130197
1887
10876
74187
13967
4511
48283
16902
105716
58634
21892
121526
4931
78335
76422
56361
17972
71899
76557
3034
42516
4090
55704
74236
74923
81102
103899
70748
142853
15295
46719
35119
53150
120040
24035
3208
81424
120085
70543
48258
100067
6274
79454
12147
35931
78093
6248
97384
9198
3365
95600
63946
59133
126355
147407
122812
38602
44406
22332
2631
46056
143390
24668
121426
48201
129750
18799
105690
87179
96833
149480
62911
22999
112837
101636
120854
142762
77613
14228
45138
121821
25809
57841
39122
53413
86682
50143
2128
57517
146995
144822
109266
32657
40654
28014
30357
1003
137777
123882
64636
20854
145260
87147
54440
147329
15108
46091
99731
63221
69394
33305
55407
31993
99790
123910
31283
3736
24907
97655
85921
51430
88211
86667
29031
15490
2828
53103
36942
87914
74405
15549
91242
23673
85733
78125
138701
37865
102629
140215
118914
36020
133815
86562
43109
100935
95744
20039
23409
119203
10839
88524
107168
36784
33696
51271
144478
129675
30412
88211
85118
130215
43286
92946
3380
40749
124688
147030
12230
74705
148495
137451
97881
55180
98608
67640
68477
12688
31853
63569
77201
18020
117497
67983
41497
101904
94565
118973
42909
31513
37943
312
95011
72574
89726
32318
74158
106744
13615
107726
143543
103508
63161
125164
84324
46672
83309
11682
106425
39365
88339
2470
126310
98471
66823
103926
136484
103588
135663
20966
10218
18488
118046
81939
90803
50436
139276
14352
108329
96821
78115
75432
21109
131005
99506
9113
62600
99091
79716
92501
100591
114117
31291
122301
66333
125873
87570
114293
30362
140135
62295
96780
142744
110030
147017
131957
70997
91290
139081
50585
77665
138173
7609
123998
73516
115376
126477
3097
120969
119775
90427
110510
91688
43952
139722
26506
106892
42578
54969
128047
154
100656
86157
101352
139282
76063
34534
140056
117314
93563
108018
71700
87415
100572
134335
136942
130706
66438
78876
118459
141241
11763
78443
109856
28721
34055
19715
108553
139912
62164
124706
87790
91876
128228
21588
108534
138326
64934
19137
140092
39044
29673
41913
30527
119418
47827
105940
100996
8758
48287
31805
7458
144678
101228
58921
137682
3332
18643
116335
26510
51158
38318
16383
28249
110073
50937
4407
143279
112747
5354
116144
14757
14332
1327
146659
108408
49057
26608
125557
53269
141506
134520
130331
47838
7687
132892
75109
89882
141027
600
90645
79720
115408
20959
30594
129907
21869
144519
99367
114905
86266
112734
71257
73639
44725
113623
34439
78422
3137
51623
124505
118334
131019
136540
41020
88775
17208
40909
137381
74336
103387
119659
85388
75774
124565
95242
14182
136697
81178
129659
87220
68061
73286
107150
85696
138840
67523
10348
109378
32577
139597
25389
70918
128178
142449
73573
107092
138189
146732
93641
53870
8288
52233
118582
59875
146516
17033
37214
81914
72796
75180
20021
13943
80584
100481
40840
70466
35385
4828
50816
39651
42752
81956
34047
137741
18403
16329
147479
117579
147699
49964
137242
46083
28330
98689
65802
77180
100641
127178
69454
119811
106102
116837
15275
114707
127328
20642
101446
38751
123517
47101
55335
76713
54496
110666
106990
126541
147705
120023
51575
93678
75280
41864
73434
85413
28515
125312
2112
87191
43476
86812
92518
41120
100464
87905
76060
140440
125006
36163
11952
90088
28766
59454
11895
52588
44642
90880
66903
65070
41680
8412
114170
60526
138393
43771
121915
113450
52155
66110
3595
20061
108082
49695
19508
132393
51024
106048
147107
39371
8989
62428
125817
22375
54561
26572
21007
148386
53743
139376
32667
7704
39423
92982
131678
27496
143897
116619
112169
109947
19690
87759
60979
73431
101673
82462
64758
125738
55219
69369
19287
82965
52192
28142
77837
20013
7263
129259
144831
132152
51866
112647
70919
142942
102977
89800
8208
94197
79936
32855
66040
19772
147140
55240
62657
43686
19636
73217
106122
61788
36857
52058
70626
2318
48372
37971
22593
4800
148872
146541
92836
91029
51386
125790
126442
63643
11479
75073
119001
47608
32958
83466
57555
124577
140356
58537
46068
119981
129815
134095
133509
109487
142587
147880
31938
136001
900
17641
53071
140644
130392
141143
46053
68746
76105
18213
105750
105812
68823
51731
4779
139406
43254
14664
4059
137530
4583
118986
114139
126899
39820
27866
75738
68985
56223
112117
106378
10
84340
97415
66602
11702
54752
145871
81338
96576
107558
57577
71306
81725
107282
20666
126391
130696
122399
65235
50025
9093
45695
102809
31881
85713
122134
100178
20227
13757
125351
66212
86083
82017
64133
136592
12658
31083
138598
99100
132807
59602
89931
74447
7228
118000
46565
49210
38417
82376
101677
63689
86743
36110
116037
27875
69929
113914
100722
82354
32353
140147
1165
29581
140676
486
69113
12843
41765
126674
3818
28127
101939
59386
58175
148565
32188
15729
64048
76807
123217
62204
145759
123125
92137
149836
50426
71093
74872
41556
139180
71486
47688
135755
121064
74814
116501
125681
41520
147483
17445
77721
114644
107551
118351
132469
101694
141831
95870
108328
99468
116705
43529
3683
8229
40329
20279
82232
130358
55014
26791
38490
63931
71974
13019
14258
47992
73006
127954
91707
26615
67003
6937
95351
129429
84901
119986
82959
20056
29252
70922
77040
64751
90187
68490
58614
118202
59014
5489
66790
128345
146963
119382
48930
50160
30546
82599
10423
28055
28659
28817
74255
118639
56717
24939
62330
9764
34251
90393
29789
26291
52577
33912
106493
143090
116100
16332
77169
16864
12420
137374
128310
58704
46903
39235
92611
55306
49078
81326
147236
59861
73397
17982
99590
131655
90194
56140
78283
148110
138826
137214
80997
54118
19044
148628
2211
129822
149489
126049
4524
26322
105165
60705
76450
42658
68528
10852
69395
71405
94511
79311
82431
123815
51612
118754
76393
97389
13532
46458
29989
116164
136633
90142
82937
68722
5708
29560
18411
134452
116321
35403
141064
71535
112709
29502
93253
149225
97880
74425
118200
21760
28394
12388
19574
109574
146655
70
45579
133414
123674
143666
7801
19532
74066
77886
53434
94984
130104
146602
42811
113942
135386
66897
39084
10600
6273
61968
64593
65731
30434
63860
71017
97821
145691
77885
65844
141897
4343
109944
2308
53300
98065
125888
60823
52961
110913
32561
60286
78643
5098
127825
968
97224
87175
96049
96653
9591
142126
113475
76167
68595
112944
28236
30924
1640
38351
99477
45548
70418
25258
46704
27761
108826
94037
110947
81622
5721
124933
147943
141385
25244
56773
68754
116472
74070
35684
145317
88741
62284
36144
38960
103409
122297
119275
81849
87016
101783
10145
78426
99295
147057
95782
80151
92910
109953
75235
72084
16187
93612
101451
95526
62658
13197
23663
38629
55123
53723
116535
35260
69700
126677
33870
112733
93535
133183
4852
75363
58436
63933
124501
42403
65944
144530
11430
60078
8227
55408
57792
117340
126770
40396
32175
2715
22140
89148
110199
113178
15371
8791
30161
85151
30215
54225
65644
87901
131923
127239
37397
56118
125744
148087
101349
111603
128749
142643
97131
29848
115563
140170
26645
49936
90959
67809
46220
125480
99670
132234
74606
134095
65159
99268
62469
66635
24439
18231
46011
92794
67626
63922
43357
7591
25351
36441
64970
71418
79197
109924
56481
56330
62513
17633
24332
56382
77248
13264
21720
91423
19869
97781
24816
59420
29585
76540
147895
114219
127326
120281
105665
140608
73944
99012
48915
16053
45444
101854
72959
134541
53608
5643
123471
128815
98817
124949
13026
40272
117719
26582
72496
61321
95714
47570
18974
74954
38665
120542
117281
52673
36285
94530
130419
108933
115220
148059
117900
147378
111326
76625
72736
66600
59908
9190
106114
149938
58318
79824
52625
112337
116688
68278
1298
114088
93561
14244
37243
13459
33567
129045
102595
107750
82515
11137
27533
141152
121529
91328
111953
44181
98266
99255
53505
60795
94753
14910
41309
138072
24585
139117
95149
59363
43318
123401
118601
89724
70192
122243
13272
120598
66039
32074
103059
90013
137207
103452
64539
83630
86062
30860
67426
57566
132124
10283
113245
55873
95118
136532
114743
69135
104508
63420
98371
145497
5626
2159
133851
34514
109855
18579
108748
9568
78194
37617
47883
17852
55740
121644
117706
43422
67360
44664
24994
70082
83930
75169
8278
92119
122469
36142
142737
19281
55749
95390
30235
92414
104389
14831
85302
107428
51756
91341
104404
145565
26949
113038
113464
144216
53875
134298
71643
137535
141147
118764
13062
24533
108310
86385
67424
86132
57432
16008
141460
121324
26993
126660
21089
10511
116057
142817
14903
42291
127140
45374
57426
143180
20632
45475
114121
107029
55681
55438
92817
50741
88155
36889
37591
145013
32996
123803
61966
19354
64751
48844
69799
30168
58453
78456
96786
81875
40491
120507
82456
75168
32847
53370
111139
126270
114082
143763
25177
65992
128792
4752
94910
89349
52888
127504
58400
139194
111133
130793
67319
19541
105960
80085
64819
127121
103777
35184
141183
4281
88
116533
76278
37639
8606
4102
103978
20688
57188
90426
22991
144724
43257
83740
140986
36421
129173
31486
89631
117059
13113
54615
134444
146108
52683
126921
50318
45940
138922
65571
130035
89269
68175
61442
129085
121494
84745
91999
71893
108892
98708
14347
107300
50398
96419
12937
134464
114041
146078
79210
25710
12553
101072
104012
147467
104104
43571
93097
90483
54181
67753
73975
82697
64621
143880
134953
65973
149555
78272
36100
12367
132420
85149
26631
24088
98620
119134
119560
116294
11840
110716
68798
43439
141144
108284
46615
75873
121493
11609
129946
3046
467
97604
145714
66437
60256
2889
89865
102458
108316
129734
37496
66551
55585
69991
125574
113533
104487
110552
93956
129828
104982
139091
105907
83281
89640
129256
113077
65584
149956
117395
95335
58582
25548
67894
1937
92369
13171
123532
70220
41173
118700
100851
13945
87958
114297
39079
18645
59303
119071
133191
17614
31849
5375
33380
125991
13637
44094
72676
123991
137005
27056
115465
7188
74063
59246
36074
28884
107588
93552
529
60425
110790
113988
45255
22306
96591
59808
119472
90393
140244
122799
81521
95599
37254
84568
46668
98027
110475
60078
42698
81180
98282
87357
107986
53380
43635
66755
82244
7204
96665
146069
33826
58117
21497
71892
52712
115181
24846
108508
54721
140690
94202
75466
29645
146918
12122
14448
70980
11780
32456
100911
1831
94619
21404
52013
123661
59364
74596
34361
128255
48547
124740
96903
146649
135223
14209
118572
124629
8914
130794
75276
62006
78009
34191
13984
116157
3839
39405
86939
74778
35486
12609
145593
36737
21368
128129
12745
110994
50841
90054
57684
24869
55281
75670
55181
9698
7534
66381
98693
1289
71824
66628
52613
121109
111097
94207
91504
110519
47228
143503
100782
76414
88093
136771
56641
12762
88439
127719
435
9513
127136
51186
149661
101653
104366
74106
98755
123939
77974
140880
35836
80764
78844
105735
33682
2864
109162
88866
24934
111253
6161
29955
5984
80776
25433
96296
117772
94842
33039
65776
19302
129740
121736
89928
17139
89568
140396
122463
120445
31527
109894
3204
13122
4636
138735
128911
25945
123594
18225
93994
131843
49193
37276
6578
108582
53732
118783
115354
5728
35221
59731
79935
117751
50406
58225
12783
4532
125700
147203
68520
38034
137196
105224
109938
16884
33352
85063
50627
112862
83152
99993
69930
44887
14033
83296
116578
45222
32879
47795
80180
103874
27874
14424
82177
52694
50682
43663
141711
51881
12063
136833
53316
110401
7545
14361
126825
54278
3080
144547
96853
125166
66035
52011
27351
133305
39919
102885
144988
81179
99071
39347
47321
145900
23749
14107
112722
71259
24323
130972
51669
112405
142065
63200
120135
33890
92794
63672
21985
109362
108946
124578
33402
28119
103128
15119
97207
121711
50798
96645
41703
7393
115392
70227
50580
143730
39561
45792
15936
61197
69724
14639
50211
9789
9164
107582
40907
105858
123036
63255
124193
97370
24896
67573
62480
19905
58114
80857
8006
91266
3874
35588
90071
2300
131001
99018
4747
142610
119199
144336
143321
78310
3085
133004
127518
86065
15891
31023
43668
65876
11155
125449
76042
16093
20099
79046
131527
130896
144043
117457
113085
51201
44753
35783
26461
52077
50225
123485
34700
39338
88706
27895
26669
141001
117558
129250
80711
104761
132382
18434
9818
21330
1346
35390
100337
10703
125175
127361
113727
134450
46675
101037
43620
38336
54954
72579
40852
75335
108774
103245
85847
95000
7684
64470
16408
13648
120127
49021
102907
124582
78161
143250
37270
71864
33310
121747
104835
14619
22626
68718
128313
112876
44443
90686
55476
88857
63589
86400
140604
77308
41238
16645
63976
106716
19928
65497
27966
144400
19904
140360
72019
55351
86922
111441
123761
12408
143299
121827
5368
82588
55940
113696
93781
97909
1984
88011
27699
20177
68936
65195
19415
70891
9374
36305
34773
27716
40678
26425
103585
76199
114028
20820
71752
85786
71835
147857
45674
71206
34609
74566
148096
17109
68851
120497
142425
4033
30675
73324
560
18828
44404
41760
148907
17455
73499
34828
13226
133345
79939
54263
144132
74725
11745
131045
93477
134341
99583
72146
88951
54626
148731
118507
40424
92205
119401
95546
20048
129528
21549
51043
143632
20168
111867
122478
93523
13333
75418
93924
105909
66684
105834
1669
92900
60958
99412
121817
5218
44007
101696
107061
59631
147144
131986
51772
64877
47999
55879
148456
52355
104029
19977
94928
20632
27729
142901
144727
98383
12434
111834
58599
133256
122104
7618
90830
128630
132283
134462
148308
54987
115881
24138
79106
23181
15430
56559
13261
132064
31459
89684
31803
104448
113155
13507
52858
140902
90255
8267
4050
98776
104246
136743
10602
9433
138525
89439
52538
18981
72568
26406
52187
30040
133213
51401
107890
80838
141765
131200
116675
142111
88134
102711
120815
133501
101035
52468
38686
109267
56414
108890
22425
80542
106331
149328
62730
62471
14958
12138
8209
75508
125987
103362
43369
100814
42866
124845
86156
79544
71162
52079
129435
86521
10938
61005
118219
18277
38658
65688
46961
64026
79297
141164
53721
7395
51769
141829
96846
34598
58977
20557
22182
108151
76389
115026
110936
130349
135579
4073
103092
90282
51729
3836
94507
44740
11077
23025
143458
101991
27831
107720
97684
90803
33002
68288
60478
23070
94706
4130
26493
124953
8311
69269
128271
17398
57605
50811
111574
95609
17552
69827
84019
70892
37660
4757
91827
138116
106137
135921
9496
15580
29394
121944
32054
8364
33794
85655
83416
5808
71163
61104
131765
10116
49154
135628
48881
26987
92340
98104
9799
1218
25088
69962
78925
50397
101852
68640
52917
121388
14669
63358
119598
60227
26236
146194
46100
52626
72389
106309
63323
33543
24893
81940
41595
140738
74118
54824
38500
81694
98791
22362
80220
25492
45099
51180
76855
15444
66656
78874
83288
92228
139458
24766
76478
14781
49168
124652
1155
54356
108389
141221
32037
109715
94050
98604
32878
9003
149543
19450
92738
40112
98417
102345
132628
113263
85431
118735
5302
111608
62340
77462
94131
20141
120204
108038
124259
146413
97736
70721
23520
16309
98676
109346
815
56402
70508
27518
55025
126555
33097
141386
23968
6067
60046
115302
11527
119520
110072
72875
141470
98720
69289
99054
66513
532
52162
137599
32337
114107
81360
55818
88834
34515
35214
33644
69158
115058
143397
39909
133564
41610
24313
27358
147530
18607
118130
7276
77358
127545
38293
131296
10268
68227
98624
52074
145197
112228
70765
89981
399
106440
66786
51576
87253
28636
18034
133290
80563
19158
97453
3392
108803
116496
115880
96635
135030
99801
146557
14373
93059
74885
9078
114988
54594
98334
49872
80953
14383
105169
92285
52367
18673
111927
116701
1350
104094
85745
82587
82831
2045
46639
22940
131804
25010
65959
91323
43746
28229
18892
74326
122717
102738
114332
34569
60329
90704
128860
40136
70519
136392
67575
31963
44911
98773
42380
43455
30518
89998
118280
31996
148398
30834
136776
49937
17269
44732
137448
146279
97033
119749
23609
145815
54644
101782
7468
13819
122783
133137
139010
100571
85695
87132
93442
79786
47633
17488
86277
8192
31229
17123
139360
63547
82958
142711
146
37939
12618
426
85570
131275
142945
68295
33557
9484
11349
74246
81958
66439
16773
37687
11747
122860
27359
24312
77089
69318
92930
132575
8057
124309
4774
45905
34161
121593
36232
149921
117243
67488
30322
48360
50122
13969
106298
142087
14138
122185
90345
71439
53720
8229
142873
48794
134921
133105
127214
130623
22043
77477
116374
70798
91468
19205
279
38682
95195
50655
1027
17117
134879
134293
64901
81117
536
3604
124466
30342
2072
95444
104667
42942
12080
54086
105323
38630
134177
123993
116009
82954
65244
104714
18770
122345
50088
24311
62021
46897
90866
120787
6504
62353
28710
38310
57179
120400
80231
15201
12228
89311
143635
124482
93095
114791
38578
139530
55057
144146
58488
80264
24746
45373
3008
137538
7152
108814
129854
125731
89429
19798
71206
73672
76270
88381
114527
34654
35366
108361
59496
122016
116672
31021
86090
86218
130571
19424
133309
49419
92996
32082
10421
41844
54518
96961
120899
10987
140097
108006
86050
18675
137966
92670
115888
106331
112046
59343
75332
12064
69696
100472
53484
20152
129418
92789
84031
136235
12017
37661
5770
63377
78507
73015
31365
136821
89374
41459
61934
100355
98225
144521
44001
45114
103206
62835
43297
47976
98241
5796
827
108628
90518
104249
62499
131629
138947
57332
42756
106932
20556
126544
136268
104410
42353
25169
127445
127561
44455
24747
97325
104822
111147
19670
90482
134151
127869
14620
27384
108194
42689
28894
113953
81877
79298
36744
8545
20085
55340
128102
63106
33627
82086
130598
93800
94773
101955
148898
51795
62494
187
70460
129679
32048
34995
143371
91207
118963
20680
46002
2178
45271
140102
65368
113704
109422
143384
6075
4080
74737
83842
123663
105015
71395
82411
50454
19970
133556
117048
124934
129786
74112
130667
121447
103984
30677
120210
148031
31355
85853
130941
65415
75192
133298
49058
57890
38720
136474
90790
131934
31269
79650
93772
134622
38935
11608
83805
104897
138235
21699
117253
24723
51585
124898
24932
108650
71465
107503
114881
85919
63909
38235
65173
107485
20121
62881
13437
18378
144185
24574
33111
66883
61502
77064
107578
113124
91068
77722
61663
114188
74997
39989
146000
71592
73959
3920
4701
100042
132599
143790
36222
18700
136472
86841
129086
126690
91832
144692
88733
72210
80044
32538
58759
147064
19455
9508
3298
3425
120176
114476
87189
147666
26843
7883
32417
100339
9102
96623
114137
105289
37088
132911
57526
101081
59936
144981
140614
2018
20697
95443
111700
95687
100779
16097
146563
79088
35766
92237
36715
65627
102078
26804
92017
113993
41781
134317
102310
104220
86263
115032
26032
114634
109670
13982
63224
13449
61536
147701
48150
139738
47686
120667
110040
95178
84322
13685
8027
16845
28697
21880
121316
145604
83849
95558
50555
32413
100730
110641
51876
115335
54510
111561
87245
78513
70213
10801
3497
133213
99872
34642
73566
24797
63564
95964
119328
146678
65684
89594
75307
70945
131628
133036
4479
149647
113952
7436
34180
143362
121177
112045
28512
90007
128102
114997
104067
16975
131712
108553
100724
101102
126258
90937
81905
108928
114173
62369
9468
46588
33419
49133
109570
57345
148249
93206
69460
134399
126457
15696
133001
68006
25920
2257
988
121036
110932
134287
54699
144151
61420
9032
125301
26842
21147
8785
71479
130737
49027
115583
123220
14165
56592
101512
63902
35611
80952
122319
65191
120972
35253
76914
63430
130565
19491
136437
115974
13361
116895
38175
43278
81008
52473
82270
94142
41417
136351
115469
106626
97737
74767
47941
57943
76107
102614
42376
116413
45528
87558
34431
23630
61268
118344
47379
128264
64432
9081
34782
128723
97582
50501
87986
98764
147568
71822
7876
51459
27785
23659
16967
72143
55294
77668
127709
78777
70964
113068
9071
86701
73793
94311
94238
85959
125537
56090
60397
59499
44202
23713
32516
62664
28448
45207
66777
8947
33175
14957
73604
50066
81492
26956
61484
17447
123767
141794
85291
67249
74145
114598
82057
144401
84077
28982
15175
3182
29142
112101
88760
61137
74122
97073
97785
77403
142080
76799
58917
71452
57573
93933
143638
103937
50256
22514
24169
71144
57519
15298
136739
27278
21147
17689
115316
82089
114594
7587
72707
42240
42083
129202
62749
82770
98466
25330
98751
92042
67229
129963
89766
74537
63346
48837
30944
61903
90060
78280
97636
9948
129145
18955
110339
50464
78350
24022
138878
144200
127222
18697
112718
122141
86819
142993
42656
81531
131008
143797
67396
133076
142095
53205
5581
113468
107889
118799
117431
135924
13201
31864
83780
32200
84391
130968
5313
100400
1484
57338
6247
40925
94460
143981
62833
118765
33357
22519
46779
19173
112975
115577
101114
112876
148057
43187
36398
117337
76418
9828
33455
94280
118140
82626
32578
142639
144247
48357
44670
49173
104881
2962
84117
101241
95991
19173
28892
58227
17839
93586
129767
58048
604
97139
121779
82359
29062
84968
121919
107342
88899
90398
90657
92219
113050
49516
64714
120638
98859
111777
103444
63701
127089
132130
68238
5604
113997
57506
22979
38814
122178
74023
45945
44420
42797
46021
65646
136082
30120
74146
76325
65358
149371
77258
19488
120968
80375
38879
99354
65142
135173
7368
36406
62905
35837
36569
553
52225
67045
20750
5990
121808
107226
80178
69716
29752
89394
37185
76622
5175
4677
114106
20693
96411
145948
126319
53224
32433
105065
71693
121948
60274
18163
134055
83887
44546
97124
47079
143081
8952
103766
53932
113712
75390
98768
35699
86689
4692
18891
109300
34311
26223
58311
81620
59095
70448
21891
88932
132843
67062
128142
105472
36133
104703
98096
90559
11264
72143
125556
104378
136112
23449
96293
4307
15807
19962
64499
141605
120081
60367
33519
119750
70954
148068
38810
12382
49431
114715
110158
131728
46888
59509
53301
50782
107405
20826
135082
108771
147617
47144
108744
130616
6294
109255
5270
78557
75749
106799
44000
74495
122626
78649
21429
94457
148278
119159
123180
112566
117844
51189
149035
92475
139926
126133
10058
143104
103397
51674
7016
843
17846
78501
112655
146138
37633
133620
62694
102137
105152
125238
87557
108066
79912
31084
63921
110499
33603
67414
89579
53422
48343
41110
103118
18468
139946
29984
114517
102585
29510
102735
64947
122771
93668
149665
87325
68379
103275
11038
107349
6869
38773
11338
28005
129704
107227
24228
106930
79913
35219
148099
69909
11703
133221
7431
16268
3638
2825
85200
63504
48509
124959
28416
109305
33910
121161
78909
42412
137299
123985
57076
91549
52311
93093
104778
136153
9629
88629
44513
62387
15765
101234
3295
34103
127083
80497
59365
144197
68111
15250
12286
25633
78486
1338
83564
15758
24867
89879
136521
136105
83042
135815
143478
134062
14884
39836
94820
48288
136831
88250
106915
122504
54913
27032
136740
53829
93400
33425
128051
131818
52892
132247
101587
58443
10798
21722
11939
95694
54426
132486
5960
111945
37188
38302
118439
98412
125110
134776
73605
82007
69526
76162
113430
70962
87871
142689
17905
75622
14685
138142
85773
123278
139739
39807
68127
87806
79925
43820
12555
53028
118938
8019
64750
87791
10684
34776
73149
63538
3924
82674
146519
16794
103328
3481
148722
3150
28790
136563
115855
39584
89207
130464
149262
113930
68474
12414
128728
17299
65106
85917
38853
87083
51138
119683
79676
40859
20641
14086
57700
104946
120017
138573
39270
55089
78156
16596
140058
136783
84682
75644
101451
31787
32474
65775
25975
49250
40936
53426
18538
104423
66066
143370
27353
79779
98784
87629
127267
129539
17066
51157
46808
48574
81679
16006
100308
96760
96138
142882
86004
116974
83565
136951
126380
131239
107266
98943
72753
111675
56786
115693
51576
126506
72905
3211
35736
92015
76528
6242
121086
22757
57348
126964
120243
60547
65804
125882
147918
106633
116387
79581
1432
52413
117685
71759
136730
148615
108178
143220
50621
17000
130298
59991
92424
64004
9780
14787
87835
43071
144423
58702
127795
121230
112551
102924
141780
91403
16101
109339
47666
69250
20382
133519
27162
42677
71457
11888
126942
75722
52974
30578
14724
63900
11508
80090
140540
134044
87886
62975
57802
25960
112378
127409
37474
23685
33609
64054
34190
60851
40989
11860
6819
64066
114799
79019
34672
69020
43149
18097
111279
96298
51361
133870
56065
107215
19691
123080
93794
13389
54614
62715
80130
136565
70745
35026
82235
9499
140343
24195
127822
9281
100711
79871
135799
79903
53547
15175
113820
132265
1556
104523
51169
2412
144006
3582
18473
92305
22268
63904
63770
136245
55866
9878
32484
132686
102737
132035
139851
70678
22069
117868
16988
85408
24509
91488
91739
103438
37679
130501
113785
91758
67084
35966
47815
31198
97605
41888
149621
96658
104758
23140
13472
135214
10360
146424
6571
136986
82765
46276
71421
8952
58475
7745
126308
33645
66220
17651
25090
113923
20742
71701
22859
116787
109213
117352
45666
56588
20360
85252
137726
102589
15442
136959
95924
80346
122077
41090
129295
29243
79027
128454
19203
115808
109632
118576
28245
13823
1230
35751
106781
127247
24051
109222
19496
19472
5143
50982
57578
43959
26184
137876
92078
43889
16584
26812
95428
136837
89377
137483
89034
51650
58504
143384
117317
53718
28073
108642
82200
106779
21356
96931
82597
101873
140462
129285
125983
93001
53851
128852
68255
59735
127689
106959
60391
34367
67804
110378
103108
65740
130716
55018
123583
42662
131801
19272
1262
40713
140313
90618
136390
21655
247
135133
33802
82833
93507
45825
29307
22287
14980
125218
58102
119993
116022
25967
66038
145998
119002
62873
123861
149553
64959
57571
117466
81768
35410
21466
13312
63695
37501
35813
63999
43046
23105
125465
5445
102004
122309
12893
81979
31269
91399
77474
32867
39257
80753
33674
106702
7483
9319
79181
114059
140926
48220
106935
11475
142083
64092
122855
34768
87061
22964
63150
126991
83390
118634
12185
19666
41103
44789
32024
120011
110769
107011
130382
105359
42639
34961
65162
12275
129523
5923
135632
66984
131340
145231
13146
131667
112825
1757
3848
144750
105057
114414
26665
50470
36246
139359
83231
52349
75538
113422
20294
71831
36920
9674
114618
82513
30293
85327
33331
28501
140903
18994
137008
70141
47609
80830
121628
114009
88688
70769
67758
38160
44318
122715
66298
103829
94216
27131
134870
89130
26181
50807
55690
75282
45158
2476
16424
103041
102467
68075
106876
139667
39336
26280
87645
4370
130060
86395
102633
135260
137606
2762
110399
5237
5695
18009
78157
143649
9575
85616
148376
94714
48005
85470
93074
31282
62858
89942
926
79652
46198
61642
62128
118828
110653
110677
74957
86898
92421
140507
101418
69311
11556
19657
95562
74650
6011
124814
101351
89820
40560
95179
51733
114313
67306
75758
54019
38144
30961
143232
14609
75547
115079
83242
67020
27256
116876
21724
116491
125695
131189
31759
68537
33822
90030
11859
69565
30054
135452
101878
113076
100903
7413
139511
97032
24267
34193
34091
18944
79057
52206
31484
65947
12030
122181
119103
57690
5758
142865
13250
132970
810
81657
48510
111859
6794
77591
145589
1850
147595
82476
99049
145378
60599
36939
126275
145636
88985
68544
86497
21048
3105
8736
11196
46515
5955
134784
66817
89520
122658
35135
24904
95969
125125
131873
142174
10611
91650
92371
13485
62299
143103
82531
29257
69541
111061
46987
53078
117603
96463
20090
127496
137623
20482
104130
63325
84475
81434
7833
50571
131794
50083
130020
25131
10990
40905
140000
7544
73555
144632
88044
81592
108956
37675
148277
44911
94094
139641
148476
139271
41392
132244
52596
37065
144790
106626
6427
124702
130550
36204
70799
73125
117812
26519
143660
125383
81715
132937
103412
38118
47793
12772
149498
50228
42798
13971
94198
117949
143488
88126
35595
87508
23598
54655
122864
7777
117211
9580
148975
147463
100010
61493
112959
91972
11168
68834
33824
76562
81047
86571
73623
65811
46522
78904
71041
122500
16021
35893
87979
104842
16749
21258
3543
145132
1562
145578
50273
91055
147806
15314
113963
33856
2835
14634
11928
47560
41032
118482
115084
86822
145253
25908
71860
31276
36900
52524
30288
58999
1826
136012
48163
31741
121303
140965
64546
60686
147909
16857
123736
100203
36488
29275
25835
25619
6554
114588
129309
105510
47734
66664
22300
14144
48906
136074
44845
8978
148109
22647
43803
39212
21855
38239
10156
116951
76944
136412
111066
43958
26198
121050
52584
75524
80400
112529
26151
7627
1414
114247
129125
118659
73642
75149
74568
147213
20769
100112
61661
115443
60370
130456
3214
95473
93882
88125
114905
70475
99304
30867
89926
141753
2485
139754
54171
50588
28846
99734
133489
64240
82422
120084
102922
59267
3146
16207
1717
35844
103536
74468
81019
140128
149775
68721
9885
48466
101158
117185
40911
111037
49569
82437
37342
14631
11174
70485
50505
33691
42867
52313
128649
54951
91862
27741
34807
16140
95887
23116
18862
113547
105986
12167
73841
35884
133747
110729
44930
27863
7134
38989
22801
33542
110697
104807
21800
34737
51146
84738
53350
138439
146783
22929
118326
43734
34651
39337
40707
57636
82214
83922
85893
85649
47635
32085
15363
59394
35178
71015
69494
88731
125857
128835
82758
3671
43744
11740
38737
77117
113911
108088
18619
61715
123793
21011
144802
130096
27412
124994
94870
141812
9744
112785
132534
7909
75625
119025
93466
112861
84831
144739
17363
64602
83729
28675
145233
106366
140247
138594
50995
27460
38864
15398
98006
42303
28990
38399
43117
15839
19568
78297
96256
103859
128137
39421
113499
45204
101711
90160
83883
2699
88946
68911
24630
50250
143335
80039
29090
136015
100298
120682
18496
105729
79008
79944
90246
140590
132257
110412
45740
126103
56956
68887
97709
1681
120759
72573
124278
30366
118891
13224
67228
70727
106330
20454
54472
73078
105869
47519
1845
53240
104465
24800
78253
24052
68143
18582
18971
21883
42574
140422
140689
88197
141133
23859
87708
122772
78688
48880
54618
57672
126363
142760
52938
19197
42779
75809
56152
24693
76777
28404
18085
144866
75220
30782
35589
84301
54255
112119
125914
85526
95425
37447
118366
132889
148706
103385
46480
7675
108416
100834
31504
70848
1805
137298
89689
51722
103083
44324
124339
115723
131614
145490
8513
105147
141426
33759
34640
145044
65574
64647
36927
54887
28649
46950
102070
97143
7838
139339
98121
91235
63216
83715
87487
73063
88543
25269
109386
132479
122731
77232
54806
104718
133162
832
145187
111959
46254
51
79942
93391
64876
79687
76897
25640
135904
83357
100258
32656
149796
46208
51376
12163
148845
41538
13893
50125
38806
71067
130935
92968
67890
123254
135979
25644
14111
112469
16870
83605
35468
148322
51740
62234
47611
25734
142171
5783
71948
121377
123419
64
51174
1093
122781
121841
21184
85558
88076
148974
76808
77331
118026
57422
120415
34902
136399
30413
143288
46110
29917
16353
128175
92508
6153
64474
105021
65365
53761
108286
57237
104253
82960
43232
126654
83699
108382
118135
46421
130465
135122
99003
109376
106158
142767
125832
105358
132714
15827
58426
120525
39273
87198
60824
139559
70727
11045
76842
74670
36025
129835
80137
68919
115999
56598
81207
95568
124511
39327
61090
146654
124434
41688
99336
148338
120623
24089
140989
128891
115200
90890
114663
30966
15505
128364
147790
32287
76096
28047
29310
36731
108404
128388
119492
142794
3730
145927
105538
45121
132443
117517
145997
15416
72834
114067
146685
62687
89820
128496
6620
94404
90828
91429
132822
81524
71265
113449
84099
90161
111795
114420
6016
26628
95863
77281
84079
61025
110377
66667
15607
132699
8850
78687
129571
19594
144250
42091
65493
82154
3552
124021
69841
46004
48132
3577
14301
108586
63114
90797
94897
142325
105469
29450
78884
36604
117391
130931
117356
99842
85279
98903
3609
136051
118091
135685
1397
146139
7694
148794
134352
13232
57019
3901
41740
149459
41639
42892
30041
67364
3798
41615
55885
85263
46805
65517
140042
30738
25675
133058
138489
20660
55816
102402
99610
17816
121474
78600
37144
101479
139067
82725
14344
92943
142691
88518
129307
143912
32283
86506
80604
92013
93602
26332
65172
54842
54079
61464
53116
59299
89353
144218
32679
124723
65184
63187
89862
94278
16321
68001
140894
111410
18920
132845
133028
93856
87521
42029
43882
134922
149704
64861
91268
84904
11432
126032
51886
26970
28367
25515
39670
118109
145015
125499
2232
71469
23419
142250
66632
86357
146555
56331
141761
11953
628
88870
101638
142317
20224
130523
49172
43323
76138
39871
121060
138502
86431
34720
66322
62719
22903
143344
27001
111960
36758
25147
65341
66740
78230
8126
62780
45364
54702
38225
83350
2360
70178
13349
16810
39689
39413
24980
114643
126111
81519
71445
88920
136042
55898
135986
140429
114639
111699
116092
80867
83263
119079
6761
114621
1089
2630
130807
109379
120497
128685
53531
108723
205
98399
78760
74609
112978
145124
77997
19014
136738
83708
21770
76556
51107
10705
45558
100585
102049
37394
9260
105898
88751
14218
91976
133674
64337
30246
58617
96019
103233
50769
139678
5246
79547
134843
6695
51217
45368
18679
61475
109407
114551
56237
47056
38842
97975
114185
15987
48361
6144
55670
109279
12978
50799
20207
67109
142566
85070
68106
61067
25564
63078
86279
18310
1560
102336
40235
124631
141771
37154
134633
21696
55037
105748
87490
109848
115340
138815
10274
119263
72623
100128
29885
46635
102019
64973
5975
27751
121120
50006
111536
119449
89074
7015
127801
142244
17856
86623
113117
55303
126804
123730
13442
53860
100365
115256
98637
147934
57029
98103
76997
91521
143018
10985
86297
98146
4666
146033
71287
81208
94628
116434
97278
125845
25686
134289
138693
18217
28527
114789
15654
9726
145054
144683
109665
33263
35830
51943
96783
131909
105386
52310
3963
138704
31485
52730
31170
29001
75389
137079
32630
100177
107769
36188
146357
12302
64538
51991
132668
72375
121910
138933
29656
63516
122992
122410
38137
127443
27194
60346
40568
38158
9977
68210
137315
44650
74927
13831
25215
140185
1946
33664
79538
85281
81542
30775
91056
19898
82367
122090
69156
118940
105447
144992
11806
129351
87310
59727
83674
74855
13085
84904
135397
37381
29730
90131
83979
33351
94512
87987
76032
118858
74745
146451
24053
22365
68473
78063
6580
44815
111681
91093
141432
33552
142592
22417
60698
74790
2685
93645
110205
71298
16281
82405
19438
20738
87242
70692
87347
68794
79713
12127
141089
125123
120037
56492
119658
3256
113162
144003
142611
44160
73687
50837
139480
123589
139092
17689
121413
85646
28284
148169
1721
21763
63719
8986
36078
1088
103896
30758
97006
46867
113861
147889
109693
43207
109786
45203
92977
56105
135774
55454
23205
69166
29979
48416
81416
132352
111316
120996
58600
25352
148335
88357
91611
143314
47049
69118
105407
42858
111474
33972
19606
61088
82238
51430
124438
90651
94532
111362
53032
146198
12262
137743
72229
49235
5933
47310
119861
15541
102934
38994
114063
147672
352
135532
115165
35508
48965
143794
145056
121722
60139
81406
137791
89415
70262
135294
98988
69940
26577
28851
126167
49428
6811
111129
33927
1869
100990
16052
109417
56296
64070
7232
70480
35480
9206
100342
58749
109776
15734
90438
118554
91299
56175
44292
70127
130887
70776
18965
77426
132753
87639
42522
72476
67904
20372
66749
18013
121758
1117
49290
124476
109507
79341
48566
4551
41776
108572
137138
32907
108267
16489
31868
8616
23338
66767
21685
73009
110523
93368
57196
26002
37402
77019
80782
46735
8877
73526
88462
141725
42164
52973
72652
82392
9495
37313
59015
9159
28651
13768
90881
40838
143564
124503
108327
10823
118060
25196
106844
6060
145320
5364
113026
132590
41106
140836
22631
51382
43461
37057
146565
68218
117302
72059
55750
40932
72730
40220
16641
103320
97968
135302
1542
82611
69464
36642
110563
115010
21540
38933
63206
10125
130367
112651
112084
85824
115360
11080
1582
51137
130135
67932
107339
65672
117790
34939
116093
113347
32051
18431
15037
14189
77877
123371
95832
146547
30058
59867
5651
134270
145225
26467
24982
117007
65929
66023
51753
78023
36198
62350
3296
1371
9022
16734
108811
143134
45752
104894
78479
147997
14489
1191
20962
16744
70818
99700
57472
65500
121159
38573
47875
40912
108527
33338
52810
135577
47219
60232
69575
58772
74316
69043
65545
93662
34574
136629
121598
67198
37887
40836
85809
8116
100874
38234
72975
72983
28727
50731
32554
111756
94954
16436
140542
38982
109750
141994
91250
148181
30090
46342
76255
104004
114293
81657
83793
92058
51330
48885
24827
42427
16645
9406
131213
1629
67625
89171
138262
751
108053
123755
75798
31686
139147
81850
112345
16519
1613
137768
22592
108199
35784
14380
127074
143251
118756
43337
6106
93090
13918
86153
106083
18727
129885
29298
38204
19762
44918
124643
110930
22636
116458
80129
55202
77168
138589
62796
109542
22805
57582
133713
49254
6055
80720
55551
102670
65667
63635
100906
136687
120551
148349
53836
140943
45637
117148
18625
128974
32486
37514
72275
37180
127218
72665
24833
125687
121065
36717
146504
7162
141526
95360
127693
111057
43699
43670
133660
59118
70043
67836
89913
138360
30943
113812
83672
104401
79539
61256
74518
1722
136699
10189
59147
29078
133608
30401
122012
129701
50203
116937
113775
44239
149652
123
138808
11193
55852
87541
48295
53063
131997
147673
115590
99650
61817
139818
58817
111236
92280
20963
37080
48022
15210
9900
5372
44831
80153
78027
67802
74603
3769
32755
130361
132296
92349
113287
10840
114077
43658
143326
106212
21477
231
139572
10451
24398
106669
82068
131299
91019
141497
74544
76707
133131
74732
62739
140087
96378
30126
98203
116143
20595
12927
129116
34691
50189
128809
11127
17383
33176
9886
22989
76578
126976
86980
129229
109435
57819
22581
34233
106717
51501
59201
83924
75734
32514
148489
8721
72567
139526
10246
37942
134776
146505
131482
49767
41115
83450
50732
49378
141470
28432
121244
97417
23475
27520
11409
72738
63885
13426
134730
41510
17226
114083
119314
117277
32869
149113
50851
7531
104392
5917
149534
147836
2258
84609
144652
14075
62975
62126
78641
124312
56344
66529
83912
108479
18047
75238
3629
48105
82865
1407
72063
100135
121119
52542
17410
143931
124139
97558
124340
129962
137545
11444
33887
147216
22550
37773
39531
6645
49383
78635
59021
110699
14495
4570
96286
119973
76817
21336
89392
133507
78824
61746
107013
145883
59802
137610
19529
110718
45414
76592
48750
141734
108618
135787
41328
95727
71798
145126
62283
31769
92935
102860
125191
126375
38073
29211
77000
130241
27619
101357
83952
125632
147385
86442
32462
41673
92453
120497
91285
106976
40753
24475
133342
109318
138715
64258
86872
126263
130960
109776
90770
64479
114208
66978
22598
114500
132875
10507
13617
72147
136918
109903
120582
116515
82082
4221
112778
19462
124333
8407
68895
99633
47746
106754
46018
16396
110576
131359
144893
60299
61162
13130
59465
131546
146056
149583
22995
131185
76892
54653
61437
17100
42110
19808
43159
15534
19290
102260
72101
33448
120139
149997
107521
134279
45201
33865
106028
18786
67030
113024
103852
72356
137121
104504
132571
80294
78251
114422
52155
118717
85155
88678
87152
147744
12804
53422
144756
5320
79059
127017
33914
131548
85991
101882
11563
103250
20132
128935
134873
100000
31759
89876
89582
147135
140349
76236
62205
43869
97542
90417
93696
136572
20028
122420
146375
40133
10370
91579
108089
90900
126631
4246
64649
12283
7449
89908
96691
95946
92537
88898
101003
104000
71426
127435
2358
144710
109451
124092
85571
56493
119655
89822
107661
124012
75343
68380
147561
143532
144294
44856
109374
130542
148453
48455
149985
81114
43779
61044
2900
147189
90151
125185
144656
31556
107515
56735
59675
98306
144247
75879
50024
1494
125607
88607
60396
40142
124495
102315
74089
14796
73845
26635
129610
5380
323
67104
6699
116582
75565
122061
9614
33911
87045
6079
74201
56311
82093
70025
79153
106688
104699
101926
115730
90163
17093
26764
91952
39069
107384
57703
127728
94009
26383
37550
96683
125096
33482
51458
116040
87005
101565
33407
30191
126343
128632
136469
65649
126771
15380
47281
138412
41175
93072
53725
13761
21254
107773
34102
116193
126600
129595
23772
4513
2157
135680
111062
117280
28676
136423
3415
72906
124196
40387
66938
6715
31670
131071
14750
58218
106249
121425
16856
46922
16971
118738
58266
112455
119073
3151
85911
105835
92765
27786
68455
313
112161
52505
4900
15603
56268
70242
71705
51308
44434
145663
85385
35696
86026
73002
36828
30179
22176
23501
64429
58721
121238
140444
85653
64865
133261
97825
13372
43604
143743
106019
61577
6359
101692
3223
110523
9234
9603
11323
120845
132925
100709
130026
143525
58593
93121
4959
95404
18395
22738
84889
28456
100180
82222
26784
20934
68195
82757
69359
115850
1300
98336
79687
57146
32551
143306
5746
144171
53953
26792
56172
97969
60338
142800
14350
14790
71414
36493
96671
45567
5393
98508
31766
85164
58314
86483
3508
117233
20186
97290
112830
139277
139824
60116
67465
64057
57431
112716
36181
42
86241
52209
59354
83157
144357
143142
109827
107790
32797
82100
49443
50521
139643
48573
17721
868
43804
108709
43846
6484
107242
30673
148707
93113
63851
59017
144231
44346
127591
37252
28368
113311
68258
97753
74949
49217
132402
118047
102071
75578
38324
124270
9391
11598
148951
92742
95362
117927
44397
21968
9699
37753
84573
3773
49132
91061
141984
38479
92947
96660
118794
92941
5713
78795
148493
11693
6718
84702
129749
109201
59284
7234
32924
129306
56634
96187
89444
68606
138368
88907
3936
77341
109119
41076
5644
84954
7176
124452
31661
76158
148164
103196
31800
26299
120984
114803
45375
14500
72028
111906
52289
8270
31832
71153
80175
131408
99282
107164
98665
18862
57376
135075
82713
127169
123654
8946
60118
89327
23071
79058
97544
18490
139053
90264
95955
120723
17337
26337
70319
87266
4038
78052
48567
20992
148051
136533
136314
113448
35694
101345
124393
45790
92071
149171
64197
1793
132895
30137
48747
24149
103573
140546
54915
2446
51654
123340
138317
115391
42554
40623
105107
40397
13515
123314
147538
15412
46002
17102
26472
61995
132646
45249
86791
61351
103089
37104
46899
31985
33994
74394
140794
88201
109879
22707
86920
140627
147713
126611
36750
55831
52316
16543
100629
81085
64646
73752
48921
17769
38382
98398
130683
103636
73765
35925
82263
24637
71519
46692
87424
127991
125124
32902
70013
109432
87474
87910
89116
23898
140137
78025
91491
117945
87247
127907
141647
90946
24
89521
77461
66145
45604
35832
1199
17225
75391
15595
41637
147311
68803
49598
58871
89247
86937
96398
98848
91150
3816
28872
24345
3369
121696
67583
16633
77109
34873
114814
19560
132567
121819
104594
9343
5131
93421
106662
118991
97282
103016
41461
146692
55146
39465
82908
122400
4607
35386
124287
107990
28145
120789
138042
61417
107689
145381
24045
75930
39247
104968
24944
98367
125829
14357
95729
22052
75703
126628
55759
82730
136814
115390
35584
56432
32078
71673
119592
108697
106756
51691
125994
116719
128021
10884
132997
139972
134795
113856
24430
4412
116191
148533
12721
72355
84328
81821
139700
65996
128205
133838
42575
64597
27591
127953
145948
21240
129303
123981
51564
146608
120888
38296
144858
7829
146543
123295
65766
70532
77863
132051
40508
45005
96108
113768
132941
116156
69474
124881
69211
128690
13798
29363
91234
57789
145737
142716
124262
98724
106582
144195
106715
131421
135959
46372
46640
43018
101660
96808
90780
97540
74232
90920
26325
68861
86513
87059
64412
83201
115937
53540
39356
13265
9478
146192
129924
136841
5306
100455
52124
30667
97374
72816
139647
1372
82970
131200
8955
83728
119375
93941
128093
22503
74388
100399
91976
148508
92356
132611
118722
105127
38138
120776
68356
148143
33689
78779
83300
35359
57013
21049
30935
92461
93307
19101
74280
137773
2341
139980
117608
96809
86493
19576
122871
145048
133337
141352
99661
12401
34994
62787
75910
35407
93217
108625
6959
81127
105365
5076
121457
78596
16756
126678
50515
120500
111276
92189
41087
71588
41897
143007
730
30999
98705
97492
15720
78044
50862
121721
46183
94299
35222
99538
54758
103726
6523
65700
5521
22913
66159
21324
68006
80655
13878
83866
108237
53033
6920
4808
33979
35791
94651
110329
115527
147815
29088
55620
94713
63648
112942
1474
57089
136429
69073
147984
59924
13215
101057
63919
122069
92163
83318
99126
55129
65114
64680
118995
134902
125145
6538
107752
77174
44050
59625
136756
52480
19124
77427
86815
43638
38358
74895
30803
47440
98673
120426
9130
22900
135411
146797
140549
85343
1860
128949
131808
44467
55391
19308
133056
32935
52999
12577
4417
146751
123899
125801
6595
60316
70327
98357
93472
39147
67642
84761
17051
133288
101174
106951
138927
120161
126893
63133
50547
45564
122050
64322
50366
36373
130980
112602
27161
20905
63739
27963
100007
107995
15825
9961
99559
12951
58301
59829
93979
112461
83794
47327
125420
78554
47672
135873
13439
69854
145245
50184
42344
144113
87067
147625
25028
38649
103344
28475
93603
94657
32363
87500
55903
85641
148316
97948
29821
12960
74382
145338
33190
29760
132614
129858
118413
128743
53598
82358
16624
113047
81767
25553
86963
125043
65979
146336
42220
142373
121738
132964
89041
76775
86126
110828
65163
132815
75223
27948
115791
130245
1692
130920
138386
52326
144689
28400
7515
105569
58403
119509
77154
49357
34599
35343
80614
19069
147859
28481
95749
29080
82345
149828
10639
113273
31057
91736
9681
59683
17642
103748
105737
1390
51667
134863
49002
126940
145196
147533
48959
22133
13237
48786
71768
85243
23726
113661
124607
141996
45638
15530
6226
138253
63508
78397
136654
45430
90607
74411
44034
83344
3242
120697
79308
32174
143331
99388
53214
24394
137625
118032
31129
123988
64172
116684
88274
5093
139720
74741
136932
68236
115477
81812
6678
65983
106727
15892
107996
107954
69683
54095
102559
30833
94201
82257
123470
74867
119117
59830
99293
51353
70416
61160
88708
107462
77428
115363
69574
25892
138030
42079
132597
11767
62832
33064
67164
129708
37187
94650
111315
12609
77795
20821
101949
79608
70927
82262
85843
107576
23723
16470
69730
134238
27872
17755
28669
112481
21664
145625
94832
41025
144024
107961
79965
121181
122557
145285
60124
125999
83280
44482
3559
137505
114626
51238
66216
110793
2559
94886
99949
144629
62145
60316
109733
40052
108912
48862
28286
111909
15542
122975
65232
122641
67392
133316
32127
60147
7246
94834
131788
105480
35198
60209
139825
41381
111120
65872
117674
129625
98496
67372
98517
39503
146733
89270
87930
139647
58099
42257
9075
91170
123228
109510
82864
50923
83537
100552
131753
93975
71737
25391
72043
138895
104402
72898
2398
98754
115361
99420
15005
41222
5861
115481
128443
85916
87021
122215
61184
58333
121733
42082
52223
68940
42013
65915
119317
58396
81707
30923
57861
102967
66977
131543
53526
9898
58187
4887
99787
90111
105403
96771
2316
120698
8992
33942
129454
148137
54676
9150
58000
5347
25753
3598
41338
91149
147834
58843
101022
116917
18520
64281
129970
52056
48421
105446
133676
89586
76350
93884
45913
4758
71388
11954
83644
100295
126909
31971
43855
55328
16941
117133
41489
101635
33335
79312
39713
31533
129438
143633
123336
119334
64582
28
87957
89706
121339
31203
139843
13208
127946
24626
113697
61822
31367
141239
96418
16224
6046
5262
3879
122862
113154
48869
85161
76980
36249
2940
57878
120407
121152
16567
59936
8480
135382
45847
110234
142487
4244
64606
145278
20619
69919
113229
72312
110663
97193
69187
139431
34680
113406
50792
93625
11932
128939
105086
88364
35064
133684
63353
112203
83823
110157
40959
121010
92081
57278
83376
69165
15127
68015
90178
69327
98156
19575
24527
90412
57831
42728
137353
112215
140837
10730
81066
81011
105252
146915
81339
85269
40660
99342
83496
101670
70846
91765
35129
27599
20555
54839
132477
142875
114413
70878
145557
423
89048
105118
87902
30739
71889
97700
101045
133095
78431
58961
23762
58567
137933
91529
42225
117996
44113
50576
14649
18369
56924
80380
25754
13336
93208
143667
77583
114635
12540
58869
26248
69179
59550
75673
46429
144613
75807
52091
75329
89458
44684
133259
53097
29284
92454
81617
108943
8623
115992
143870
35612
48764
84057
29250
78955
103537
8272
63598
74277
119618
108365
64431
94014
63177
145198
49788
58493
62862
115758
144055
28531
101076
20754
47949
40892
23133
118827
59445
83981
120102
73378
83188
138835
146593
63298
3789
122529
60202
73100
6315
90685
87484
51090
144040
56833
8519
129735
82005
64863
37574
54729
130526
28536
57317
73240
142845
20120
26520
114631
25048
64906
112258
68431
66481
81796
121133
69066
139501
146206
35231
86522
146680
7349
56518
17029
98179
73529
114430
66820
62454
112880
47462
7038
124500
38201
108686
141087
104572
73368
97025
79582
128452
70624
41355
126109
127100
90456
103186
24242
93408
106261
40181
106677
8895
148759
71506
148412
110200
5442
6758
70274
106081
25459
9952
137400
21163
76100
141943
97638
132100
109199
136858
